Workbook

Sheet Start here
A1: Keyword Mapping Template
A2: Keyword → URL with intent, priority and cannibalisation flags · by Lazarina Stoy · MLforSEO
A4: What it does
A5: Maps every keyword (or cluster) to one existing or planned URL, labels its search intent, scores priority, and flags
A6: the problems that cause cannibalisation: a keyword mapped to two pages, a page with too many primary keywords, a page
A7: spanning several clusters, a keyword whose intent doesn't fit the page type, and a ranking URL that isn't the one you chose.
A8: It is the step between keyword clustering and content briefs.
A10: How to use it
A11: 1. Settings: replace the Navigational words with your brand and product names. Check the page types and the intent-fit grid.
A12: 2. Keyword Map: delete the sample rows (columns A-L only), then paste your clustered keywords: keyword, cluster, volume, KD.
A13: Optional: current ranking URL and position from Search Console or your rank tracker, and an intent label from a classifier.
A14: 3. For each keyword pick a Target URL, Page status, Page type and Keyword role (one Primary per URL, the rest Secondary).
... A29: Legend
A30: Dark header | B30: Input column: paste or type here.
A31: Purple header | B31: Calculated column: formulas, please don't type over them.
A32: Lavender band | B32: Readability banding and paste zones.
A33: Yellow cell | B33: A flag that needs a human look, or an editable setting.
A34: Soft red | B34: A stronger warning (for example cannibalisation or a prune decision).
A35: Good to know
A36: Works in Google Sheets and Excel: formulas are INDEX/MATCH, COUNTIFS, SUMIFS, SUMPRODUCT and IF. Room for 1,000 keywords
A37: (copy the last formula row down for more). Rule-based intent is a first pass, not ground truth. COUNTIFS ignores case.
A39: Credits
A40: Template by Lazarina Stoy · MLforSEO (mlforseo.com). Free to use and adapt; please keep this credit.
A41: Read: How to turn semantic keyword research into an actionable SEO workflow (MLforSEO)
A42: Course: Semantic ML-enabled Keyword Research (MLforSEO Academy)
A43: Free intent classifier (code): github.com/lazarinastoy/mlforseo-code/search-intent-regex-classifier

Sheet Keyword Map
A1: PASTE OR TYPE HERE (keyword research export + your mapping decisions) | M1: SAMPLE DATA rows 3-29 (synthetic site stride-example.com). Clear columns A-L and paste your own.
A2: Keyword | B2: Cluster | C2: Search volume | D2: Keyword difficulty | E2: Current ranking URL | F2: Current position | G2: Target URL | H2: Page status | I2: Page type | J2: Keyword role | K2: Intent (pasted, optional) | L2: Notes | M2: Keyword (clean) | N2: Rule-based intent | O2: Final intent | P2: Priority score | Q2: Other URLs for this keyword | R2: Cannibalisation | S2: Primary keywords on target URL | T2: Too many primaries on URL | U2: URL spans 2+ clusters | V2: Intent fit (page type) | W2: Intent mismatch | X2: Ranking URL is not the target | Y2: Flag count | Z2: Flags | AA2: URL index (helper) | AB2: Cluster index (helper)
A3: trail running shoes | B3: Trail shoes | C3: 9900 | D3: 54 | E3: https://www.stride-example.com/trail-running-shoes/ | F3: 14 | G3: https://www.stride-example.com/trail-running-shoes/ | H3: Existing | I3: Category / collection | J3: Primary | K3: Commercial | L3: Intent pasted from a SERP-based classifier | M3: =IF(A3="","",LOWER(TRIM(SUBSTITUTE(SUBSTITUTE(A3,"?",""),"*","")))) | N3: =IF(M3="","",IF(SUMPRODUCT(ISNUMBER(SEARCH(" "&Settings!$L$5:$L$124&" "," "&M3&" "))*(Settings!$K$5:$K$124="Navigational")*(Settings!$L$5:$L$124<>""))>0,"Navigational",IF(SUMPRODUCT(ISNUMBER(SEARCH(" "&Settings!$L$5:$L$124&" "," "&M3&" "))*(Settings!$K$5:$K$124="Transactional")*(Settings!$L$5:$L$124<>""))>0,"Transactional",IF(SUMPRODUCT(ISNUMBER(SEARCH(" "&Settings!$L$5:$L$124&" "," "&M3&" "))*(Settings!$K$5:$K$124="Commercial")*(Settings!$L$5:$L$124<>""))>0,"Commercial",IF(SUMPRODUCT(ISNUMBER(SEARCH(" "&Settings!$L$5:$L$124&" "," "&M3&" "))*(Settings!$K$5:$K$124="Informational")*(Settings!$L$5:$L$124<>""))>0,"Informational","Unclassified"))))) | O3: =IF(A3="","",IF(K3<>"",PROPER(K3),N3)) | P3: =IF(A3="","",ROUND(Settings!$B$5*MIN(1,LOG10(N(C3)+1)/LOG10(Settings!$B$7+1))+Settings!$B$6*(1-MIN(100,IF(D3="",50,N(D3)))/100)+IFERROR(INDEX(Settings!$B$10:$B$14,MATCH(O3,Settings!$A$10:$A$14,0)),0),0)) | Q3: =IF(OR(A3="",G3=""),"",COUNTIFS($M$3:$M$1002,M3,$G$3:$G$1002,"<>"&SUBSTITUTE(SUBSTITUTE(G3,"?","~?"),"*","~*"),$G$3:$G$1002,"?*")) | R3: =IF(Q3="","",IF(Q3>0,"Yes","No")) | S3: =IF(G3="","",COUNTIFS($G$3:$G$1002,SUBSTITUTE(SUBSTITUTE(G3,"?","~?"),"*","~*"),$J$3:$J$1002,"Primary")) | T3: =IF(S3="","",IF(S3>Settings!$B$4,"Yes","No")) | U3: =IF(OR(G3="",B3=""),"",IF(COUNTIFS($G$3:$G$1002,SUBSTITUTE(SUBSTITUTE(G3,"?","~?"),"*","~*"),$B$3:$B$1002,"<>"&SUBSTITUTE(SUBSTITUTE(B3,"?","~?"),"*","~*"),$B$3:$B$1002,"?*")>0,"Yes","No")) | V3: =IF(OR(G3="",I3="",O3="",O3="Unclassified"),"",IFERROR(INDEX(Settings!$E$5:$H$16,MATCH(I3,Settings!$D$5:$D$16,0),MATCH(O3,Settings!$E$4:$H$4,0)),"Check")) | W3: =IF(V3="","",IF(V3="No","Yes","No")) | X3: =IF(OR(E3="",G3=""),"",IF(LOWER(IF(RIGHT(TRIM(E3),1)="/",LEFT(TRIM(E3),LEN(TRIM(E3))-1),TRIM(E3)))<>LOWER(IF(RIGHT(TRIM(G3),1)="/",LEFT(TRIM(G3),LEN(TRIM(G3))-1),TRIM(G3))),"Yes","No")) | Y3: =IF(A3="","",(N(Q3)>0)+(T3="Yes")+(U3="Yes")+(W3="Yes")+(X3="Yes")) | Z3: =IF(A3="","",IF(G3="","Not mapped",IF(Y3=0,"OK",MID(IF(N(Q3)>0,"; Cannibalisation","")&IF(T3="Yes","; Too many primary keywords on URL","")&IF(U3="Yes","; URL spans 2+ clusters","")&IF(W3="Yes","; Intent mismatch","")&IF(X3="Yes","; Ranking URL is not the target",""),3,300)))) | AA3: =IF(G3="","",IF(COUNTIF($G$3:G3,SUBSTITUTE(SUBSTITUTE(G3,"?","~?"),"*","~*"))=1,MAX($AA$2:AA2)+1,"")) | AB3: =IF(B3="","",IF(COUNTIF($B$3:B3,SUBSTITUTE(SUBSTITUTE(B3,"?","~?"),"*","~*"))=1,MAX($AB$2:AB2)+1,""))
A4: best trail running shoes | B4: Trail shoes | C4: 4400 | D4: 61 | E4: https://www.stride-example.com/blog/best-trail-running-shoes/ | F4: 9 | G4: https://www.stride-example.com/blog/best-trail-running-shoes/ | H4: Existing | I4: Comparison / review | J4: Primary | M4: =IF(A4="","",LOWER(TRIM(SUBSTITUTE(SUBSTITUTE(A4,"?",""),"*","")))) | N4: =IF(M4="","",IF(SUMPRODUCT(ISNUMBER(SEARCH(" "&Settings!$L$5:$L$124&" "," "&M4&" "))*(Settings!$K$5:$K$124="Navigational")*(Settings!$L$5:$L$124<>""))>0,"Navigational",IF(SUMPRODUCT(ISNUMBER(SEARCH(" "&Settings!$L$5:$L$124&" "," "&M4&" "))*(Settings!$K$5:$K$124="Transactional")*(Settings!$L$5:$L$124<>""))>0,"Transactional",IF(SUMPRODUCT(ISNUMBER(SEARCH(" "&Settings!$L$5:$L$124&" "," "&M4&" "))*(Settings!$K$5:$K$124="Commercial")*(Settings!$L$5:$L$124<>""))>0,"Commercial",IF(SUMPRODUCT(ISNUMBER(SEARCH(" "&Settings!$L$5:$L$124&" "," "&M4&" "))*(Settings!$K$5:$K$124="Informational")*(Settings!$L$5:$L$124<>""))>0,"Informational","Unclassified"))))) | O4: =IF(A4="","",IF(K4<>"",PROPER(K4),N4)) | P4: =IF(A4="","",ROUND(Settings!$B$5*MIN(1,LOG10(N(C4)+1)/LOG10(Settings!$B$7+1))+Settings!$B$6*(1-MIN(100,IF(D4="",50,N(D4)))/100)+IFERROR(INDEX(Settings!$B$10:$B$14,MATCH(O4,Settings!$A$10:$A$14,0)),0),0)) | Q4: =IF(OR(A4="",G4=""),"",COUNTIFS($M$3:$M$1002,M4,$G$3:$G$1002,"<>"&SUBSTITUTE(SUBSTITUTE(G4,"?","~?"),"*","~*"),$G$3:$G$1002,"?*")) | R4: =IF(Q4="","",IF(Q4>0,"Yes","No")) | S4: =IF(G4="","",COUNTIFS($G$3:$G$1002,SUBSTITUTE(SUBSTITUTE(G4,"?","~?"),"*","~*"),$J$3:$J$1002,"Primary")) | T4: =IF(S4="","",IF(S4>Settings!$B$4,"Yes","No")) | U4: =IF(OR(G4="",B4=""),"",IF(COUNTIFS($G$3:$G$1002,SUBSTITUTE(SUBSTITUTE(G4,"?","~?"),"*","~*"),$B$3:$B$1002,"<>"&SUBSTITUTE(SUBSTITUTE(B4,"?","~?"),"*","~*"),$B$3:$B$1002,"?*")>0,"Yes","No")) | V4: =IF(OR(G4="",I4="",O4="",O4="Unclassified"),"",IFERROR(INDEX(Settings!$E$5:$H$16,MATCH(I4,Settings!$D$5:$D$16,0),MATCH(O4,Settings!$E$4:$H$4,0)),"Check")) | W4: =IF(V4="","",IF(V4="No","Yes","No")) | X4: =IF(OR(E4="",G4=""),"",IF(LOWER(IF(RIGHT(TRIM(E4),1)="/",LEFT(TRIM(E4),LEN(TRIM(E4))-1),TRIM(E4)))<>LOWER(IF(RIGHT(TRIM(G4),1)="/",LEFT(TRIM(G4),LEN(TRIM(G4))-1),TRIM(G4))),"Yes","No")) | Y4: =IF(A4="","",(N(Q4)>0)+(T4="Yes")+(U4="Yes")+(W4="Yes")+(X4="Yes")) | Z4: =IF(A4="","",IF(G4="","Not mapped",IF(Y4=0,"OK",MID(IF(N(Q4)>0,"; Cannibalisation","")&IF(T4="Yes","; Too many primary keywords on URL","")&IF(U4="Yes","; URL spans 2+ clusters","")&IF(W4="Yes","; Intent mismatch","")&IF(X4="Yes","; Ranking URL is not the target",""),3,300)))) | AA4: =IF(G4="","",IF(COUNTIF($G$3:G4,SUBSTITUTE(SUBSTITUTE(G4,"?","~?"),"*","~*"))=1,MAX($AA$2:AA3)+1,"")) | AB4: =IF(B4="","",IF(COUNTIF($B$3:B4,SUBSTITUTE(SUBSTITUTE(B4,"?","~?"),"*","~*"))=1,MAX($AB$2:AB3)+1,""))
A5: trail running shoes for beginners | B5: Trail shoes | C5: 590 | D5: 22 | E5: https://www.stride-example.com/blog/best-trail-running-shoes/ | F5: 18 | G5: https://www.stride-example.com/blog/trail-running-for-beginners/ | H5: Planned | I5: Blog post / guide | J5: Primary | L5: New guide planned | M5: =IF(A5="","",LOWER(TRIM(SUBSTITUTE(SUBSTITUTE(A5,"?",""),"*","")))) | N5: =IF(M5="","",IF(SUMPRODUCT(ISNUMBER(SEARCH(" "&Settings!$L$5:$L$124&" "," "&M5&" "))*(Settings!$K$5:$K$124="Navigational")*(Settings!$L$5:$L$124<>""))>0,"Navigational",IF(SUMPRODUCT(ISNUMBER(SEARCH(" "&Settings!$L$5:$L$124&" "," "&M5&" "))*(Settings!$K$5:$K$124="Transactional")*(Settings!$L$5:$L$124<>""))>0,"Transactional",IF(SUMPRODUCT(ISNUMBER(SEARCH(" "&Settings!$L$5:$L$124&" "," "&M5&" "))*(Settings!$K$5:$K$124="Commercial")*(Settings!$L$5:$L$124<>""))>0,"Commercial",IF(SUMPRODUCT(ISNUMBER(SEARCH(" "&Settings!$L$5:$L$124&" "," "&M5&" "))*(Settings!$K$5:$K$124="Informational")*(Settings!$L$5:$L$124<>""))>0,"Informational","Unclassified"))))) | O5: =IF(A5="","",IF(K5<>"",PROPER(K5),N5)) | P5: =IF(A5="","",ROUND(Settings!$B$5*MIN(1,LOG10(N(C5)+1)/LOG10(Settings!$B$7+1))+Settings!$B$6*(1-MIN(100,IF(D5="",50,N(D5)))/100)+IFERROR(INDEX(Settings!$B$10:$B$14,MATCH(O5,Settings!$A$10:$A$14,0)),0),0)) | Q5: =IF(OR(A5="",G5=""),"",COUNTIFS($M$3:$M$1002,M5,$G$3:$G$1002,"<>"&SUBSTITUTE(SUBSTITUTE(G5,"?","~?"),"*","~*"),$G$3:$G$1002,"?*")) | R5: =IF(Q5="","",IF(Q5>0,"Yes","No")) | S5: =IF(G5="","",COUNTIFS($G$3:$G$1002,SUBSTITUTE(SUBSTITUTE(G5,"?","~?"),"*","~*"),$J$3:$J$1002,"Primary")) | T5: =IF(S5="","",IF(S5>Settings!$B$4,"Yes","No")) | U5: =IF(OR(G5="",B5=""),"",IF(COUNTIFS($G$3:$G$1002,SUBSTITUTE(SUBSTITUTE(G5,"?","~?"),"*","~*"),$B$3:$B$1002,"<>"&SUBSTITUTE(SUBSTITUTE(B5,"?","~?"),"*","~*"),$B$3:$B$1002,"?*")>0,"Yes","No")) | V5: =IF(OR(G5="",I5="",O5="",O5="Unclassified"),"",IFERROR(INDEX(Settings!$E$5:$H$16,MATCH(I5,Settings!$D$5:$D$16,0),MATCH(O5,Settings!$E$4:$H$4,0)),"Check")) | W5: =IF(V5="","",IF(V5="No","Yes","No")) | X5: =IF(OR(E5="",G5=""),"",IF(LOWER(IF(RIGHT(TRIM(E5),1)="/",LEFT(TRIM(E5),LEN(TRIM(E5))-1),TRIM(E5)))<>LOWER(IF(RIGHT(TRIM(G5),1)="/",LEFT(TRIM(G5),LEN(TRIM(G5))-1),TRIM(G5))),"Yes","No")) | Y5: =IF(A5="","",(N(Q5)>0)+(T5="Yes")+(U5="Yes")+(W5="Yes")+(X5="Yes")) | Z5: =IF(A5="","",IF(G5="","Not mapped",IF(Y5=0,"OK",MID(IF(N(Q5)>0,"; Cannibalisation","")&IF(T5="Yes","; Too many primary keywords on URL","")&IF(U5="Yes","; URL spans 2+ clusters","")&IF(W5="Yes","; Intent mismatch","")&IF(X5="Yes","; Ranking URL is not the target",""),3,300)))) | AA5: =IF(G5="","",IF(COUNTIF($G$3:G5,SUBSTITUTE(SUBSTITUTE(G5,"?","~?"),"*","~*"))=1,MAX($AA$2:AA4)+1,"")) | AB5: =IF(B5="","",IF(COUNTIF($B$3:B5,SUBSTITUTE(SUBSTITUTE(B5,"?","~?"),"*","~*"))=1,MAX($AB$2:AB4)+1,""))
A6: waterproof trail running shoes | B6: Trail shoes | C6: 1300 | D6: 35 | E6: https://www.stride-example.com/trail-running-shoes/ | F6: 21 | G6: https://www.stride-example.com/trail-running-shoes/waterproof/ | H6: Planned | I6: Category / collection | J6: Primary | M6: =IF(A6="","",LOWER(TRIM(SUBSTITUTE(SUBSTITUTE(A6,"?",""),"*","")))) | N6: =IF(M6="","",IF(SUMPRODUCT(ISNUMBER(SEARCH(" "&Settings!$L$5:$L$124&" "," "&M6&" "))*(Settings!$K$5:$K$124="Navigational")*(Settings!$L$5:$L$124<>""))>0,"Navigational",IF(SUMPRODUCT(ISNUMBER(SEARCH(" "&Settings!$L$5:$L$124&" "," "&M6&" "))*(Settings!$K$5:$K$124="Transactional")*(Settings!$L$5:$L$124<>""))>0,"Transactional",IF(SUMPRODUCT(ISNUMBER(SEARCH(" "&Settings!$L$5:$L$124&" "," "&M6&" "))*(Settings!$K$5:$K$124="Commercial")*(Settings!$L$5:$L$124<>""))>0,"Commercial",IF(SUMPRODUCT(ISNUMBER(SEARCH(" "&Settings!$L$5:$L$124&" "," "&M6&" "))*(Settings!$K$5:$K$124="Informational")*(Settings!$L$5:$L$124<>""))>0,"Informational","Unclassified"))))) | O6: =IF(A6="","",IF(K6<>"",PROPER(K6),N6)) | P6: =IF(A6="","",ROUND(Settings!$B$5*MIN(1,LOG10(N(C6)+1)/LOG10(Settings!$B$7+1))+Settings!$B$6*(1-MIN(100,IF(D6="",50,N(D6)))/100)+IFERROR(INDEX(Settings!$B$10:$B$14,MATCH(O6,Settings!$A$10:$A$14,0)),0),0)) | Q6: =IF(OR(A6="",G6=""),"",COUNTIFS($M$3:$M$1002,M6,$G$3:$G$1002,"<>"&SUBSTITUTE(SUBSTITUTE(G6,"?","~?"),"*","~*"),$G$3:$G$1002,"?*")) | R6: =IF(Q6="","",IF(Q6>0,"Yes","No")) | S6: =IF(G6="","",COUNTIFS($G$3:$G$1002,SUBSTITUTE(SUBSTITUTE(G6,"?","~?"),"*","~*"),$J$3:$J$1002,"Primary")) | T6: =IF(S6="","",IF(S6>Settings!$B$4,"Yes","No")) | U6: =IF(OR(G6="",B6=""),"",IF(COUNTIFS($G$3:$G$1002,SUBSTITUTE(SUBSTITUTE(G6,"?","~?"),"*","~*"),$B$3:$B$1002,"<>"&SUBSTITUTE(SUBSTITUTE(B6,"?","~?"),"*","~*"),$B$3:$B$1002,"?*")>0,"Yes","No")) | V6: =IF(OR(G6="",I6="",O6="",O6="Unclassified"),"",IFERROR(INDEX(Settings!$E$5:$H$16,MATCH(I6,Settings!$D$5:$D$16,0),MATCH(O6,Settings!$E$4:$H$4,0)),"Check")) | W6: =IF(V6="","",IF(V6="No","Yes","No")) | X6: =IF(OR(E6="",G6=""),"",IF(LOWER(IF(RIGHT(TRIM(E6),1)="/",LEFT(TRIM(E6),LEN(TRIM(E6))-1),TRIM(E6)))<>LOWER(IF(RIGHT(TRIM(G6),1)="/",LEFT(TRIM(G6),LEN(TRIM(G6))-1),TRIM(G6))),"Yes","No")) | Y6: =IF(A6="","",(N(Q6)>0)+(T6="Yes")+(U6="Yes")+(W6="Yes")+(X6="Yes")) | Z6: =IF(A6="","",IF(G6="","Not mapped",IF(Y6=0,"OK",MID(IF(N(Q6)>0,"; Cannibalisation","")&IF(T6="Yes","; Too many primary keywords on URL","")&IF(U6="Yes","; URL spans 2+ clusters","")&IF(W6="Yes","; Intent mismatch","")&IF(X6="Yes","; Ranking URL is not the target",""),3,300)))) | AA6: =IF(G6="","",IF(COUNTIF($G$3:G6,SUBSTITUTE(SUBSTITUTE(G6,"?","~?"),"*","~*"))=1,MAX($AA$2:AA5)+1,"")) | AB6: =IF(B6="","",IF(COUNTIF($B$3:B6,SUBSTITUTE(SUBSTITUTE(B6,"?","~?"),"*","~*"))=1,MAX($AB$2:AB5)+1,""))
A7: buy trail running shoes | B7: Trail shoes | C7: 210 | D7: 40 | G7: https://www.stride-example.com/blog/trail-running-for-beginners/ | H7: Planned | I7: Blog post / guide | J7: Secondary | M7: =IF(A7="","",LOWER(TRIM(SUBSTITUTE(SUBSTITUTE(A7,"?",""),"*","")))) | N7: =IF(M7="","",IF(SUMPRODUCT(ISNUMBER(SEARCH(" "&Settings!$L$5:$L$124&" "," "&M7&" "))*(Settings!$K$5:$K$124="Navigational")*(Settings!$L$5:$L$124<>""))>0,"Navigational",IF(SUMPRODUCT(ISNUMBER(SEARCH(" "&Settings!$L$5:$L$124&" "," "&M7&" "))*(Settings!$K$5:$K$124="Transactional")*(Settings!$L$5:$L$124<>""))>0,"Transactional",IF(SUMPRODUCT(ISNUMBER(SEARCH(" "&Settings!$L$5:$L$124&" "," "&M7&" "))*(Settings!$K$5:$K$124="Commercial")*(Settings!$L$5:$L$124<>""))>0,"Commercial",IF(SUMPRODUCT(ISNUMBER(SEARCH(" "&Settings!$L$5:$L$124&" "," "&M7&" "))*(Settings!$K$5:$K$124="Informational")*(Settings!$L$5:$L$124<>""))>0,"Informational","Unclassified"))))) | O7: =IF(A7="","",IF(K7<>"",PROPER(K7),N7)) | P7: =IF(A7="","",ROUND(Settings!$B$5*MIN(1,LOG10(N(C7)+1)/LOG10(Settings!$B$7+1))+Settings!$B$6*(1-MIN(100,IF(D7="",50,N(D7)))/100)+IFERROR(INDEX(Settings!$B$10:$B$14,MATCH(O7,Settings!$A$10:$A$14,0)),0),0)) | Q7: =IF(OR(A7="",G7=""),"",COUNTIFS($M$3:$M$1002,M7,$G$3:$G$1002,"<>"&SUBSTITUTE(SUBSTITUTE(G7,"?","~?"),"*","~*"),$G$3:$G$1002,"?*")) | R7: =IF(Q7="","",IF(Q7>0,"Yes","No")) | S7: =IF(G7="","",COUNTIFS($G$3:$G$1002,SUBSTITUTE(SUBSTITUTE(G7,"?","~?"),"*","~*"),$J$3:$J$1002,"Primary")) | T7: =IF(S7="","",IF(S7>Settings!$B$4,"Yes","No")) | U7: =IF(OR(G7="",B7=""),"",IF(COUNTIFS($G$3:$G$1002,SUBSTITUTE(SUBSTITUTE(G7,"?","~?"),"*","~*"),$B$3:$B$1002,"<>"&SUBSTITUTE(SUBSTITUTE(B7,"?","~?"),"*","~*"),$B$3:$B$1002,"?*")>0,"Yes","No")) | V7: =IF(OR(G7="",I7="",O7="",O7="Unclassified"),"",IFERROR(INDEX(Settings!$E$5:$H$16,MATCH(I7,Settings!$D$5:$D$16,0),MATCH(O7,Settings!$E$4:$H$4,0)),"Check")) | W7: =IF(V7="","",IF(V7="No","Yes","No")) | X7: =IF(OR(E7="",G7=""),"",IF(LOWER(IF(RIGHT(TRIM(E7),1)="/",LEFT(TRIM(E7),LEN(TRIM(E7))-1),TRIM(E7)))<>LOWER(IF(RIGHT(TRIM(G7),1)="/",LEFT(TRIM(G7),LEN(TRIM(G7))-1),TRIM(G7))),"Yes","No")) | Y7: =IF(A7="","",(N(Q7)>0)+(T7="Yes")+(U7="Yes")+(W7="Yes")+(X7="Yes")) | Z7: =IF(A7="","",IF(G7="","Not mapped",IF(Y7=0,"OK",MID(IF(N(Q7)>0,"; Cannibalisation","")&IF(T7="Yes","; Too many primary keywords on URL","")&IF(U7="Yes","; URL spans 2+ clusters","")&IF(W7="Yes","; Intent mismatch","")&IF(X7="Yes","; Ranking URL is not the target",""),3,300)))) | AA7: =IF(G7="","",IF(COUNTIF($G$3:G7,SUBSTITUTE(SUBSTITUTE(G7,"?","~?"),"*","~*"))=1,MAX($AA$2:AA6)+1,"")) | AB7: =IF(B7="","",IF(COUNTIF($B$3:B7,SUBSTITUTE(SUBSTITUTE(B7,"?","~?"),"*","~*"))=1,MAX($AB$2:AB6)+1,""))
A8: wide running shoes | B8: Wide fit | C8: 2900 | D8: 30 | E8: https://www.stride-example.com/wide-fit-running-shoes/ | F8: 7 | G8: https://www.stride-example.com/wide-fit-running-shoes/ | H8: Existing | I8: Category / collection | J8: Primary | K8: Commercial | M8: =IF(A8="","",LOWER(TRIM(SUBSTITUTE(SUBSTITUTE(A8,"?",""),"*","")))) | N8: =IF(M8="","",IF(SUMPRODUCT(ISNUMBER(SEARCH(" "&Settings!$L$5:$L$124&" "," "&M8&" "))*(Settings!$K$5:$K$124="Navigational")*(Settings!$L$5:$L$124<>""))>0,"Navigational",IF(SUMPRODUCT(ISNUMBER(SEARCH(" "&Settings!$L$5:$L$124&" "," "&M8&" "))*(Settings!$K$5:$K$124="Transactional")*(Settings!$L$5:$L$124<>""))>0,"Transactional",IF(SUMPRODUCT(ISNUMBER(SEARCH(" "&Settings!$L$5:$L$124&" "," "&M8&" "))*(Settings!$K$5:$K$124="Commercial")*(Settings!$L$5:$L$124<>""))>0,"Commercial",IF(SUMPRODUCT(ISNUMBER(SEARCH(" "&Settings!$L$5:$L$124&" "," "&M8&" "))*(Settings!$K$5:$K$124="Informational")*(Settings!$L$5:$L$124<>""))>0,"Informational","Unclassified"))))) | O8: =IF(A8="","",IF(K8<>"",PROPER(K8),N8)) | P8: =IF(A8="","",ROUND(Settings!$B$5*MIN(1,LOG10(N(C8)+1)/LOG10(Settings!$B$7+1))+Settings!$B$6*(1-MIN(100,IF(D8="",50,N(D8)))/100)+IFERROR(INDEX(Settings!$B$10:$B$14,MATCH(O8,Settings!$A$10:$A$14,0)),0),0)) | Q8: =IF(OR(A8="",G8=""),"",COUNTIFS($M$3:$M$1002,M8,$G$3:$G$1002,"<>"&SUBSTITUTE(SUBSTITUTE(G8,"?","~?"),"*","~*"),$G$3:$G$1002,"?*")) | R8: =IF(Q8="","",IF(Q8>0,"Yes","No")) | S8: =IF(G8="","",COUNTIFS($G$3:$G$1002,SUBSTITUTE(SUBSTITUTE(G8,"?","~?"),"*","~*"),$J$3:$J$1002,"Primary")) | T8: =IF(S8="","",IF(S8>Settings!$B$4,"Yes","No")) | U8: =IF(OR(G8="",B8=""),"",IF(COUNTIFS($G$3:$G$1002,SUBSTITUTE(SUBSTITUTE(G8,"?","~?"),"*","~*"),$B$3:$B$1002,"<>"&SUBSTITUTE(SUBSTITUTE(B8,"?","~?"),"*","~*"),$B$3:$B$1002,"?*")>0,"Yes","No")) | V8: =IF(OR(G8="",I8="",O8="",O8="Unclassified"),"",IFERROR(INDEX(Settings!$E$5:$H$16,MATCH(I8,Settings!$D$5:$D$16,0),MATCH(O8,Settings!$E$4:$H$4,0)),"Check")) | W8: =IF(V8="","",IF(V8="No","Yes","No")) | X8: =IF(OR(E8="",G8=""),"",IF(LOWER(IF(RIGHT(TRIM(E8),1)="/",LEFT(TRIM(E8),LEN(TRIM(E8))-1),TRIM(E8)))<>LOWER(IF(RIGHT(TRIM(G8),1)="/",LEFT(TRIM(G8),LEN(TRIM(G8))-1),TRIM(G8))),"Yes","No")) | Y8: =IF(A8="","",(N(Q8)>0)+(T8="Yes")+(U8="Yes")+(W8="Yes")+(X8="Yes")) | Z8: =IF(A8="","",IF(G8="","Not mapped",IF(Y8=0,"OK",MID(IF(N(Q8)>0,"; Cannibalisation","")&IF(T8="Yes","; Too many primary keywords on URL","")&IF(U8="Yes","; URL spans 2+ clusters","")&IF(W8="Yes","; Intent mismatch","")&IF(X8="Yes","; Ranking URL is not the target",""),3,300)))) | AA8: =IF(G8="","",IF(COUNTIF($G$3:G8,SUBSTITUTE(SUBSTITUTE(G8,"?","~?"),"*","~*"))=1,MAX($AA$2:AA7)+1,"")) | AB8: =IF(B8="","",IF(COUNTIF($B$3:B8,SUBSTITUTE(SUBSTITUTE(B8,"?","~?"),"*","~*"))=1,MAX($AB$2:AB7)+1,""))
A9: running shoes for wide feet | B9: Wide fit | C9: 1900 | D9: 28 | E9: https://www.stride-example.com/blog/wide-feet-guide/ | F9: 11 | G9: https://www.stride-example.com/wide-fit-running-shoes/ | H9: Existing | I9: Category / collection | J9: Secondary | M9: =IF(A9="","",LOWER(TRIM(SUBSTITUTE(SUBSTITUTE(A9,"?",""),"*","")))) | N9: =IF(M9="","",IF(SUMPRODUCT(ISNUMBER(SEARCH(" "&Settings!$L$5:$L$124&" "," "&M9&" "))*(Settings!$K$5:$K$124="Navigational")*(Settings!$L$5:$L$124<>""))>0,"Navigational",IF(SUMPRODUCT(ISNUMBER(SEARCH(" "&Settings!$L$5:$L$124&" "," "&M9&" "))*(Settings!$K$5:$K$124="Transactional")*(Settings!$L$5:$L$124<>""))>0,"Transactional",IF(SUMPRODUCT(ISNUMBER(SEARCH(" "&Settings!$L$5:$L$124&" "," "&M9&" "))*(Settings!$K$5:$K$124="Commercial")*(Settings!$L$5:$L$124<>""))>0,"Commercial",IF(SUMPRODUCT(ISNUMBER(SEARCH(" "&Settings!$L$5:$L$124&" "," "&M9&" "))*(Settings!$K$5:$K$124="Informational")*(Settings!$L$5:$L$124<>""))>0,"Informational","Unclassified"))))) | O9: =IF(A9="","",IF(K9<>"",PROPER(K9),N9)) | P9: =IF(A9="","",ROUND(Settings!$B$5*MIN(1,LOG10(N(C9)+1)/LOG10(Settings!$B$7+1))+Settings!$B$6*(1-MIN(100,IF(D9="",50,N(D9)))/100)+IFERROR(INDEX(Settings!$B$10:$B$14,MATCH(O9,Settings!$A$10:$A$14,0)),0),0)) | Q9: =IF(OR(A9="",G9=""),"",COUNTIFS($M$3:$M$1002,M9,$G$3:$G$1002,"<>"&SUBSTITUTE(SUBSTITUTE(G9,"?","~?"),"*","~*"),$G$3:$G$1002,"?*")) | R9: =IF(Q9="","",IF(Q9>0,"Yes","No")) | S9: =IF(G9="","",COUNTIFS($G$3:$G$1002,SUBSTITUTE(SUBSTITUTE(G9,"?","~?"),"*","~*"),$J$3:$J$1002,"Primary")) | T9: =IF(S9="","",IF(S9>Settings!$B$4,"Yes","No")) | U9: =IF(OR(G9="",B9=""),"",IF(COUNTIFS($G$3:$G$1002,SUBSTITUTE(SUBSTITUTE(G9,"?","~?"),"*","~*"),$B$3:$B$1002,"<>"&SUBSTITUTE(SUBSTITUTE(B9,"?","~?"),"*","~*"),$B$3:$B$1002,"?*")>0,"Yes","No")) | V9: =IF(OR(G9="",I9="",O9="",O9="Unclassified"),"",IFERROR(INDEX(Settings!$E$5:$H$16,MATCH(I9,Settings!$D$5:$D$16,0),MATCH(O9,Settings!$E$4:$H$4,0)),"Check")) | W9: =IF(V9="","",IF(V9="No","Yes","No")) | X9: =IF(OR(E9="",G9=""),"",IF(LOWER(IF(RIGHT(TRIM(E9),1)="/",LEFT(TRIM(E9),LEN(TRIM(E9))-1),TRIM(E9)))<>LOWER(IF(RIGHT(TRIM(G9),1)="/",LEFT(TRIM(G9),LEN(TRIM(G9))-1),TRIM(G9))),"Yes","No")) | Y9: =IF(A9="","",(N(Q9)>0)+(T9="Yes")+(U9="Yes")+(W9="Yes")+(X9="Yes")) | Z9: =IF(A9="","",IF(G9="","Not mapped",IF(Y9=0,"OK",MID(IF(N(Q9)>0,"; Cannibalisation","")&IF(T9="Yes","; Too many primary keywords on URL","")&IF(U9="Yes","; URL spans 2+ clusters","")&IF(W9="Yes","; Intent mismatch","")&IF(X9="Yes","; Ranking URL is not the target",""),3,300)))) | AA9: =IF(G9="","",IF(COUNTIF($G$3:G9,SUBSTITUTE(SUBSTITUTE(G9,"?","~?"),"*","~*"))=1,MAX($AA$2:AA8)+1,"")) | AB9: =IF(B9="","",IF(COUNTIF($B$3:B9,SUBSTITUTE(SUBSTITUTE(B9,"?","~?"),"*","~*"))=1,MAX($AB$2:AB8)+1,""))
A10: running shoes for wide feet | B10: Wide fit | C10: 1900 | D10: 28 | E10: https://www.stride-example.com/blog/wide-feet-guide/ | F10: 11 | G10: https://www.stride-example.com/blog/wide-feet-guide/ | H10: Existing | I10: Blog post / guide | J10: Primary | L10: Also mapped to the category page | M10: =IF(A10="","",LOWER(TRIM(SUBSTITUTE(SUBSTITUTE(A10,"?",""),"*","")))) | N10: =IF(M10="","",IF(SUMPRODUCT(ISNUMBER(SEARCH(" "&Settings!$L$5:$L$124&" "," "&M10&" "))*(Settings!$K$5:$K$124="Navigational")*(Settings!$L$5:$L$124<>""))>0,"Navigational",IF(SUMPRODUCT(ISNUMBER(SEARCH(" "&Settings!$L$5:$L$124&" "," "&M10&" "))*(Settings!$K$5:$K$124="Transactional")*(Settings!$L$5:$L$124<>""))>0,"Transactional",IF(SUMPRODUCT(ISNUMBER(SEARCH(" "&Settings!$L$5:$L$124&" "," "&M10&" "))*(Settings!$K$5:$K$124="Commercial")*(Settings!$L$5:$L$124<>""))>0,"Commercial",IF(SUMPRODUCT(ISNUMBER(SEARCH(" "&Settings!$L$5:$L$124&" "," "&M10&" "))*(Settings!$K$5:$K$124="Informational")*(Settings!$L$5:$L$124<>""))>0,"Informational","Unclassified"))))) | O10: =IF(A10="","",IF(K10<>"",PROPER(K10),N10)) | P10: =IF(A10="","",ROUND(Settings!$B$5*MIN(1,LOG10(N(C10)+1)/LOG10(Settings!$B$7+1))+Settings!$B$6*(1-MIN(100,IF(D10="",50,N(D10)))/100)+IFERROR(INDEX(Settings!$B$10:$B$14,MATCH(O10,Settings!$A$10:$A$14,0)),0),0)) | Q10: =IF(OR(A10="",G10=""),"",COUNTIFS($M$3:$M$1002,M10,$G$3:$G$1002,"<>"&SUBSTITUTE(SUBSTITUTE(G10,"?","~?"),"*","~*"),$G$3:$G$1002,"?*")) | R10: =IF(Q10="","",IF(Q10>0,"Yes","No")) | S10: =IF(G10="","",COUNTIFS($G$3:$G$1002,SUBSTITUTE(SUBSTITUTE(G10,"?","~?"),"*","~*"),$J$3:$J$1002,"Primary")) | T10: =IF(S10="","",IF(S10>Settings!$B$4,"Yes","No")) | U10: =IF(OR(G10="",B10=""),"",IF(COUNTIFS($G$3:$G$1002,SUBSTITUTE(SUBSTITUTE(G10,"?","~?"),"*","~*"),$B$3:$B$1002,"<>"&SUBSTITUTE(SUBSTITUTE(B10,"?","~?"),"*","~*"),$B$3:$B$1002,"?*")>0,"Yes","No")) | V10: =IF(OR(G10="",I10="",O10="",O10="Unclassified"),"",IFERROR(INDEX(Settings!$E$5:$H$16,MATCH(I10,Settings!$D$5:$D$16,0),MATCH(O10,Settings!$E$4:$H$4,0)),"Check")) | W10: =IF(V10="","",IF(V10="No","Yes","No")) | X10: =IF(OR(E10="",G10=""),"",IF(LOWER(IF(RIGHT(TRIM(E10),1)="/",LEFT(TRIM(E10),LEN(TRIM(E10))-1),TRIM(E10)))<>LOWER(IF(RIGHT(TRIM(G10),1)="/",LEFT(TRIM(G10),LEN(TRIM(G10))-1),TRIM(G10))),"Yes","No")) | Y10: =IF(A10="","",(N(Q10)>0)+(T10="Yes")+(U10="Yes")+(W10="Yes")+(X10="Yes")) | Z10: =IF(A10="","",IF(G10="","Not mapped",IF(Y10=0,"OK",MID(IF(N(Q10)>0,"; Cannibalisation","")&IF(T10="Yes","; Too many primary keywords on URL","")&IF(U10="Yes","; URL spans 2+ clusters","")&IF(W10="Yes","; Intent mismatch","")&IF(X10="Yes","; Ranking URL is not the target",""),3,300)))) | AA10: =IF(G10="","",IF(COUNTIF($G$3:G10,SUBSTITUTE(SUBSTITUTE(G10,"?","~?"),"*","~*"))=1,MAX($AA$2:AA9)+1,"")) | AB10: =IF(B10="","",IF(COUNTIF($B$3:B10,SUBSTITUTE(SUBSTITUTE(B10,"?","~?"),"*","~*"))=1,MAX($AB$2:AB9)+1,""))
A11: how to choose running shoes for wide feet | B11: Wide fit | C11: 320 | D11: 12 | E11: https://www.stride-example.com/blog/wide-feet-guide/ | F11: 4 | G11: https://www.stride-example.com/blog/wide-feet-guide/ | H11: Existing | I11: Blog post / guide | J11: Secondary | M11: =IF(A11="","",LOWER(TRIM(SUBSTITUTE(SUBSTITUTE(A11,"?",""),"*","")))) | N11: =IF(M11="","",IF(SUMPRODUCT(ISNUMBER(SEARCH(" "&Settings!$L$5:$L$124&" "," "&M11&" "))*(Settings!$K$5:$K$124="Navigational")*(Settings!$L$5:$L$124<>""))>0,"Navigational",IF(SUMPRODUCT(ISNUMBER(SEARCH(" "&Settings!$L$5:$L$124&" "," "&M11&" "))*(Settings!$K$5:$K$124="Transactional")*(Settings!$L$5:$L$124<>""))>0,"Transactional",IF(SUMPRODUCT(ISNUMBER(SEARCH(" "&Settings!$L$5:$L$124&" "," "&M11&" "))*(Settings!$K$5:$K$124="Commercial")*(Settings!$L$5:$L$124<>""))>0,"Commercial",IF(SUMPRODUCT(ISNUMBER(SEARCH(" "&Settings!$L$5:$L$124&" "," "&M11&" "))*(Settings!$K$5:$K$124="Informational")*(Settings!$L$5:$L$124<>""))>0,"Informational","Unclassified"))))) | O11: =IF(A11="","",IF(K11<>"",PROPER(K11),N11)) | P11: =IF(A11="","",ROUND(Settings!$B$5*MIN(1,LOG10(N(C11)+1)/LOG10(Settings!$B$7+1))+Settings!$B$6*(1-MIN(100,IF(D11="",50,N(D11)))/100)+IFERROR(INDEX(Settings!$B$10:$B$14,MATCH(O11,Settings!$A$10:$A$14,0)),0),0)) | Q11: =IF(OR(A11="",G11=""),"",COUNTIFS($M$3:$M$1002,M11,$G$3:$G$1002,"<>"&SUBSTITUTE(SUBSTITUTE(G11,"?","~?"),"*","~*"),$G$3:$G$1002,"?*")) | R11: =IF(Q11="","",IF(Q11>0,"Yes","No")) | S11: =IF(G11="","",COUNTIFS($G$3:$G$1002,SUBSTITUTE(SUBSTITUTE(G11,"?","~?"),"*","~*"),$J$3:$J$1002,"Primary")) | T11: =IF(S11="","",IF(S11>Settings!$B$4,"Yes","No")) | U11: =IF(OR(G11="",B11=""),"",IF(COUNTIFS($G$3:$G$1002,SUBSTITUTE(SUBSTITUTE(G11,"?","~?"),"*","~*"),$B$3:$B$1002,"<>"&SUBSTITUTE(SUBSTITUTE(B11,"?","~?"),"*","~*"),$B$3:$B$1002,"?*")>0,"Yes","No")) | V11: =IF(OR(G11="",I11="",O11="",O11="Unclassified"),"",IFERROR(INDEX(Settings!$E$5:$H$16,MATCH(I11,Settings!$D$5:$D$16,0),MATCH(O11,Settings!$E$4:$H$4,0)),"Check")) | W11: =IF(V11="","",IF(V11="No","Yes","No")) | X11: =IF(OR(E11="",G11=""),"",IF(LOWER(IF(RIGHT(TRIM(E11),1)="/",LEFT(TRIM(E11),LEN(TRIM(E11))-1),TRIM(E11)))<>LOWER(IF(RIGHT(TRIM(G11),1)="/",LEFT(TRIM(G11),LEN(TRIM(G11))-1),TRIM(G11))),"Yes","No")) | Y11: =IF(A11="","",(N(Q11)>0)+(T11="Yes")+(U11="Yes")+(W11="Yes")+(X11="Yes")) | Z11: =IF(A11="","",IF(G11="","Not mapped",IF(Y11=0,"OK",MID(IF(N(Q11)>0,"; Cannibalisation","")&IF(T11="Yes","; Too many primary keywords on URL","")&IF(U11="Yes","; URL spans 2+ clusters","")&IF(W11="Yes","; Intent mismatch","")&IF(X11="Yes","; Ranking URL is not the target",""),3,300)))) | AA11: =IF(G11="","",IF(COUNTIF($G$3:G11,SUBSTITUTE(SUBSTITUTE(G11,"?","~?"),"*","~*"))=1,MAX($AA$2:AA10)+1,"")) | AB11: =IF(B11="","",IF(COUNTIF($B$3:B11,SUBSTITUTE(SUBSTITUTE(B11,"?","~?"),"*","~*"))=1,MAX($AB$2:AB10)+1,""))
A12: marathon running shoes | B12: Marathon | C12: 2400 | D12: 48 | E12: https://www.stride-example.com/marathon-running-shoes/ | F12: 16 | G12: https://www.stride-example.com/marathon-running-shoes/ | H12: Existing | I12: Category / collection | J12: Primary | K12: Commercial | M12: =IF(A12="","",LOWER(TRIM(SUBSTITUTE(SUBSTITUTE(A12,"?",""),"*","")))) | N12: =IF(M12="","",IF(SUMPRODUCT(ISNUMBER(SEARCH(" "&Settings!$L$5:$L$124&" "," "&M12&" "))*(Settings!$K$5:$K$124="Navigational")*(Settings!$L$5:$L$124<>""))>0,"Navigational",IF(SUMPRODUCT(ISNUMBER(SEARCH(" "&Settings!$L$5:$L$124&" "," "&M12&" "))*(Settings!$K$5:$K$124="Transactional")*(Settings!$L$5:$L$124<>""))>0,"Transactional",IF(SUMPRODUCT(ISNUMBER(SEARCH(" "&Settings!$L$5:$L$124&" "," "&M12&" "))*(Settings!$K$5:$K$124="Commercial")*(Settings!$L$5:$L$124<>""))>0,"Commercial",IF(SUMPRODUCT(ISNUMBER(SEARCH(" "&Settings!$L$5:$L$124&" "," "&M12&" "))*(Settings!$K$5:$K$124="Informational")*(Settings!$L$5:$L$124<>""))>0,"Informational","Unclassified"))))) | O12: =IF(A12="","",IF(K12<>"",PROPER(K12),N12)) | P12: =IF(A12="","",ROUND(Settings!$B$5*MIN(1,LOG10(N(C12)+1)/LOG10(Settings!$B$7+1))+Settings!$B$6*(1-MIN(100,IF(D12="",50,N(D12)))/100)+IFERROR(INDEX(Settings!$B$10:$B$14,MATCH(O12,Settings!$A$10:$A$14,0)),0),0)) | Q12: =IF(OR(A12="",G12=""),"",COUNTIFS($M$3:$M$1002,M12,$G$3:$G$1002,"<>"&SUBSTITUTE(SUBSTITUTE(G12,"?","~?"),"*","~*"),$G$3:$G$1002,"?*")) | R12: =IF(Q12="","",IF(Q12>0,"Yes","No")) | S12: =IF(G12="","",COUNTIFS($G$3:$G$1002,SUBSTITUTE(SUBSTITUTE(G12,"?","~?"),"*","~*"),$J$3:$J$1002,"Primary")) | T12: =IF(S12="","",IF(S12>Settings!$B$4,"Yes","No")) | U12: =IF(OR(G12="",B12=""),"",IF(COUNTIFS($G$3:$G$1002,SUBSTITUTE(SUBSTITUTE(G12,"?","~?"),"*","~*"),$B$3:$B$1002,"<>"&SUBSTITUTE(SUBSTITUTE(B12,"?","~?"),"*","~*"),$B$3:$B$1002,"?*")>0,"Yes","No")) | V12: =IF(OR(G12="",I12="",O12="",O12="Unclassified"),"",IFERROR(INDEX(Settings!$E$5:$H$16,MATCH(I12,Settings!$D$5:$D$16,0),MATCH(O12,Settings!$E$4:$H$4,0)),"Check")) | W12: =IF(V12="","",IF(V12="No","Yes","No")) | X12: =IF(OR(E12="",G12=""),"",IF(LOWER(IF(RIGHT(TRIM(E12),1)="/",LEFT(TRIM(E12),LEN(TRIM(E12))-1),TRIM(E12)))<>LOWER(IF(RIGHT(TRIM(G12),1)="/",LEFT(TRIM(G12),LEN(TRIM(G12))-1),TRIM(G12))),"Yes","No")) | Y12: =IF(A12="","",(N(Q12)>0)+(T12="Yes")+(U12="Yes")+(W12="Yes")+(X12="Yes")) | Z12: =IF(A12="","",IF(G12="","Not mapped",IF(Y12=0,"OK",MID(IF(N(Q12)>0,"; Cannibalisation","")&IF(T12="Yes","; Too many primary keywords on URL","")&IF(U12="Yes","; URL spans 2+ clusters","")&IF(W12="Yes","; Intent mismatch","")&IF(X12="Yes","; Ranking URL is not the target",""),3,300)))) | AA12: =IF(G12="","",IF(COUNTIF($G$3:G12,SUBSTITUTE(SUBSTITUTE(G12,"?","~?"),"*","~*"))=1,MAX($AA$2:AA11)+1,"")) | AB12: =IF(B12="","",IF(COUNTIF($B$3:B12,SUBSTITUTE(SUBSTITUTE(B12,"?","~?"),"*","~*"))=1,MAX($AB$2:AB11)+1,""))
A13: best marathon shoes | B13: Marathon | C13: 1600 | D13: 52 | E13: https://www.stride-example.com/marathon-running-shoes/ | F13: 19 | G13: https://www.stride-example.com/marathon-running-shoes/ | H13: Existing | I13: Category / collection | J13: Primary | M13: =IF(A13="","",LOWER(TRIM(SUBSTITUTE(SUBSTITUTE(A13,"?",""),"*","")))) | N13: =IF(M13="","",IF(SUMPRODUCT(ISNUMBER(SEARCH(" "&Settings!$L$5:$L$124&" "," "&M13&" "))*(Settings!$K$5:$K$124="Navigational")*(Settings!$L$5:$L$124<>""))>0,"Navigational",IF(SUMPRODUCT(ISNUMBER(SEARCH(" "&Settings!$L$5:$L$124&" "," "&M13&" "))*(Settings!$K$5:$K$124="Transactional")*(Settings!$L$5:$L$124<>""))>0,"Transactional",IF(SUMPRODUCT(ISNUMBER(SEARCH(" "&Settings!$L$5:$L$124&" "," "&M13&" "))*(Settings!$K$5:$K$124="Commercial")*(Settings!$L$5:$L$124<>""))>0,"Commercial",IF(SUMPRODUCT(ISNUMBER(SEARCH(" "&Settings!$L$5:$L$124&" "," "&M13&" "))*(Settings!$K$5:$K$124="Informational")*(Settings!$L$5:$L$124<>""))>0,"Informational","Unclassified"))))) | O13: =IF(A13="","",IF(K13<>"",PROPER(K13),N13)) | P13: =IF(A13="","",ROUND(Settings!$B$5*MIN(1,LOG10(N(C13)+1)/LOG10(Settings!$B$7+1))+Settings!$B$6*(1-MIN(100,IF(D13="",50,N(D13)))/100)+IFERROR(INDEX(Settings!$B$10:$B$14,MATCH(O13,Settings!$A$10:$A$14,0)),0),0)) | Q13: =IF(OR(A13="",G13=""),"",COUNTIFS($M$3:$M$1002,M13,$G$3:$G$1002,"<>"&SUBSTITUTE(SUBSTITUTE(G13,"?","~?"),"*","~*"),$G$3:$G$1002,"?*")) | R13: =IF(Q13="","",IF(Q13>0,"Yes","No")) | S13: =IF(G13="","",COUNTIFS($G$3:$G$1002,SUBSTITUTE(SUBSTITUTE(G13,"?","~?"),"*","~*"),$J$3:$J$1002,"Primary")) | T13: =IF(S13="","",IF(S13>Settings!$B$4,"Yes","No")) | U13: =IF(OR(G13="",B13=""),"",IF(COUNTIFS($G$3:$G$1002,SUBSTITUTE(SUBSTITUTE(G13,"?","~?"),"*","~*"),$B$3:$B$1002,"<>"&SUBSTITUTE(SUBSTITUTE(B13,"?","~?"),"*","~*"),$B$3:$B$1002,"?*")>0,"Yes","No")) | V13: =IF(OR(G13="",I13="",O13="",O13="Unclassified"),"",IFERROR(INDEX(Settings!$E$5:$H$16,MATCH(I13,Settings!$D$5:$D$16,0),MATCH(O13,Settings!$E$4:$H$4,0)),"Check")) | W13: =IF(V13="","",IF(V13="No","Yes","No")) | X13: =IF(OR(E13="",G13=""),"",IF(LOWER(IF(RIGHT(TRIM(E13),1)="/",LEFT(TRIM(E13),LEN(TRIM(E13))-1),TRIM(E13)))<>LOWER(IF(RIGHT(TRIM(G13),1)="/",LEFT(TRIM(G13),LEN(TRIM(G13))-1),TRIM(G13))),"Yes","No")) | Y13: =IF(A13="","",(N(Q13)>0)+(T13="Yes")+(U13="Yes")+(W13="Yes")+(X13="Yes")) | Z13: =IF(A13="","",IF(G13="","Not mapped",IF(Y13=0,"OK",MID(IF(N(Q13)>0,"; Cannibalisation","")&IF(T13="Yes","; Too many primary keywords on URL","")&IF(U13="Yes","; URL spans 2+ clusters","")&IF(W13="Yes","; Intent mismatch","")&IF(X13="Yes","; Ranking URL is not the target",""),3,300)))) | AA13: =IF(G13="","",IF(COUNTIF($G$3:G13,SUBSTITUTE(SUBSTITUTE(G13,"?","~?"),"*","~*"))=1,MAX($AA$2:AA12)+1,"")) | AB13: =IF(B13="","",IF(COUNTIF($B$3:B13,SUBSTITUTE(SUBSTITUTE(B13,"?","~?"),"*","~*"))=1,MAX($AB$2:AB12)+1,""))
A14: carbon plate running shoes | B14: Marathon | C14: 1000 | D14: 44 | G14: https://www.stride-example.com/marathon-running-shoes/carbon-plate/ | H14: Planned | I14: Category / collection | J14: Primary | M14: =IF(A14="","",LOWER(TRIM(SUBSTITUTE(SUBSTITUTE(A14,"?",""),"*","")))) | N14: =IF(M14="","",IF(SUMPRODUCT(ISNUMBER(SEARCH(" "&Settings!$L$5:$L$124&" "," "&M14&" "))*(Settings!$K$5:$K$124="Navigational")*(Settings!$L$5:$L$124<>""))>0,"Navigational",IF(SUMPRODUCT(ISNUMBER(SEARCH(" "&Settings!$L$5:$L$124&" "," "&M14&" "))*(Settings!$K$5:$K$124="Transactional")*(Settings!$L$5:$L$124<>""))>0,"Transactional",IF(SUMPRODUCT(ISNUMBER(SEARCH(" "&Settings!$L$5:$L$124&" "," "&M14&" "))*(Settings!$K$5:$K$124="Commercial")*(Settings!$L$5:$L$124<>""))>0,"Commercial",IF(SUMPRODUCT(ISNUMBER(SEARCH(" "&Settings!$L$5:$L$124&" "," "&M14&" "))*(Settings!$K$5:$K$124="Informational")*(Settings!$L$5:$L$124<>""))>0,"Informational","Unclassified"))))) | O14: =IF(A14="","",IF(K14<>"",PROPER(K14),N14)) | P14: =IF(A14="","",ROUND(Settings!$B$5*MIN(1,LOG10(N(C14)+1)/LOG10(Settings!$B$7+1))+Settings!$B$6*(1-MIN(100,IF(D14="",50,N(D14)))/100)+IFERROR(INDEX(Settings!$B$10:$B$14,MATCH(O14,Settings!$A$10:$A$14,0)),0),0)) | Q14: =IF(OR(A14="",G14=""),"",COUNTIFS($M$3:$M$1002,M14,$G$3:$G$1002,"<>"&SUBSTITUTE(SUBSTITUTE(G14,"?","~?"),"*","~*"),$G$3:$G$1002,"?*")) | R14: =IF(Q14="","",IF(Q14>0,"Yes","No")) | S14: =IF(G14="","",COUNTIFS($G$3:$G$1002,SUBSTITUTE(SUBSTITUTE(G14,"?","~?"),"*","~*"),$J$3:$J$1002,"Primary")) | T14: =IF(S14="","",IF(S14>Settings!$B$4,"Yes","No")) | U14: =IF(OR(G14="",B14=""),"",IF(COUNTIFS($G$3:$G$1002,SUBSTITUTE(SUBSTITUTE(G14,"?","~?"),"*","~*"),$B$3:$B$1002,"<>"&SUBSTITUTE(SUBSTITUTE(B14,"?","~?"),"*","~*"),$B$3:$B$1002,"?*")>0,"Yes","No")) | V14: =IF(OR(G14="",I14="",O14="",O14="Unclassified"),"",IFERROR(INDEX(Settings!$E$5:$H$16,MATCH(I14,Settings!$D$5:$D$16,0),MATCH(O14,Settings!$E$4:$H$4,0)),"Check")) | W14: =IF(V14="","",IF(V14="No","Yes","No")) | X14: =IF(OR(E14="",G14=""),"",IF(LOWER(IF(RIGHT(TRIM(E14),1)="/",LEFT(TRIM(E14),LEN(TRIM(E14))-1),TRIM(E14)))<>LOWER(IF(RIGHT(TRIM(G14),1)="/",LEFT(TRIM(G14),LEN(TRIM(G14))-1),TRIM(G14))),"Yes","No")) | Y14: =IF(A14="","",(N(Q14)>0)+(T14="Yes")+(U14="Yes")+(W14="Yes")+(X14="Yes")) | Z14: =IF(A14="","",IF(G14="","Not mapped",IF(Y14=0,"OK",MID(IF(N(Q14)>0,"; Cannibalisation","")&IF(T14="Yes","; Too many primary keywords on URL","")&IF(U14="Yes","; URL spans 2+ clusters","")&IF(W14="Yes","; Intent mismatch","")&IF(X14="Yes","; Ranking URL is not the target",""),3,300)))) | AA14: =IF(G14="","",IF(COUNTIF($G$3:G14,SUBSTITUTE(SUBSTITUTE(G14,"?","~?"),"*","~*"))=1,MAX($AA$2:AA13)+1,"")) | AB14: =IF(B14="","",IF(COUNTIF($B$3:B14,SUBSTITUTE(SUBSTITUTE(B14,"?","~?"),"*","~*"))=1,MAX($AB$2:AB13)+1,""))
A15: what are carbon plate shoes | B15: Marathon | C15: 480 | D15: 18 | G15: https://www.stride-example.com/glossary/carbon-plate/ | H15: Planned | I15: Glossary / definition | J15: Primary | M15: =IF(A15="","",LOWER(TRIM(SUBSTITUTE(SUBSTITUTE(A15,"?",""),"*","")))) | N15: =IF(M15="","",IF(SUMPRODUCT(ISNUMBER(SEARCH(" "&Settings!$L$5:$L$124&" "," "&M15&" "))*(Settings!$K$5:$K$124="Navigational")*(Settings!$L$5:$L$124<>""))>0,"Navigational",IF(SUMPRODUCT(ISNUMBER(SEARCH(" "&Settings!$L$5:$L$124&" "," "&M15&" "))*(Settings!$K$5:$K$124="Transactional")*(Settings!$L$5:$L$124<>""))>0,"Transactional",IF(SUMPRODUCT(ISNUMBER(SEARCH(" "&Settings!$L$5:$L$124&" "," "&M15&" "))*(Settings!$K$5:$K$124="Commercial")*(Settings!$L$5:$L$124<>""))>0,"Commercial",IF(SUMPRODUCT(ISNUMBER(SEARCH(" "&Settings!$L$5:$L$124&" "," "&M15&" "))*(Settings!$K$5:$K$124="Informational")*(Settings!$L$5:$L$124<>""))>0,"Informational","Unclassified"))))) | O15: =IF(A15="","",IF(K15<>"",PROPER(K15),N15)) | P15: =IF(A15="","",ROUND(Settings!$B$5*MIN(1,LOG10(N(C15)+1)/LOG10(Settings!$B$7+1))+Settings!$B$6*(1-MIN(100,IF(D15="",50,N(D15)))/100)+IFERROR(INDEX(Settings!$B$10:$B$14,MATCH(O15,Settings!$A$10:$A$14,0)),0),0)) | Q15: =IF(OR(A15="",G15=""),"",COUNTIFS($M$3:$M$1002,M15,$G$3:$G$1002,"<>"&SUBSTITUTE(SUBSTITUTE(G15,"?","~?"),"*","~*"),$G$3:$G$1002,"?*")) | R15: =IF(Q15="","",IF(Q15>0,"Yes","No")) | S15: =IF(G15="","",COUNTIFS($G$3:$G$1002,SUBSTITUTE(SUBSTITUTE(G15,"?","~?"),"*","~*"),$J$3:$J$1002,"Primary")) | T15: =IF(S15="","",IF(S15>Settings!$B$4,"Yes","No")) | U15: =IF(OR(G15="",B15=""),"",IF(COUNTIFS($G$3:$G$1002,SUBSTITUTE(SUBSTITUTE(G15,"?","~?"),"*","~*"),$B$3:$B$1002,"<>"&SUBSTITUTE(SUBSTITUTE(B15,"?","~?"),"*","~*"),$B$3:$B$1002,"?*")>0,"Yes","No")) | V15: =IF(OR(G15="",I15="",O15="",O15="Unclassified"),"",IFERROR(INDEX(Settings!$E$5:$H$16,MATCH(I15,Settings!$D$5:$D$16,0),MATCH(O15,Settings!$E$4:$H$4,0)),"Check")) | W15: =IF(V15="","",IF(V15="No","Yes","No")) | X15: =IF(OR(E15="",G15=""),"",IF(LOWER(IF(RIGHT(TRIM(E15),1)="/",LEFT(TRIM(E15),LEN(TRIM(E15))-1),TRIM(E15)))<>LOWER(IF(RIGHT(TRIM(G15),1)="/",LEFT(TRIM(G15),LEN(TRIM(G15))-1),TRIM(G15))),"Yes","No")) | Y15: =IF(A15="","",(N(Q15)>0)+(T15="Yes")+(U15="Yes")+(W15="Yes")+(X15="Yes")) | Z15: =IF(A15="","",IF(G15="","Not mapped",IF(Y15=0,"OK",MID(IF(N(Q15)>0,"; Cannibalisation","")&IF(T15="Yes","; Too many primary keywords on URL","")&IF(U15="Yes","; URL spans 2+ clusters","")&IF(W15="Yes","; Intent mismatch","")&IF(X15="Yes","; Ranking URL is not the target",""),3,300)))) | AA15: =IF(G15="","",IF(COUNTIF($G$3:G15,SUBSTITUTE(SUBSTITUTE(G15,"?","~?"),"*","~*"))=1,MAX($AA$2:AA14)+1,"")) | AB15: =IF(B15="","",IF(COUNTIF($B$3:B15,SUBSTITUTE(SUBSTITUTE(B15,"?","~?"),"*","~*"))=1,MAX($AB$2:AB14)+1,""))
A16: hoka vs brooks | B16: Brand comparisons | C16: 880 | D16: 26 | E16: https://www.stride-example.com/blog/hoka-vs-brooks/ | F16: 6 | G16: https://www.stride-example.com/blog/hoka-vs-brooks/ | H16: Existing | I16: Comparison / review | J16: Primary | M16: =IF(A16="","",LOWER(TRIM(SUBSTITUTE(SUBSTITUTE(A16,"?",""),"*","")))) | N16: =IF(M16="","",IF(SUMPRODUCT(ISNUMBER(SEARCH(" "&Settings!$L$5:$L$124&" "," "&M16&" "))*(Settings!$K$5:$K$124="Navigational")*(Settings!$L$5:$L$124<>""))>0,"Navigational",IF(SUMPRODUCT(ISNUMBER(SEARCH(" "&Settings!$L$5:$L$124&" "," "&M16&" "))*(Settings!$K$5:$K$124="Transactional")*(Settings!$L$5:$L$124<>""))>0,"Transactional",IF(SUMPRODUCT(ISNUMBER(SEARCH(" "&Settings!$L$5:$L$124&" "," "&M16&" "))*(Settings!$K$5:$K$124="Commercial")*(Settings!$L$5:$L$124<>""))>0,"Commercial",IF(SUMPRODUCT(ISNUMBER(SEARCH(" "&Settings!$L$5:$L$124&" "," "&M16&" "))*(Settings!$K$5:$K$124="Informational")*(Settings!$L$5:$L$124<>""))>0,"Informational","Unclassified"))))) | O16: =IF(A16="","",IF(K16<>"",PROPER(K16),N16)) | P16: =IF(A16="","",ROUND(Settings!$B$5*MIN(1,LOG10(N(C16)+1)/LOG10(Settings!$B$7+1))+Settings!$B$6*(1-MIN(100,IF(D16="",50,N(D16)))/100)+IFERROR(INDEX(Settings!$B$10:$B$14,MATCH(O16,Settings!$A$10:$A$14,0)),0),0)) | Q16: =IF(OR(A16="",G16=""),"",COUNTIFS($M$3:$M$1002,M16,$G$3:$G$1002,"<>"&SUBSTITUTE(SUBSTITUTE(G16,"?","~?"),"*","~*"),$G$3:$G$1002,"?*")) | R16: =IF(Q16="","",IF(Q16>0,"Yes","No")) | S16: =IF(G16="","",COUNTIFS($G$3:$G$1002,SUBSTITUTE(SUBSTITUTE(G16,"?","~?"),"*","~*"),$J$3:$J$1002,"Primary")) | T16: =IF(S16="","",IF(S16>Settings!$B$4,"Yes","No")) | U16: =IF(OR(G16="",B16=""),"",IF(COUNTIFS($G$3:$G$1002,SUBSTITUTE(SUBSTITUTE(G16,"?","~?"),"*","~*"),$B$3:$B$1002,"<>"&SUBSTITUTE(SUBSTITUTE(B16,"?","~?"),"*","~*"),$B$3:$B$1002,"?*")>0,"Yes","No")) | V16: =IF(OR(G16="",I16="",O16="",O16="Unclassified"),"",IFERROR(INDEX(Settings!$E$5:$H$16,MATCH(I16,Settings!$D$5:$D$16,0),MATCH(O16,Settings!$E$4:$H$4,0)),"Check")) | W16: =IF(V16="","",IF(V16="No","Yes","No")) | X16: =IF(OR(E16="",G16=""),"",IF(LOWER(IF(RIGHT(TRIM(E16),1)="/",LEFT(TRIM(E16),LEN(TRIM(E16))-1),TRIM(E16)))<>LOWER(IF(RIGHT(TRIM(G16),1)="/",LEFT(TRIM(G16),LEN(TRIM(G16))-1),TRIM(G16))),"Yes","No")) | Y16: =IF(A16="","",(N(Q16)>0)+(T16="Yes")+(U16="Yes")+(W16="Yes")+(X16="Yes")) | Z16: =IF(A16="","",IF(G16="","Not mapped",IF(Y16=0,"OK",MID(IF(N(Q16)>0,"; Cannibalisation","")&IF(T16="Yes","; Too many primary keywords on URL","")&IF(U16="Yes","; URL spans 2+ clusters","")&IF(W16="Yes","; Intent mismatch","")&IF(X16="Yes","; Ranking URL is not the target",""),3,300)))) | AA16: =IF(G16="","",IF(COUNTIF($G$3:G16,SUBSTITUTE(SUBSTITUTE(G16,"?","~?"),"*","~*"))=1,MAX($AA$2:AA15)+1,"")) | AB16: =IF(B16="","",IF(COUNTIF($B$3:B16,SUBSTITUTE(SUBSTITUTE(B16,"?","~?"),"*","~*"))=1,MAX($AB$2:AB15)+1,""))
A17: hoka clifton vs brooks ghost | B17: Brand comparisons | C17: 720 | D17: 21 | E17: https://www.stride-example.com/blog/hoka-vs-brooks/ | F17: 8 | G17: https://www.stride-example.com/blog/hoka-vs-brooks/ | H17: Existing | I17: Comparison / review | J17: Secondary | M17: =IF(A17="","",LOWER(TRIM(SUBSTITUTE(SUBSTITUTE(A17,"?",""),"*","")))) | N17: =IF(M17="","",IF(SUMPRODUCT(ISNUMBER(SEARCH(" "&Settings!$L$5:$L$124&" "," "&M17&" "))*(Settings!$K$5:$K$124="Navigational")*(Settings!$L$5:$L$124<>""))>0,"Navigational",IF(SUMPRODUCT(ISNUMBER(SEARCH(" "&Settings!$L$5:$L$124&" "," "&M17&" "))*(Settings!$K$5:$K$124="Transactional")*(Settings!$L$5:$L$124<>""))>0,"Transactional",IF(SUMPRODUCT(ISNUMBER(SEARCH(" "&Settings!$L$5:$L$124&" "," "&M17&" "))*(Settings!$K$5:$K$124="Commercial")*(Settings!$L$5:$L$124<>""))>0,"Commercial",IF(SUMPRODUCT(ISNUMBER(SEARCH(" "&Settings!$L$5:$L$124&" "," "&M17&" "))*(Settings!$K$5:$K$124="Informational")*(Settings!$L$5:$L$124<>""))>0,"Informational","Unclassified"))))) | O17: =IF(A17="","",IF(K17<>"",PROPER(K17),N17)) | P17: =IF(A17="","",ROUND(Settings!$B$5*MIN(1,LOG10(N(C17)+1)/LOG10(Settings!$B$7+1))+Settings!$B$6*(1-MIN(100,IF(D17="",50,N(D17)))/100)+IFERROR(INDEX(Settings!$B$10:$B$14,MATCH(O17,Settings!$A$10:$A$14,0)),0),0)) | Q17: =IF(OR(A17="",G17=""),"",COUNTIFS($M$3:$M$1002,M17,$G$3:$G$1002,"<>"&SUBSTITUTE(SUBSTITUTE(G17,"?","~?"),"*","~*"),$G$3:$G$1002,"?*")) | R17: =IF(Q17="","",IF(Q17>0,"Yes","No")) | S17: =IF(G17="","",COUNTIFS($G$3:$G$1002,SUBSTITUTE(SUBSTITUTE(G17,"?","~?"),"*","~*"),$J$3:$J$1002,"Primary")) | T17: =IF(S17="","",IF(S17>Settings!$B$4,"Yes","No")) | U17: =IF(OR(G17="",B17=""),"",IF(COUNTIFS($G$3:$G$1002,SUBSTITUTE(SUBSTITUTE(G17,"?","~?"),"*","~*"),$B$3:$B$1002,"<>"&SUBSTITUTE(SUBSTITUTE(B17,"?","~?"),"*","~*"),$B$3:$B$1002,"?*")>0,"Yes","No")) | V17: =IF(OR(G17="",I17="",O17="",O17="Unclassified"),"",IFERROR(INDEX(Settings!$E$5:$H$16,MATCH(I17,Settings!$D$5:$D$16,0),MATCH(O17,Settings!$E$4:$H$4,0)),"Check")) | W17: =IF(V17="","",IF(V17="No","Yes","No")) | X17: =IF(OR(E17="",G17=""),"",IF(LOWER(IF(RIGHT(TRIM(E17),1)="/",LEFT(TRIM(E17),LEN(TRIM(E17))-1),TRIM(E17)))<>LOWER(IF(RIGHT(TRIM(G17),1)="/",LEFT(TRIM(G17),LEN(TRIM(G17))-1),TRIM(G17))),"Yes","No")) | Y17: =IF(A17="","",(N(Q17)>0)+(T17="Yes")+(U17="Yes")+(W17="Yes")+(X17="Yes")) | Z17: =IF(A17="","",IF(G17="","Not mapped",IF(Y17=0,"OK",MID(IF(N(Q17)>0,"; Cannibalisation","")&IF(T17="Yes","; Too many primary keywords on URL","")&IF(U17="Yes","; URL spans 2+ clusters","")&IF(W17="Yes","; Intent mismatch","")&IF(X17="Yes","; Ranking URL is not the target",""),3,300)))) | AA17: =IF(G17="","",IF(COUNTIF($G$3:G17,SUBSTITUTE(SUBSTITUTE(G17,"?","~?"),"*","~*"))=1,MAX($AA$2:AA16)+1,"")) | AB17: =IF(B17="","",IF(COUNTIF($B$3:B17,SUBSTITUTE(SUBSTITUTE(B17,"?","~?"),"*","~*"))=1,MAX($AB$2:AB16)+1,""))
A18: asics gel nimbus review | B18: Brand comparisons | C18: 1300 | D18: 33 | G18: https://www.stride-example.com/reviews/asics-gel-nimbus/ | H18: Planned | I18: Comparison / review | J18: Primary | M18: =IF(A18="","",LOWER(TRIM(SUBSTITUTE(SUBSTITUTE(A18,"?",""),"*","")))) | N18: =IF(M18="","",IF(SUMPRODUCT(ISNUMBER(SEARCH(" "&Settings!$L$5:$L$124&" "," "&M18&" "))*(Settings!$K$5:$K$124="Navigational")*(Settings!$L$5:$L$124<>""))>0,"Navigational",IF(SUMPRODUCT(ISNUMBER(SEARCH(" "&Settings!$L$5:$L$124&" "," "&M18&" "))*(Settings!$K$5:$K$124="Transactional")*(Settings!$L$5:$L$124<>""))>0,"Transactional",IF(SUMPRODUCT(ISNUMBER(SEARCH(" "&Settings!$L$5:$L$124&" "," "&M18&" "))*(Settings!$K$5:$K$124="Commercial")*(Settings!$L$5:$L$124<>""))>0,"Commercial",IF(SUMPRODUCT(ISNUMBER(SEARCH(" "&Settings!$L$5:$L$124&" "," "&M18&" "))*(Settings!$K$5:$K$124="Informational")*(Settings!$L$5:$L$124<>""))>0,"Informational","Unclassified"))))) | O18: =IF(A18="","",IF(K18<>"",PROPER(K18),N18)) | P18: =IF(A18="","",ROUND(Settings!$B$5*MIN(1,LOG10(N(C18)+1)/LOG10(Settings!$B$7+1))+Settings!$B$6*(1-MIN(100,IF(D18="",50,N(D18)))/100)+IFERROR(INDEX(Settings!$B$10:$B$14,MATCH(O18,Settings!$A$10:$A$14,0)),0),0)) | Q18: =IF(OR(A18="",G18=""),"",COUNTIFS($M$3:$M$1002,M18,$G$3:$G$1002,"<>"&SUBSTITUTE(SUBSTITUTE(G18,"?","~?"),"*","~*"),$G$3:$G$1002,"?*")) | R18: =IF(Q18="","",IF(Q18>0,"Yes","No")) | S18: =IF(G18="","",COUNTIFS($G$3:$G$1002,SUBSTITUTE(SUBSTITUTE(G18,"?","~?"),"*","~*"),$J$3:$J$1002,"Primary")) | T18: =IF(S18="","",IF(S18>Settings!$B$4,"Yes","No")) | U18: =IF(OR(G18="",B18=""),"",IF(COUNTIFS($G$3:$G$1002,SUBSTITUTE(SUBSTITUTE(G18,"?","~?"),"*","~*"),$B$3:$B$1002,"<>"&SUBSTITUTE(SUBSTITUTE(B18,"?","~?"),"*","~*"),$B$3:$B$1002,"?*")>0,"Yes","No")) | V18: =IF(OR(G18="",I18="",O18="",O18="Unclassified"),"",IFERROR(INDEX(Settings!$E$5:$H$16,MATCH(I18,Settings!$D$5:$D$16,0),MATCH(O18,Settings!$E$4:$H$4,0)),"Check")) | W18: =IF(V18="","",IF(V18="No","Yes","No")) | X18: =IF(OR(E18="",G18=""),"",IF(LOWER(IF(RIGHT(TRIM(E18),1)="/",LEFT(TRIM(E18),LEN(TRIM(E18))-1),TRIM(E18)))<>LOWER(IF(RIGHT(TRIM(G18),1)="/",LEFT(TRIM(G18),LEN(TRIM(G18))-1),TRIM(G18))),"Yes","No")) | Y18: =IF(A18="","",(N(Q18)>0)+(T18="Yes")+(U18="Yes")+(W18="Yes")+(X18="Yes")) | Z18: =IF(A18="","",IF(G18="","Not mapped",IF(Y18=0,"OK",MID(IF(N(Q18)>0,"; Cannibalisation","")&IF(T18="Yes","; Too many primary keywords on URL","")&IF(U18="Yes","; URL spans 2+ clusters","")&IF(W18="Yes","; Intent mismatch","")&IF(X18="Yes","; Ranking URL is not the target",""),3,300)))) | AA18: =IF(G18="","",IF(COUNTIF($G$3:G18,SUBSTITUTE(SUBSTITUTE(G18,"?","~?"),"*","~*"))=1,MAX($AA$2:AA17)+1,"")) | AB18: =IF(B18="","",IF(COUNTIF($B$3:B18,SUBSTITUTE(SUBSTITUTE(B18,"?","~?"),"*","~*"))=1,MAX($AB$2:AB17)+1,""))
A19: stride and co discount code | B19: Brand & store | C19: 390 | D19: 5 | E19: https://www.stride-example.com/offers/ | F19: 2 | G19: https://www.stride-example.com/offers/ | H19: Existing | I19: Landing page | J19: Primary | M19: =IF(A19="","",LOWER(TRIM(SUBSTITUTE(SUBSTITUTE(A19,"?",""),"*","")))) | N19: =IF(M19="","",IF(SUMPRODUCT(ISNUMBER(SEARCH(" "&Settings!$L$5:$L$124&" "," "&M19&" "))*(Settings!$K$5:$K$124="Navigational")*(Settings!$L$5:$L$124<>""))>0,"Navigational",IF(SUMPRODUCT(ISNUMBER(SEARCH(" "&Settings!$L$5:$L$124&" "," "&M19&" "))*(Settings!$K$5:$K$124="Transactional")*(Settings!$L$5:$L$124<>""))>0,"Transactional",IF(SUMPRODUCT(ISNUMBER(SEARCH(" "&Settings!$L$5:$L$124&" "," "&M19&" "))*(Settings!$K$5:$K$124="Commercial")*(Settings!$L$5:$L$124<>""))>0,"Commercial",IF(SUMPRODUCT(ISNUMBER(SEARCH(" "&Settings!$L$5:$L$124&" "," "&M19&" "))*(Settings!$K$5:$K$124="Informational")*(Settings!$L$5:$L$124<>""))>0,"Informational","Unclassified"))))) | O19: =IF(A19="","",IF(K19<>"",PROPER(K19),N19)) | P19: =IF(A19="","",ROUND(Settings!$B$5*MIN(1,LOG10(N(C19)+1)/LOG10(Settings!$B$7+1))+Settings!$B$6*(1-MIN(100,IF(D19="",50,N(D19)))/100)+IFERROR(INDEX(Settings!$B$10:$B$14,MATCH(O19,Settings!$A$10:$A$14,0)),0),0)) | Q19: =IF(OR(A19="",G19=""),"",COUNTIFS($M$3:$M$1002,M19,$G$3:$G$1002,"<>"&SUBSTITUTE(SUBSTITUTE(G19,"?","~?"),"*","~*"),$G$3:$G$1002,"?*")) | R19: =IF(Q19="","",IF(Q19>0,"Yes","No")) | S19: =IF(G19="","",COUNTIFS($G$3:$G$1002,SUBSTITUTE(SUBSTITUTE(G19,"?","~?"),"*","~*"),$J$3:$J$1002,"Primary")) | T19: =IF(S19="","",IF(S19>Settings!$B$4,"Yes","No")) | U19: =IF(OR(G19="",B19=""),"",IF(COUNTIFS($G$3:$G$1002,SUBSTITUTE(SUBSTITUTE(G19,"?","~?"),"*","~*"),$B$3:$B$1002,"<>"&SUBSTITUTE(SUBSTITUTE(B19,"?","~?"),"*","~*"),$B$3:$B$1002,"?*")>0,"Yes","No")) | V19: =IF(OR(G19="",I19="",O19="",O19="Unclassified"),"",IFERROR(INDEX(Settings!$E$5:$H$16,MATCH(I19,Settings!$D$5:$D$16,0),MATCH(O19,Settings!$E$4:$H$4,0)),"Check")) | W19: =IF(V19="","",IF(V19="No","Yes","No")) | X19: =IF(OR(E19="",G19=""),"",IF(LOWER(IF(RIGHT(TRIM(E19),1)="/",LEFT(TRIM(E19),LEN(TRIM(E19))-1),TRIM(E19)))<>LOWER(IF(RIGHT(TRIM(G19),1)="/",LEFT(TRIM(G19),LEN(TRIM(G19))-1),TRIM(G19))),"Yes","No")) | Y19: =IF(A19="","",(N(Q19)>0)+(T19="Yes")+(U19="Yes")+(W19="Yes")+(X19="Yes")) | Z19: =IF(A19="","",IF(G19="","Not mapped",IF(Y19=0,"OK",MID(IF(N(Q19)>0,"; Cannibalisation","")&IF(T19="Yes","; Too many primary keywords on URL","")&IF(U19="Yes","; URL spans 2+ clusters","")&IF(W19="Yes","; Intent mismatch","")&IF(X19="Yes","; Ranking URL is not the target",""),3,300)))) | AA19: =IF(G19="","",IF(COUNTIF($G$3:G19,SUBSTITUTE(SUBSTITUTE(G19,"?","~?"),"*","~*"))=1,MAX($AA$2:AA18)+1,"")) | AB19: =IF(B19="","",IF(COUNTIF($B$3:B19,SUBSTITUTE(SUBSTITUTE(B19,"?","~?"),"*","~*"))=1,MAX($AB$2:AB18)+1,""))
A20: stride and co returns | B20: Brand & store | C20: 170 | D20: 3 | E20: https://www.stride-example.com/help/returns/ | F20: 1 | G20: https://www.stride-example.com/help/returns/ | H20: Existing | I20: Support / docs | J20: Primary | M20: =IF(A20="","",LOWER(TRIM(SUBSTITUTE(SUBSTITUTE(A20,"?",""),"*","")))) | N20: =IF(M20="","",IF(SUMPRODUCT(ISNUMBER(SEARCH(" "&Settings!$L$5:$L$124&" "," "&M20&" "))*(Settings!$K$5:$K$124="Navigational")*(Settings!$L$5:$L$124<>""))>0,"Navigational",IF(SUMPRODUCT(ISNUMBER(SEARCH(" "&Settings!$L$5:$L$124&" "," "&M20&" "))*(Settings!$K$5:$K$124="Transactional")*(Settings!$L$5:$L$124<>""))>0,"Transactional",IF(SUMPRODUCT(ISNUMBER(SEARCH(" "&Settings!$L$5:$L$124&" "," "&M20&" "))*(Settings!$K$5:$K$124="Commercial")*(Settings!$L$5:$L$124<>""))>0,"Commercial",IF(SUMPRODUCT(ISNUMBER(SEARCH(" "&Settings!$L$5:$L$124&" "," "&M20&" "))*(Settings!$K$5:$K$124="Informational")*(Settings!$L$5:$L$124<>""))>0,"Informational","Unclassified"))))) | O20: =IF(A20="","",IF(K20<>"",PROPER(K20),N20)) | P20: =IF(A20="","",ROUND(Settings!$B$5*MIN(1,LOG10(N(C20)+1)/LOG10(Settings!$B$7+1))+Settings!$B$6*(1-MIN(100,IF(D20="",50,N(D20)))/100)+IFERROR(INDEX(Settings!$B$10:$B$14,MATCH(O20,Settings!$A$10:$A$14,0)),0),0)) | Q20: =IF(OR(A20="",G20=""),"",COUNTIFS($M$3:$M$1002,M20,$G$3:$G$1002,"<>"&SUBSTITUTE(SUBSTITUTE(G20,"?","~?"),"*","~*"),$G$3:$G$1002,"?*")) | R20: =IF(Q20="","",IF(Q20>0,"Yes","No")) | S20: =IF(G20="","",COUNTIFS($G$3:$G$1002,SUBSTITUTE(SUBSTITUTE(G20,"?","~?"),"*","~*"),$J$3:$J$1002,"Primary")) | T20: =IF(S20="","",IF(S20>Settings!$B$4,"Yes","No")) | U20: =IF(OR(G20="",B20=""),"",IF(COUNTIFS($G$3:$G$1002,SUBSTITUTE(SUBSTITUTE(G20,"?","~?"),"*","~*"),$B$3:$B$1002,"<>"&SUBSTITUTE(SUBSTITUTE(B20,"?","~?"),"*","~*"),$B$3:$B$1002,"?*")>0,"Yes","No")) | V20: =IF(OR(G20="",I20="",O20="",O20="Unclassified"),"",IFERROR(INDEX(Settings!$E$5:$H$16,MATCH(I20,Settings!$D$5:$D$16,0),MATCH(O20,Settings!$E$4:$H$4,0)),"Check")) | W20: =IF(V20="","",IF(V20="No","Yes","No")) | X20: =IF(OR(E20="",G20=""),"",IF(LOWER(IF(RIGHT(TRIM(E20),1)="/",LEFT(TRIM(E20),LEN(TRIM(E20))-1),TRIM(E20)))<>LOWER(IF(RIGHT(TRIM(G20),1)="/",LEFT(TRIM(G20),LEN(TRIM(G20))-1),TRIM(G20))),"Yes","No")) | Y20: =IF(A20="","",(N(Q20)>0)+(T20="Yes")+(U20="Yes")+(W20="Yes")+(X20="Yes")) | Z20: =IF(A20="","",IF(G20="","Not mapped",IF(Y20=0,"OK",MID(IF(N(Q20)>0,"; Cannibalisation","")&IF(T20="Yes","; Too many primary keywords on URL","")&IF(U20="Yes","; URL spans 2+ clusters","")&IF(W20="Yes","; Intent mismatch","")&IF(X20="Yes","; Ranking URL is not the target",""),3,300)))) | AA20: =IF(G20="","",IF(COUNTIF($G$3:G20,SUBSTITUTE(SUBSTITUTE(G20,"?","~?"),"*","~*"))=1,MAX($AA$2:AA19)+1,"")) | AB20: =IF(B20="","",IF(COUNTIF($B$3:B20,SUBSTITUTE(SUBSTITUTE(B20,"?","~?"),"*","~*"))=1,MAX($AB$2:AB19)+1,""))
A21: running shoe shop london | B21: Brand & store | C21: 880 | D21: 38 | E21: https://www.stride-example.com/stores/london/ | F21: 5 | G21: https://www.stride-example.com/stores/london/ | H21: Existing | I21: Store / location page | J21: Primary | M21: =IF(A21="","",LOWER(TRIM(SUBSTITUTE(SUBSTITUTE(A21,"?",""),"*","")))) | N21: =IF(M21="","",IF(SUMPRODUCT(ISNUMBER(SEARCH(" "&Settings!$L$5:$L$124&" "," "&M21&" "))*(Settings!$K$5:$K$124="Navigational")*(Settings!$L$5:$L$124<>""))>0,"Navigational",IF(SUMPRODUCT(ISNUMBER(SEARCH(" "&Settings!$L$5:$L$124&" "," "&M21&" "))*(Settings!$K$5:$K$124="Transactional")*(Settings!$L$5:$L$124<>""))>0,"Transactional",IF(SUMPRODUCT(ISNUMBER(SEARCH(" "&Settings!$L$5:$L$124&" "," "&M21&" "))*(Settings!$K$5:$K$124="Commercial")*(Settings!$L$5:$L$124<>""))>0,"Commercial",IF(SUMPRODUCT(ISNUMBER(SEARCH(" "&Settings!$L$5:$L$124&" "," "&M21&" "))*(Settings!$K$5:$K$124="Informational")*(Settings!$L$5:$L$124<>""))>0,"Informational","Unclassified"))))) | O21: =IF(A21="","",IF(K21<>"",PROPER(K21),N21)) | P21: =IF(A21="","",ROUND(Settings!$B$5*MIN(1,LOG10(N(C21)+1)/LOG10(Settings!$B$7+1))+Settings!$B$6*(1-MIN(100,IF(D21="",50,N(D21)))/100)+IFERROR(INDEX(Settings!$B$10:$B$14,MATCH(O21,Settings!$A$10:$A$14,0)),0),0)) | Q21: =IF(OR(A21="",G21=""),"",COUNTIFS($M$3:$M$1002,M21,$G$3:$G$1002,"<>"&SUBSTITUTE(SUBSTITUTE(G21,"?","~?"),"*","~*"),$G$3:$G$1002,"?*")) | R21: =IF(Q21="","",IF(Q21>0,"Yes","No")) | S21: =IF(G21="","",COUNTIFS($G$3:$G$1002,SUBSTITUTE(SUBSTITUTE(G21,"?","~?"),"*","~*"),$J$3:$J$1002,"Primary")) | T21: =IF(S21="","",IF(S21>Settings!$B$4,"Yes","No")) | U21: =IF(OR(G21="",B21=""),"",IF(COUNTIFS($G$3:$G$1002,SUBSTITUTE(SUBSTITUTE(G21,"?","~?"),"*","~*"),$B$3:$B$1002,"<>"&SUBSTITUTE(SUBSTITUTE(B21,"?","~?"),"*","~*"),$B$3:$B$1002,"?*")>0,"Yes","No")) | V21: =IF(OR(G21="",I21="",O21="",O21="Unclassified"),"",IFERROR(INDEX(Settings!$E$5:$H$16,MATCH(I21,Settings!$D$5:$D$16,0),MATCH(O21,Settings!$E$4:$H$4,0)),"Check")) | W21: =IF(V21="","",IF(V21="No","Yes","No")) | X21: =IF(OR(E21="",G21=""),"",IF(LOWER(IF(RIGHT(TRIM(E21),1)="/",LEFT(TRIM(E21),LEN(TRIM(E21))-1),TRIM(E21)))<>LOWER(IF(RIGHT(TRIM(G21),1)="/",LEFT(TRIM(G21),LEN(TRIM(G21))-1),TRIM(G21))),"Yes","No")) | Y21: =IF(A21="","",(N(Q21)>0)+(T21="Yes")+(U21="Yes")+(W21="Yes")+(X21="Yes")) | Z21: =IF(A21="","",IF(G21="","Not mapped",IF(Y21=0,"OK",MID(IF(N(Q21)>0,"; Cannibalisation","")&IF(T21="Yes","; Too many primary keywords on URL","")&IF(U21="Yes","; URL spans 2+ clusters","")&IF(W21="Yes","; Intent mismatch","")&IF(X21="Yes","; Ranking URL is not the target",""),3,300)))) | AA21: =IF(G21="","",IF(COUNTIF($G$3:G21,SUBSTITUTE(SUBSTITUTE(G21,"?","~?"),"*","~*"))=1,MAX($AA$2:AA20)+1,"")) | AB21: =IF(B21="","",IF(COUNTIF($B$3:B21,SUBSTITUTE(SUBSTITUTE(B21,"?","~?"),"*","~*"))=1,MAX($AB$2:AB20)+1,""))
A22: gait analysis near me | B22: Gait analysis | C22: 1000 | D22: 30 | E22: https://www.stride-example.com/stores/london/ | F22: 7 | G22: https://www.stride-example.com/stores/london/ | H22: Existing | I22: Store / location page | J22: Secondary | M22: =IF(A22="","",LOWER(TRIM(SUBSTITUTE(SUBSTITUTE(A22,"?",""),"*","")))) | N22: =IF(M22="","",IF(SUMPRODUCT(ISNUMBER(SEARCH(" "&Settings!$L$5:$L$124&" "," "&M22&" "))*(Settings!$K$5:$K$124="Navigational")*(Settings!$L$5:$L$124<>""))>0,"Navigational",IF(SUMPRODUCT(ISNUMBER(SEARCH(" "&Settings!$L$5:$L$124&" "," "&M22&" "))*(Settings!$K$5:$K$124="Transactional")*(Settings!$L$5:$L$124<>""))>0,"Transactional",IF(SUMPRODUCT(ISNUMBER(SEARCH(" "&Settings!$L$5:$L$124&" "," "&M22&" "))*(Settings!$K$5:$K$124="Commercial")*(Settings!$L$5:$L$124<>""))>0,"Commercial",IF(SUMPRODUCT(ISNUMBER(SEARCH(" "&Settings!$L$5:$L$124&" "," "&M22&" "))*(Settings!$K$5:$K$124="Informational")*(Settings!$L$5:$L$124<>""))>0,"Informational","Unclassified"))))) | O22: =IF(A22="","",IF(K22<>"",PROPER(K22),N22)) | P22: =IF(A22="","",ROUND(Settings!$B$5*MIN(1,LOG10(N(C22)+1)/LOG10(Settings!$B$7+1))+Settings!$B$6*(1-MIN(100,IF(D22="",50,N(D22)))/100)+IFERROR(INDEX(Settings!$B$10:$B$14,MATCH(O22,Settings!$A$10:$A$14,0)),0),0)) | Q22: =IF(OR(A22="",G22=""),"",COUNTIFS($M$3:$M$1002,M22,$G$3:$G$1002,"<>"&SUBSTITUTE(SUBSTITUTE(G22,"?","~?"),"*","~*"),$G$3:$G$1002,"?*")) | R22: =IF(Q22="","",IF(Q22>0,"Yes","No")) | S22: =IF(G22="","",COUNTIFS($G$3:$G$1002,SUBSTITUTE(SUBSTITUTE(G22,"?","~?"),"*","~*"),$J$3:$J$1002,"Primary")) | T22: =IF(S22="","",IF(S22>Settings!$B$4,"Yes","No")) | U22: =IF(OR(G22="",B22=""),"",IF(COUNTIFS($G$3:$G$1002,SUBSTITUTE(SUBSTITUTE(G22,"?","~?"),"*","~*"),$B$3:$B$1002,"<>"&SUBSTITUTE(SUBSTITUTE(B22,"?","~?"),"*","~*"),$B$3:$B$1002,"?*")>0,"Yes","No")) | V22: =IF(OR(G22="",I22="",O22="",O22="Unclassified"),"",IFERROR(INDEX(Settings!$E$5:$H$16,MATCH(I22,Settings!$D$5:$D$16,0),MATCH(O22,Settings!$E$4:$H$4,0)),"Check")) | W22: =IF(V22="","",IF(V22="No","Yes","No")) | X22: =IF(OR(E22="",G22=""),"",IF(LOWER(IF(RIGHT(TRIM(E22),1)="/",LEFT(TRIM(E22),LEN(TRIM(E22))-1),TRIM(E22)))<>LOWER(IF(RIGHT(TRIM(G22),1)="/",LEFT(TRIM(G22),LEN(TRIM(G22))-1),TRIM(G22))),"Yes","No")) | Y22: =IF(A22="","",(N(Q22)>0)+(T22="Yes")+(U22="Yes")+(W22="Yes")+(X22="Yes")) | Z22: =IF(A22="","",IF(G22="","Not mapped",IF(Y22=0,"OK",MID(IF(N(Q22)>0,"; Cannibalisation","")&IF(T22="Yes","; Too many primary keywords on URL","")&IF(U22="Yes","; URL spans 2+ clusters","")&IF(W22="Yes","; Intent mismatch","")&IF(X22="Yes","; Ranking URL is not the target",""),3,300)))) | AA22: =IF(G22="","",IF(COUNTIF($G$3:G22,SUBSTITUTE(SUBSTITUTE(G22,"?","~?"),"*","~*"))=1,MAX($AA$2:AA21)+1,"")) | AB22: =IF(B22="","",IF(COUNTIF($B$3:B22,SUBSTITUTE(SUBSTITUTE(B22,"?","~?"),"*","~*"))=1,MAX($AB$2:AB21)+1,""))
A23: gait analysis | B23: Gait analysis | C23: 2400 | D23: 36 | E23: https://www.stride-example.com/services/gait-analysis/ | F23: 9 | G23: https://www.stride-example.com/services/gait-analysis/ | H23: Existing | I23: Product / service page | J23: Primary | M23: =IF(A23="","",LOWER(TRIM(SUBSTITUTE(SUBSTITUTE(A23,"?",""),"*","")))) | N23: =IF(M23="","",IF(SUMPRODUCT(ISNUMBER(SEARCH(" "&Settings!$L$5:$L$124&" "," "&M23&" "))*(Settings!$K$5:$K$124="Navigational")*(Settings!$L$5:$L$124<>""))>0,"Navigational",IF(SUMPRODUCT(ISNUMBER(SEARCH(" "&Settings!$L$5:$L$124&" "," "&M23&" "))*(Settings!$K$5:$K$124="Transactional")*(Settings!$L$5:$L$124<>""))>0,"Transactional",IF(SUMPRODUCT(ISNUMBER(SEARCH(" "&Settings!$L$5:$L$124&" "," "&M23&" "))*(Settings!$K$5:$K$124="Commercial")*(Settings!$L$5:$L$124<>""))>0,"Commercial",IF(SUMPRODUCT(ISNUMBER(SEARCH(" "&Settings!$L$5:$L$124&" "," "&M23&" "))*(Settings!$K$5:$K$124="Informational")*(Settings!$L$5:$L$124<>""))>0,"Informational","Unclassified"))))) | O23: =IF(A23="","",IF(K23<>"",PROPER(K23),N23)) | P23: =IF(A23="","",ROUND(Settings!$B$5*MIN(1,LOG10(N(C23)+1)/LOG10(Settings!$B$7+1))+Settings!$B$6*(1-MIN(100,IF(D23="",50,N(D23)))/100)+IFERROR(INDEX(Settings!$B$10:$B$14,MATCH(O23,Settings!$A$10:$A$14,0)),0),0)) | Q23: =IF(OR(A23="",G23=""),"",COUNTIFS($M$3:$M$1002,M23,$G$3:$G$1002,"<>"&SUBSTITUTE(SUBSTITUTE(G23,"?","~?"),"*","~*"),$G$3:$G$1002,"?*")) | R23: =IF(Q23="","",IF(Q23>0,"Yes","No")) | S23: =IF(G23="","",COUNTIFS($G$3:$G$1002,SUBSTITUTE(SUBSTITUTE(G23,"?","~?"),"*","~*"),$J$3:$J$1002,"Primary")) | T23: =IF(S23="","",IF(S23>Settings!$B$4,"Yes","No")) | U23: =IF(OR(G23="",B23=""),"",IF(COUNTIFS($G$3:$G$1002,SUBSTITUTE(SUBSTITUTE(G23,"?","~?"),"*","~*"),$B$3:$B$1002,"<>"&SUBSTITUTE(SUBSTITUTE(B23,"?","~?"),"*","~*"),$B$3:$B$1002,"?*")>0,"Yes","No")) | V23: =IF(OR(G23="",I23="",O23="",O23="Unclassified"),"",IFERROR(INDEX(Settings!$E$5:$H$16,MATCH(I23,Settings!$D$5:$D$16,0),MATCH(O23,Settings!$E$4:$H$4,0)),"Check")) | W23: =IF(V23="","",IF(V23="No","Yes","No")) | X23: =IF(OR(E23="",G23=""),"",IF(LOWER(IF(RIGHT(TRIM(E23),1)="/",LEFT(TRIM(E23),LEN(TRIM(E23))-1),TRIM(E23)))<>LOWER(IF(RIGHT(TRIM(G23),1)="/",LEFT(TRIM(G23),LEN(TRIM(G23))-1),TRIM(G23))),"Yes","No")) | Y23: =IF(A23="","",(N(Q23)>0)+(T23="Yes")+(U23="Yes")+(W23="Yes")+(X23="Yes")) | Z23: =IF(A23="","",IF(G23="","Not mapped",IF(Y23=0,"OK",MID(IF(N(Q23)>0,"; Cannibalisation","")&IF(T23="Yes","; Too many primary keywords on URL","")&IF(U23="Yes","; URL spans 2+ clusters","")&IF(W23="Yes","; Intent mismatch","")&IF(X23="Yes","; Ranking URL is not the target",""),3,300)))) | AA23: =IF(G23="","",IF(COUNTIF($G$3:G23,SUBSTITUTE(SUBSTITUTE(G23,"?","~?"),"*","~*"))=1,MAX($AA$2:AA22)+1,"")) | AB23: =IF(B23="","",IF(COUNTIF($B$3:B23,SUBSTITUTE(SUBSTITUTE(B23,"?","~?"),"*","~*"))=1,MAX($AB$2:AB22)+1,""))
A24: running shoes sale | B24: Deals | C24: 1600 | D24: 41 | E24: https://www.stride-example.com/sale/ | F24: 3 | G24: https://www.stride-example.com/sale/ | H24: Existing | I24: Category / collection | J24: Primary | M24: =IF(A24="","",LOWER(TRIM(SUBSTITUTE(SUBSTITUTE(A24,"?",""),"*","")))) | N24: =IF(M24="","",IF(SUMPRODUCT(ISNUMBER(SEARCH(" "&Settings!$L$5:$L$124&" "," "&M24&" "))*(Settings!$K$5:$K$124="Navigational")*(Settings!$L$5:$L$124<>""))>0,"Navigational",IF(SUMPRODUCT(ISNUMBER(SEARCH(" "&Settings!$L$5:$L$124&" "," "&M24&" "))*(Settings!$K$5:$K$124="Transactional")*(Settings!$L$5:$L$124<>""))>0,"Transactional",IF(SUMPRODUCT(ISNUMBER(SEARCH(" "&Settings!$L$5:$L$124&" "," "&M24&" "))*(Settings!$K$5:$K$124="Commercial")*(Settings!$L$5:$L$124<>""))>0,"Commercial",IF(SUMPRODUCT(ISNUMBER(SEARCH(" "&Settings!$L$5:$L$124&" "," "&M24&" "))*(Settings!$K$5:$K$124="Informational")*(Settings!$L$5:$L$124<>""))>0,"Informational","Unclassified"))))) | O24: =IF(A24="","",IF(K24<>"",PROPER(K24),N24)) | P24: =IF(A24="","",ROUND(Settings!$B$5*MIN(1,LOG10(N(C24)+1)/LOG10(Settings!$B$7+1))+Settings!$B$6*(1-MIN(100,IF(D24="",50,N(D24)))/100)+IFERROR(INDEX(Settings!$B$10:$B$14,MATCH(O24,Settings!$A$10:$A$14,0)),0),0)) | Q24: =IF(OR(A24="",G24=""),"",COUNTIFS($M$3:$M$1002,M24,$G$3:$G$1002,"<>"&SUBSTITUTE(SUBSTITUTE(G24,"?","~?"),"*","~*"),$G$3:$G$1002,"?*")) | R24: =IF(Q24="","",IF(Q24>0,"Yes","No")) | S24: =IF(G24="","",COUNTIFS($G$3:$G$1002,SUBSTITUTE(SUBSTITUTE(G24,"?","~?"),"*","~*"),$J$3:$J$1002,"Primary")) | T24: =IF(S24="","",IF(S24>Settings!$B$4,"Yes","No")) | U24: =IF(OR(G24="",B24=""),"",IF(COUNTIFS($G$3:$G$1002,SUBSTITUTE(SUBSTITUTE(G24,"?","~?"),"*","~*"),$B$3:$B$1002,"<>"&SUBSTITUTE(SUBSTITUTE(B24,"?","~?"),"*","~*"),$B$3:$B$1002,"?*")>0,"Yes","No")) | V24: =IF(OR(G24="",I24="",O24="",O24="Unclassified"),"",IFERROR(INDEX(Settings!$E$5:$H$16,MATCH(I24,Settings!$D$5:$D$16,0),MATCH(O24,Settings!$E$4:$H$4,0)),"Check")) | W24: =IF(V24="","",IF(V24="No","Yes","No")) | X24: =IF(OR(E24="",G24=""),"",IF(LOWER(IF(RIGHT(TRIM(E24),1)="/",LEFT(TRIM(E24),LEN(TRIM(E24))-1),TRIM(E24)))<>LOWER(IF(RIGHT(TRIM(G24),1)="/",LEFT(TRIM(G24),LEN(TRIM(G24))-1),TRIM(G24))),"Yes","No")) | Y24: =IF(A24="","",(N(Q24)>0)+(T24="Yes")+(U24="Yes")+(W24="Yes")+(X24="Yes")) | Z24: =IF(A24="","",IF(G24="","Not mapped",IF(Y24=0,"OK",MID(IF(N(Q24)>0,"; Cannibalisation","")&IF(T24="Yes","; Too many primary keywords on URL","")&IF(U24="Yes","; URL spans 2+ clusters","")&IF(W24="Yes","; Intent mismatch","")&IF(X24="Yes","; Ranking URL is not the target",""),3,300)))) | AA24: =IF(G24="","",IF(COUNTIF($G$3:G24,SUBSTITUTE(SUBSTITUTE(G24,"?","~?"),"*","~*"))=1,MAX($AA$2:AA23)+1,"")) | AB24: =IF(B24="","",IF(COUNTIF($B$3:B24,SUBSTITUTE(SUBSTITUTE(B24,"?","~?"),"*","~*"))=1,MAX($AB$2:AB23)+1,""))
A25: cheap running shoes | B25: Deals | C25: 2900 | D25: 45 | E25: https://www.stride-example.com/sale/ | F25: 12 | G25: https://www.stride-example.com/sale/ | H25: Existing | I25: Category / collection | J25: Secondary | M25: =IF(A25="","",LOWER(TRIM(SUBSTITUTE(SUBSTITUTE(A25,"?",""),"*","")))) | N25: =IF(M25="","",IF(SUMPRODUCT(ISNUMBER(SEARCH(" "&Settings!$L$5:$L$124&" "," "&M25&" "))*(Settings!$K$5:$K$124="Navigational")*(Settings!$L$5:$L$124<>""))>0,"Navigational",IF(SUMPRODUCT(ISNUMBER(SEARCH(" "&Settings!$L$5:$L$124&" "," "&M25&" "))*(Settings!$K$5:$K$124="Transactional")*(Settings!$L$5:$L$124<>""))>0,"Transactional",IF(SUMPRODUCT(ISNUMBER(SEARCH(" "&Settings!$L$5:$L$124&" "," "&M25&" "))*(Settings!$K$5:$K$124="Commercial")*(Settings!$L$5:$L$124<>""))>0,"Commercial",IF(SUMPRODUCT(ISNUMBER(SEARCH(" "&Settings!$L$5:$L$124&" "," "&M25&" "))*(Settings!$K$5:$K$124="Informational")*(Settings!$L$5:$L$124<>""))>0,"Informational","Unclassified"))))) | O25: =IF(A25="","",IF(K25<>"",PROPER(K25),N25)) | P25: =IF(A25="","",ROUND(Settings!$B$5*MIN(1,LOG10(N(C25)+1)/LOG10(Settings!$B$7+1))+Settings!$B$6*(1-MIN(100,IF(D25="",50,N(D25)))/100)+IFERROR(INDEX(Settings!$B$10:$B$14,MATCH(O25,Settings!$A$10:$A$14,0)),0),0)) | Q25: =IF(OR(A25="",G25=""),"",COUNTIFS($M$3:$M$1002,M25,$G$3:$G$1002,"<>"&SUBSTITUTE(SUBSTITUTE(G25,"?","~?"),"*","~*"),$G$3:$G$1002,"?*")) | R25: =IF(Q25="","",IF(Q25>0,"Yes","No")) | S25: =IF(G25="","",COUNTIFS($G$3:$G$1002,SUBSTITUTE(SUBSTITUTE(G25,"?","~?"),"*","~*"),$J$3:$J$1002,"Primary")) | T25: =IF(S25="","",IF(S25>Settings!$B$4,"Yes","No")) | U25: =IF(OR(G25="",B25=""),"",IF(COUNTIFS($G$3:$G$1002,SUBSTITUTE(SUBSTITUTE(G25,"?","~?"),"*","~*"),$B$3:$B$1002,"<>"&SUBSTITUTE(SUBSTITUTE(B25,"?","~?"),"*","~*"),$B$3:$B$1002,"?*")>0,"Yes","No")) | V25: =IF(OR(G25="",I25="",O25="",O25="Unclassified"),"",IFERROR(INDEX(Settings!$E$5:$H$16,MATCH(I25,Settings!$D$5:$D$16,0),MATCH(O25,Settings!$E$4:$H$4,0)),"Check")) | W25: =IF(V25="","",IF(V25="No","Yes","No")) | X25: =IF(OR(E25="",G25=""),"",IF(LOWER(IF(RIGHT(TRIM(E25),1)="/",LEFT(TRIM(E25),LEN(TRIM(E25))-1),TRIM(E25)))<>LOWER(IF(RIGHT(TRIM(G25),1)="/",LEFT(TRIM(G25),LEN(TRIM(G25))-1),TRIM(G25))),"Yes","No")) | Y25: =IF(A25="","",(N(Q25)>0)+(T25="Yes")+(U25="Yes")+(W25="Yes")+(X25="Yes")) | Z25: =IF(A25="","",IF(G25="","Not mapped",IF(Y25=0,"OK",MID(IF(N(Q25)>0,"; Cannibalisation","")&IF(T25="Yes","; Too many primary keywords on URL","")&IF(U25="Yes","; URL spans 2+ clusters","")&IF(W25="Yes","; Intent mismatch","")&IF(X25="Yes","; Ranking URL is not the target",""),3,300)))) | AA25: =IF(G25="","",IF(COUNTIF($G$3:G25,SUBSTITUTE(SUBSTITUTE(G25,"?","~?"),"*","~*"))=1,MAX($AA$2:AA24)+1,"")) | AB25: =IF(B25="","",IF(COUNTIF($B$3:B25,SUBSTITUTE(SUBSTITUTE(B25,"?","~?"),"*","~*"))=1,MAX($AB$2:AB24)+1,""))
A26: how often should you replace running shoes | B26: Shoe care | C26: 1900 | D26: 15 | E26: https://www.stride-example.com/blog/replace-running-shoes/ | F26: 3 | G26: https://www.stride-example.com/blog/replace-running-shoes/ | H26: Existing | I26: Blog post / guide | J26: Primary | M26: =IF(A26="","",LOWER(TRIM(SUBSTITUTE(SUBSTITUTE(A26,"?",""),"*","")))) | N26: =IF(M26="","",IF(SUMPRODUCT(ISNUMBER(SEARCH(" "&Settings!$L$5:$L$124&" "," "&M26&" "))*(Settings!$K$5:$K$124="Navigational")*(Settings!$L$5:$L$124<>""))>0,"Navigational",IF(SUMPRODUCT(ISNUMBER(SEARCH(" "&Settings!$L$5:$L$124&" "," "&M26&" "))*(Settings!$K$5:$K$124="Transactional")*(Settings!$L$5:$L$124<>""))>0,"Transactional",IF(SUMPRODUCT(ISNUMBER(SEARCH(" "&Settings!$L$5:$L$124&" "," "&M26&" "))*(Settings!$K$5:$K$124="Commercial")*(Settings!$L$5:$L$124<>""))>0,"Commercial",IF(SUMPRODUCT(ISNUMBER(SEARCH(" "&Settings!$L$5:$L$124&" "," "&M26&" "))*(Settings!$K$5:$K$124="Informational")*(Settings!$L$5:$L$124<>""))>0,"Informational","Unclassified"))))) | O26: =IF(A26="","",IF(K26<>"",PROPER(K26),N26)) | P26: =IF(A26="","",ROUND(Settings!$B$5*MIN(1,LOG10(N(C26)+1)/LOG10(Settings!$B$7+1))+Settings!$B$6*(1-MIN(100,IF(D26="",50,N(D26)))/100)+IFERROR(INDEX(Settings!$B$10:$B$14,MATCH(O26,Settings!$A$10:$A$14,0)),0),0)) | Q26: =IF(OR(A26="",G26=""),"",COUNTIFS($M$3:$M$1002,M26,$G$3:$G$1002,"<>"&SUBSTITUTE(SUBSTITUTE(G26,"?","~?"),"*","~*"),$G$3:$G$1002,"?*")) | R26: =IF(Q26="","",IF(Q26>0,"Yes","No")) | S26: =IF(G26="","",COUNTIFS($G$3:$G$1002,SUBSTITUTE(SUBSTITUTE(G26,"?","~?"),"*","~*"),$J$3:$J$1002,"Primary")) | T26: =IF(S26="","",IF(S26>Settings!$B$4,"Yes","No")) | U26: =IF(OR(G26="",B26=""),"",IF(COUNTIFS($G$3:$G$1002,SUBSTITUTE(SUBSTITUTE(G26,"?","~?"),"*","~*"),$B$3:$B$1002,"<>"&SUBSTITUTE(SUBSTITUTE(B26,"?","~?"),"*","~*"),$B$3:$B$1002,"?*")>0,"Yes","No")) | V26: =IF(OR(G26="",I26="",O26="",O26="Unclassified"),"",IFERROR(INDEX(Settings!$E$5:$H$16,MATCH(I26,Settings!$D$5:$D$16,0),MATCH(O26,Settings!$E$4:$H$4,0)),"Check")) | W26: =IF(V26="","",IF(V26="No","Yes","No")) | X26: =IF(OR(E26="",G26=""),"",IF(LOWER(IF(RIGHT(TRIM(E26),1)="/",LEFT(TRIM(E26),LEN(TRIM(E26))-1),TRIM(E26)))<>LOWER(IF(RIGHT(TRIM(G26),1)="/",LEFT(TRIM(G26),LEN(TRIM(G26))-1),TRIM(G26))),"Yes","No")) | Y26: =IF(A26="","",(N(Q26)>0)+(T26="Yes")+(U26="Yes")+(W26="Yes")+(X26="Yes")) | Z26: =IF(A26="","",IF(G26="","Not mapped",IF(Y26=0,"OK",MID(IF(N(Q26)>0,"; Cannibalisation","")&IF(T26="Yes","; Too many primary keywords on URL","")&IF(U26="Yes","; URL spans 2+ clusters","")&IF(W26="Yes","; Intent mismatch","")&IF(X26="Yes","; Ranking URL is not the target",""),3,300)))) | AA26: =IF(G26="","",IF(COUNTIF($G$3:G26,SUBSTITUTE(SUBSTITUTE(G26,"?","~?"),"*","~*"))=1,MAX($AA$2:AA25)+1,"")) | AB26: =IF(B26="","",IF(COUNTIF($B$3:B26,SUBSTITUTE(SUBSTITUTE(B26,"?","~?"),"*","~*"))=1,MAX($AB$2:AB25)+1,""))
A27: how to clean running shoes | B27: Shoe care | C27: 1600 | D27: 19 | G27: https://www.stride-example.com/blog/clean-running-shoes/ | H27: Planned | I27: Blog post / guide | J27: Primary | M27: =IF(A27="","",LOWER(TRIM(SUBSTITUTE(SUBSTITUTE(A27,"?",""),"*","")))) | N27: =IF(M27="","",IF(SUMPRODUCT(ISNUMBER(SEARCH(" "&Settings!$L$5:$L$124&" "," "&M27&" "))*(Settings!$K$5:$K$124="Navigational")*(Settings!$L$5:$L$124<>""))>0,"Navigational",IF(SUMPRODUCT(ISNUMBER(SEARCH(" "&Settings!$L$5:$L$124&" "," "&M27&" "))*(Settings!$K$5:$K$124="Transactional")*(Settings!$L$5:$L$124<>""))>0,"Transactional",IF(SUMPRODUCT(ISNUMBER(SEARCH(" "&Settings!$L$5:$L$124&" "," "&M27&" "))*(Settings!$K$5:$K$124="Commercial")*(Settings!$L$5:$L$124<>""))>0,"Commercial",IF(SUMPRODUCT(ISNUMBER(SEARCH(" "&Settings!$L$5:$L$124&" "," "&M27&" "))*(Settings!$K$5:$K$124="Informational")*(Settings!$L$5:$L$124<>""))>0,"Informational","Unclassified"))))) | O27: =IF(A27="","",IF(K27<>"",PROPER(K27),N27)) | P27: =IF(A27="","",ROUND(Settings!$B$5*MIN(1,LOG10(N(C27)+1)/LOG10(Settings!$B$7+1))+Settings!$B$6*(1-MIN(100,IF(D27="",50,N(D27)))/100)+IFERROR(INDEX(Settings!$B$10:$B$14,MATCH(O27,Settings!$A$10:$A$14,0)),0),0)) | Q27: =IF(OR(A27="",G27=""),"",COUNTIFS($M$3:$M$1002,M27,$G$3:$G$1002,"<>"&SUBSTITUTE(SUBSTITUTE(G27,"?","~?"),"*","~*"),$G$3:$G$1002,"?*")) | R27: =IF(Q27="","",IF(Q27>0,"Yes","No")) | S27: =IF(G27="","",COUNTIFS($G$3:$G$1002,SUBSTITUTE(SUBSTITUTE(G27,"?","~?"),"*","~*"),$J$3:$J$1002,"Primary")) | T27: =IF(S27="","",IF(S27>Settings!$B$4,"Yes","No")) | U27: =IF(OR(G27="",B27=""),"",IF(COUNTIFS($G$3:$G$1002,SUBSTITUTE(SUBSTITUTE(G27,"?","~?"),"*","~*"),$B$3:$B$1002,"<>"&SUBSTITUTE(SUBSTITUTE(B27,"?","~?"),"*","~*"),$B$3:$B$1002,"?*")>0,"Yes","No")) | V27: =IF(OR(G27="",I27="",O27="",O27="Unclassified"),"",IFERROR(INDEX(Settings!$E$5:$H$16,MATCH(I27,Settings!$D$5:$D$16,0),MATCH(O27,Settings!$E$4:$H$4,0)),"Check")) | W27: =IF(V27="","",IF(V27="No","Yes","No")) | X27: =IF(OR(E27="",G27=""),"",IF(LOWER(IF(RIGHT(TRIM(E27),1)="/",LEFT(TRIM(E27),LEN(TRIM(E27))-1),TRIM(E27)))<>LOWER(IF(RIGHT(TRIM(G27),1)="/",LEFT(TRIM(G27),LEN(TRIM(G27))-1),TRIM(G27))),"Yes","No")) | Y27: =IF(A27="","",(N(Q27)>0)+(T27="Yes")+(U27="Yes")+(W27="Yes")+(X27="Yes")) | Z27: =IF(A27="","",IF(G27="","Not mapped",IF(Y27=0,"OK",MID(IF(N(Q27)>0,"; Cannibalisation","")&IF(T27="Yes","; Too many primary keywords on URL","")&IF(U27="Yes","; URL spans 2+ clusters","")&IF(W27="Yes","; Intent mismatch","")&IF(X27="Yes","; Ranking URL is not the target",""),3,300)))) | AA27: =IF(G27="","",IF(COUNTIF($G$3:G27,SUBSTITUTE(SUBSTITUTE(G27,"?","~?"),"*","~*"))=1,MAX($AA$2:AA26)+1,"")) | AB27: =IF(B27="","",IF(COUNTIF($B$3:B27,SUBSTITUTE(SUBSTITUTE(B27,"?","~?"),"*","~*"))=1,MAX($AB$2:AB26)+1,""))
A28: running shoe lifespan | B28: Shoe care | C28: 260 | D28: 10 | E28: https://www.stride-example.com/blog/replace-running-shoes/ | F28: 5 | G28: https://www.stride-example.com/blog/replace-running-shoes/ | H28: Existing | I28: Blog post / guide | J28: Secondary | K28: informational | L28: Intent pasted from the regex classifier | M28: =IF(A28="","",LOWER(TRIM(SUBSTITUTE(SUBSTITUTE(A28,"?",""),"*","")))) | N28: =IF(M28="","",IF(SUMPRODUCT(ISNUMBER(SEARCH(" "&Settings!$L$5:$L$124&" "," "&M28&" "))*(Settings!$K$5:$K$124="Navigational")*(Settings!$L$5:$L$124<>""))>0,"Navigational",IF(SUMPRODUCT(ISNUMBER(SEARCH(" "&Settings!$L$5:$L$124&" "," "&M28&" "))*(Settings!$K$5:$K$124="Transactional")*(Settings!$L$5:$L$124<>""))>0,"Transactional",IF(SUMPRODUCT(ISNUMBER(SEARCH(" "&Settings!$L$5:$L$124&" "," "&M28&" "))*(Settings!$K$5:$K$124="Commercial")*(Settings!$L$5:$L$124<>""))>0,"Commercial",IF(SUMPRODUCT(ISNUMBER(SEARCH(" "&Settings!$L$5:$L$124&" "," "&M28&" "))*(Settings!$K$5:$K$124="Informational")*(Settings!$L$5:$L$124<>""))>0,"Informational","Unclassified"))))) | O28: =IF(A28="","",IF(K28<>"",PROPER(K28),N28)) | P28: =IF(A28="","",ROUND(Settings!$B$5*MIN(1,LOG10(N(C28)+1)/LOG10(Settings!$B$7+1))+Settings!$B$6*(1-MIN(100,IF(D28="",50,N(D28)))/100)+IFERROR(INDEX(Settings!$B$10:$B$14,MATCH(O28,Settings!$A$10:$A$14,0)),0),0)) | Q28: =IF(OR(A28="",G28=""),"",COUNTIFS($M$3:$M$1002,M28,$G$3:$G$1002,"<>"&SUBSTITUTE(SUBSTITUTE(G28,"?","~?"),"*","~*"),$G$3:$G$1002,"?*")) | R28: =IF(Q28="","",IF(Q28>0,"Yes","No")) | S28: =IF(G28="","",COUNTIFS($G$3:$G$1002,SUBSTITUTE(SUBSTITUTE(G28,"?","~?"),"*","~*"),$J$3:$J$1002,"Primary")) | T28: =IF(S28="","",IF(S28>Settings!$B$4,"Yes","No")) | U28: =IF(OR(G28="",B28=""),"",IF(COUNTIFS($G$3:$G$1002,SUBSTITUTE(SUBSTITUTE(G28,"?","~?"),"*","~*"),$B$3:$B$1002,"<>"&SUBSTITUTE(SUBSTITUTE(B28,"?","~?"),"*","~*"),$B$3:$B$1002,"?*")>0,"Yes","No")) | V28: =IF(OR(G28="",I28="",O28="",O28="Unclassified"),"",IFERROR(INDEX(Settings!$E$5:$H$16,MATCH(I28,Settings!$D$5:$D$16,0),MATCH(O28,Settings!$E$4:$H$4,0)),"Check")) | W28: =IF(V28="","",IF(V28="No","Yes","No")) | X28: =IF(OR(E28="",G28=""),"",IF(LOWER(IF(RIGHT(TRIM(E28),1)="/",LEFT(TRIM(E28),LEN(TRIM(E28))-1),TRIM(E28)))<>LOWER(IF(RIGHT(TRIM(G28),1)="/",LEFT(TRIM(G28),LEN(TRIM(G28))-1),TRIM(G28))),"Yes","No")) | Y28: =IF(A28="","",(N(Q28)>0)+(T28="Yes")+(U28="Yes")+(W28="Yes")+(X28="Yes")) | Z28: =IF(A28="","",IF(G28="","Not mapped",IF(Y28=0,"OK",MID(IF(N(Q28)>0,"; Cannibalisation","")&IF(T28="Yes","; Too many primary keywords on URL","")&IF(U28="Yes","; URL spans 2+ clusters","")&IF(W28="Yes","; Intent mismatch","")&IF(X28="Yes","; Ranking URL is not the target",""),3,300)))) | AA28: =IF(G28="","",IF(COUNTIF($G$3:G28,SUBSTITUTE(SUBSTITUTE(G28,"?","~?"),"*","~*"))=1,MAX($AA$2:AA27)+1,"")) | AB28: =IF(B28="","",IF(COUNTIF($B$3:B28,SUBSTITUTE(SUBSTITUTE(B28,"?","~?"),"*","~*"))=1,MAX($AB$2:AB27)+1,""))
A29: zero drop running shoes | B29: Shoe types | C29: 880 | D29: 27 | H29: Not mapped yet | L29: Decide: new category or blog post? | M29: =IF(A29="","",LOWER(TRIM(SUBSTITUTE(SUBSTITUTE(A29,"?",""),"*","")))) | N29: =IF(M29="","",IF(SUMPRODUCT(ISNUMBER(SEARCH(" "&Settings!$L$5:$L$124&" "," "&M29&" "))*(Settings!$K$5:$K$124="Navigational")*(Settings!$L$5:$L$124<>""))>0,"Navigational",IF(SUMPRODUCT(ISNUMBER(SEARCH(" "&Settings!$L$5:$L$124&" "," "&M29&" "))*(Settings!$K$5:$K$124="Transactional")*(Settings!$L$5:$L$124<>""))>0,"Transactional",IF(SUMPRODUCT(ISNUMBER(SEARCH(" "&Settings!$L$5:$L$124&" "," "&M29&" "))*(Settings!$K$5:$K$124="Commercial")*(Settings!$L$5:$L$124<>""))>0,"Commercial",IF(SUMPRODUCT(ISNUMBER(SEARCH(" "&Settings!$L$5:$L$124&" "," "&M29&" "))*(Settings!$K$5:$K$124="Informational")*(Settings!$L$5:$L$124<>""))>0,"Informational","Unclassified"))))) | O29: =IF(A29="","",IF(K29<>"",PROPER(K29),N29)) | P29: =IF(A29="","",ROUND(Settings!$B$5*MIN(1,LOG10(N(C29)+1)/LOG10(Settings!$B$7+1))+Settings!$B$6*(1-MIN(100,IF(D29="",50,N(D29)))/100)+IFERROR(INDEX(Settings!$B$10:$B$14,MATCH(O29,Settings!$A$10:$A$14,0)),0),0)) | Q29: =IF(OR(A29="",G29=""),"",COUNTIFS($M$3:$M$1002,M29,$G$3:$G$1002,"<>"&SUBSTITUTE(SUBSTITUTE(G29,"?","~?"),"*","~*"),$G$3:$G$1002,"?*")) | R29: =IF(Q29="","",IF(Q29>0,"Yes","No")) | S29: =IF(G29="","",COUNTIFS($G$3:$G$1002,SUBSTITUTE(SUBSTITUTE(G29,"?","~?"),"*","~*"),$J$3:$J$1002,"Primary")) | T29: =IF(S29="","",IF(S29>Settings!$B$4,"Yes","No")) | U29: =IF(OR(G29="",B29=""),"",IF(COUNTIFS($G$3:$G$1002,SUBSTITUTE(SUBSTITUTE(G29,"?","~?"),"*","~*"),$B$3:$B$1002,"<>"&SUBSTITUTE(SUBSTITUTE(B29,"?","~?"),"*","~*"),$B$3:$B$1002,"?*")>0,"Yes","No")) | V29: =IF(OR(G29="",I29="",O29="",O29="Unclassified"),"",IFERROR(INDEX(Settings!$E$5:$H$16,MATCH(I29,Settings!$D$5:$D$16,0),MATCH(O29,Settings!$E$4:$H$4,0)),"Check")) | W29: =IF(V29="","",IF(V29="No","Yes","No")) | X29: =IF(OR(E29="",G29=""),"",IF(LOWER(IF(RIGHT(TRIM(E29),1)="/",LEFT(TRIM(E29),LEN(TRIM(E29))-1),TRIM(E29)))<>LOWER(IF(RIGHT(TRIM(G29),1)="/",LEFT(TRIM(G29),LEN(TRIM(G29))-1),TRIM(G29))),"Yes","No")) | Y29: =IF(A29="","",(N(Q29)>0)+(T29="Yes")+(U29="Yes")+(W29="Yes")+(X29="Yes")) | Z29: =IF(A29="","",IF(G29="","Not mapped",IF(Y29=0,"OK",MID(IF(N(Q29)>0,"; Cannibalisation","")&IF(T29="Yes","; Too many primary keywords on URL","")&IF(U29="Yes","; URL spans 2+ clusters","")&IF(W29="Yes","; Intent mismatch","")&IF(X29="Yes","; Ranking URL is not the target",""),3,300)))) | AA29: =IF(G29="","",IF(COUNTIF($G$3:G29,SUBSTITUTE(SUBSTITUTE(G29,"?","~?"),"*","~*"))=1,MAX($AA$2:AA28)+1,"")) | AB29: =IF(B29="","",IF(COUNTIF($B$3:B29,SUBSTITUTE(SUBSTITUTE(B29,"?","~?"),"*","~*"))=1,MAX($AB$2:AB28)+1,""))
M30: =IF(A30="","",LOWER(TRIM(SUBSTITUTE(SUBSTITUTE(A30,"?",""),"*","")))) | N30: =IF(M30="","",IF(SUMPRODUCT(ISNUMBER(SEARCH(" "&Settings!$L$5:$L$124&" "," "&M30&" "))*(Settings!$K$5:$K$124="Navigational")*(Settings!$L$5:$L$124<>""))>0,"Navigational",IF(SUMPRODUCT(ISNUMBER(SEARCH(" "&Settings!$L$5:$L$124&" "," "&M30&" "))*(Settings!$K$5:$K$124="Transactional")*(Settings!$L$5:$L$124<>""))>0,"Transactional",IF(SUMPRODUCT(ISNUMBER(SEARCH(" "&Settings!$L$5:$L$124&" "," "&M30&" "))*(Settings!$K$5:$K$124="Commercial")*(Settings!$L$5:$L$124<>""))>0,"Commercial",IF(SUMPRODUCT(ISNUMBER(SEARCH(" "&Settings!$L$5:$L$124&" "," "&M30&" "))*(Settings!$K$5:$K$124="Informational")*(Settings!$L$5:$L$124<>""))>0,"Informational","Unclassified"))))) | O30: =IF(A30="","",IF(K30<>"",PROPER(K30),N30)) | P30: =IF(A30="","",ROUND(Settings!$B$5*MIN(1,LOG10(N(C30)+1)/LOG10(Settings!$B$7+1))+Settings!$B$6*(1-MIN(100,IF(D30="",50,N(D30)))/100)+IFERROR(INDEX(Settings!$B$10:$B$14,MATCH(O30,Settings!$A$10:$A$14,0)),0),0)) | Q30: =IF(OR(A30="",G30=""),"",COUNTIFS($M$3:$M$1002,M30,$G$3:$G$1002,"<>"&SUBSTITUTE(SUBSTITUTE(G30,"?","~?"),"*","~*"),$G$3:$G$1002,"?*")) | R30: =IF(Q30="","",IF(Q30>0,"Yes","No")) | S30: =IF(G30="","",COUNTIFS($G$3:$G$1002,SUBSTITUTE(SUBSTITUTE(G30,"?","~?"),"*","~*"),$J$3:$J$1002,"Primary")) | T30: =IF(S30="","",IF(S30>Settings!$B$4,"Yes","No")) | U30: =IF(OR(G30="",B30=""),"",IF(COUNTIFS($G$3:$G$1002,SUBSTITUTE(SUBSTITUTE(G30,"?","~?"),"*","~*"),$B$3:$B$1002,"<>"&SUBSTITUTE(SUBSTITUTE(B30,"?","~?"),"*","~*"),$B$3:$B$1002,"?*")>0,"Yes","No")) | V30: =IF(OR(G30="",I30="",O30="",O30="Unclassified"),"",IFERROR(INDEX(Settings!$E$5:$H$16,MATCH(I30,Settings!$D$5:$D$16,0),MATCH(O30,Settings!$E$4:$H$4,0)),"Check")) | W30: =IF(V30="","",IF(V30="No","Yes","No")) | X30: =IF(OR(E30="",G30=""),"",IF(LOWER(IF(RIGHT(TRIM(E30),1)="/",LEFT(TRIM(E30),LEN(TRIM(E30))-1),TRIM(E30)))<>LOWER(IF(RIGHT(TRIM(G30),1)="/",LEFT(TRIM(G30),LEN(TRIM(G30))-1),TRIM(G30))),"Yes","No")) | Y30: =IF(A30="","",(N(Q30)>0)+(T30="Yes")+(U30="Yes")+(W30="Yes")+(X30="Yes")) | Z30: =IF(A30="","",IF(G30="","Not mapped",IF(Y30=0,"OK",MID(IF(N(Q30)>0,"; Cannibalisation","")&IF(T30="Yes","; Too many primary keywords on URL","")&IF(U30="Yes","; URL spans 2+ clusters","")&IF(W30="Yes","; Intent mismatch","")&IF(X30="Yes","; Ranking URL is not the target",""),3,300)))) | AA30: =IF(G30="","",IF(COUNTIF($G$3:G30,SUBSTITUTE(SUBSTITUTE(G30,"?","~?"),"*","~*"))=1,MAX($AA$2:AA29)+1,"")) | AB30: =IF(B30="","",IF(COUNTIF($B$3:B30,SUBSTITUTE(SUBSTITUTE(B30,"?","~?"),"*","~*"))=1,MAX($AB$2:AB29)+1,""))
M31: =IF(A31="","",LOWER(TRIM(SUBSTITUTE(SUBSTITUTE(A31,"?",""),"*","")))) | N31: =IF(M31="","",IF(SUMPRODUCT(ISNUMBER(SEARCH(" "&Settings!$L$5:$L$124&" "," "&M31&" "))*(Settings!$K$5:$K$124="Navigational")*(Settings!$L$5:$L$124<>""))>0,"Navigational",IF(SUMPRODUCT(ISNUMBER(SEARCH(" "&Settings!$L$5:$L$124&" "," "&M31&" "))*(Settings!$K$5:$K$124="Transactional")*(Settings!$L$5:$L$124<>""))>0,"Transactional",IF(SUMPRODUCT(ISNUMBER(SEARCH(" "&Settings!$L$5:$L$124&" "," "&M31&" "))*(Settings!$K$5:$K$124="Commercial")*(Settings!$L$5:$L$124<>""))>0,"Commercial",IF(SUMPRODUCT(ISNUMBER(SEARCH(" "&Settings!$L$5:$L$124&" "," "&M31&" "))*(Settings!$K$5:$K$124="Informational")*(Settings!$L$5:$L$124<>""))>0,"Informational","Unclassified"))))) | O31: =IF(A31="","",IF(K31<>"",PROPER(K31),N31)) | P31: =IF(A31="","",ROUND(Settings!$B$5*MIN(1,LOG10(N(C31)+1)/LOG10(Settings!$B$7+1))+Settings!$B$6*(1-MIN(100,IF(D31="",50,N(D31)))/100)+IFERROR(INDEX(Settings!$B$10:$B$14,MATCH(O31,Settings!$A$10:$A$14,0)),0),0)) | Q31: =IF(OR(A31="",G31=""),"",COUNTIFS($M$3:$M$1002,M31,$G$3:$G$1002,"<>"&SUBSTITUTE(SUBSTITUTE(G31,"?","~?"),"*","~*"),$G$3:$G$1002,"?*")) | R31: =IF(Q31="","",IF(Q31>0,"Yes","No")) | S31: =IF(G31="","",COUNTIFS($G$3:$G$1002,SUBSTITUTE(SUBSTITUTE(G31,"?","~?"),"*","~*"),$J$3:$J$1002,"Primary")) | T31: =IF(S31="","",IF(S31>Settings!$B$4,"Yes","No")) | U31: =IF(OR(G31="",B31=""),"",IF(COUNTIFS($G$3:$G$1002,SUBSTITUTE(SUBSTITUTE(G31,"?","~?"),"*","~*"),$B$3:$B$1002,"<>"&SUBSTITUTE(SUBSTITUTE(B31,"?","~?"),"*","~*"),$B$3:$B$1002,"?*")>0,"Yes","No")) | V31: =IF(OR(G31="",I31="",O31="",O31="Unclassified"),"",IFERROR(INDEX(Settings!$E$5:$H$16,MATCH(I31,Settings!$D$5:$D$16,0),MATCH(O31,Settings!$E$4:$H$4,0)),"Check")) | W31: =IF(V31="","",IF(V31="No","Yes","No")) | X31: =IF(OR(E31="",G31=""),"",IF(LOWER(IF(RIGHT(TRIM(E31),1)="/",LEFT(TRIM(E31),LEN(TRIM(E31))-1),TRIM(E31)))<>LOWER(IF(RIGHT(TRIM(G31),1)="/",LEFT(TRIM(G31),LEN(TRIM(G31))-1),TRIM(G31))),"Yes","No")) | Y31: =IF(A31="","",(N(Q31)>0)+(T31="Yes")+(U31="Yes")+(W31="Yes")+(X31="Yes")) | Z31: =IF(A31="","",IF(G31="","Not mapped",IF(Y31=0,"OK",MID(IF(N(Q31)>0,"; Cannibalisation","")&IF(T31="Yes","; Too many primary keywords on URL","")&IF(U31="Yes","; URL spans 2+ clusters","")&IF(W31="Yes","; Intent mismatch","")&IF(X31="Yes","; Ranking URL is not the target",""),3,300)))) | AA31: =IF(G31="","",IF(COUNTIF($G$3:G31,SUBSTITUTE(SUBSTITUTE(G31,"?","~?"),"*","~*"))=1,MAX($AA$2:AA30)+1,"")) | AB31: =IF(B31="","",IF(COUNTIF($B$3:B31,SUBSTITUTE(SUBSTITUTE(B31,"?","~?"),"*","~*"))=1,MAX($AB$2:AB30)+1,""))
M32: =IF(A32="","",LOWER(TRIM(SUBSTITUTE(SUBSTITUTE(A32,"?",""),"*","")))) | N32: =IF(M32="","",IF(SUMPRODUCT(ISNUMBER(SEARCH(" "&Settings!$L$5:$L$124&" "," "&M32&" "))*(Settings!$K$5:$K$124="Navigational")*(Settings!$L$5:$L$124<>""))>0,"Navigational",IF(SUMPRODUCT(ISNUMBER(SEARCH(" "&Settings!$L$5:$L$124&" "," "&M32&" "))*(Settings!$K$5:$K$124="Transactional")*(Settings!$L$5:$L$124<>""))>0,"Transactional",IF(SUMPRODUCT(ISNUMBER(SEARCH(" "&Settings!$L$5:$L$124&" "," "&M32&" "))*(Settings!$K$5:$K$124="Commercial")*(Settings!$L$5:$L$124<>""))>0,"Commercial",IF(SUMPRODUCT(ISNUMBER(SEARCH(" "&Settings!$L$5:$L$124&" "," "&M32&" "))*(Settings!$K$5:$K$124="Informational")*(Settings!$L$5:$L$124<>""))>0,"Informational","Unclassified"))))) | O32: =IF(A32="","",IF(K32<>"",PROPER(K32),N32)) | P32: =IF(A32="","",ROUND(Settings!$B$5*MIN(1,LOG10(N(C32)+1)/LOG10(Settings!$B$7+1))+Settings!$B$6*(1-MIN(100,IF(D32="",50,N(D32)))/100)+IFERROR(INDEX(Settings!$B$10:$B$14,MATCH(O32,Settings!$A$10:$A$14,0)),0),0)) | Q32: =IF(OR(A32="",G32=""),"",COUNTIFS($M$3:$M$1002,M32,$G$3:$G$1002,"<>"&SUBSTITUTE(SUBSTITUTE(G32,"?","~?"),"*","~*"),$G$3:$G$1002,"?*")) | R32: =IF(Q32="","",IF(Q32>0,"Yes","No")) | S32: =IF(G32="","",COUNTIFS($G$3:$G$1002,SUBSTITUTE(SUBSTITUTE(G32,"?","~?"),"*","~*"),$J$3:$J$1002,"Primary")) | T32: =IF(S32="","",IF(S32>Settings!$B$4,"Yes","No")) | U32: =IF(OR(G32="",B32=""),"",IF(COUNTIFS($G$3:$G$1002,SUBSTITUTE(SUBSTITUTE(G32,"?","~?"),"*","~*"),$B$3:$B$1002,"<>"&SUBSTITUTE(SUBSTITUTE(B32,"?","~?"),"*","~*"),$B$3:$B$1002,"?*")>0,"Yes","No")) | V32: =IF(OR(G32="",I32="",O32="",O32="Unclassified"),"",IFERROR(INDEX(Settings!$E$5:$H$16,MATCH(I32,Settings!$D$5:$D$16,0),MATCH(O32,Settings!$E$4:$H$4,0)),"Check")) | W32: =IF(V32="","",IF(V32="No","Yes","No")) | X32: =IF(OR(E32="",G32=""),"",IF(LOWER(IF(RIGHT(TRIM(E32),1)="/",LEFT(TRIM(E32),LEN(TRIM(E32))-1),TRIM(E32)))<>LOWER(IF(RIGHT(TRIM(G32),1)="/",LEFT(TRIM(G32),LEN(TRIM(G32))-1),TRIM(G32))),"Yes","No")) | Y32: =IF(A32="","",(N(Q32)>0)+(T32="Yes")+(U32="Yes")+(W32="Yes")+(X32="Yes")) | Z32: =IF(A32="","",IF(G32="","Not mapped",IF(Y32=0,"OK",MID(IF(N(Q32)>0,"; Cannibalisation","")&IF(T32="Yes","; Too many primary keywords on URL","")&IF(U32="Yes","; URL spans 2+ clusters","")&IF(W32="Yes","; Intent mismatch","")&IF(X32="Yes","; Ranking URL is not the target",""),3,300)))) | AA32: =IF(G32="","",IF(COUNTIF($G$3:G32,SUBSTITUTE(SUBSTITUTE(G32,"?","~?"),"*","~*"))=1,MAX($AA$2:AA31)+1,"")) | AB32: =IF(B32="","",IF(COUNTIF($B$3:B32,SUBSTITUTE(SUBSTITUTE(B32,"?","~?"),"*","~*"))=1,MAX($AB$2:AB31)+1,""))
M33: =IF(A33="","",LOWER(TRIM(SUBSTITUTE(SUBSTITUTE(A33,"?",""),"*","")))) | N33: =IF(M33="","",IF(SUMPRODUCT(ISNUMBER(SEARCH(" "&Settings!$L$5:$L$124&" "," "&M33&" "))*(Settings!$K$5:$K$124="Navigational")*(Settings!$L$5:$L$124<>""))>0,"Navigational",IF(SUMPRODUCT(ISNUMBER(SEARCH(" "&Settings!$L$5:$L$124&" "," "&M33&" "))*(Settings!$K$5:$K$124="Transactional")*(Settings!$L$5:$L$124<>""))>0,"Transactional",IF(SUMPRODUCT(ISNUMBER(SEARCH(" "&Settings!$L$5:$L$124&" "," "&M33&" "))*(Settings!$K$5:$K$124="Commercial")*(Settings!$L$5:$L$124<>""))>0,"Commercial",IF(SUMPRODUCT(ISNUMBER(SEARCH(" "&Settings!$L$5:$L$124&" "," "&M33&" "))*(Settings!$K$5:$K$124="Informational")*(Settings!$L$5:$L$124<>""))>0,"Informational","Unclassified"))))) | O33: =IF(A33="","",IF(K33<>"",PROPER(K33),N33)) | P33: =IF(A33="","",ROUND(Settings!$B$5*MIN(1,LOG10(N(C33)+1)/LOG10(Settings!$B$7+1))+Settings!$B$6*(1-MIN(100,IF(D33="",50,N(D33)))/100)+IFERROR(INDEX(Settings!$B$10:$B$14,MATCH(O33,Settings!$A$10:$A$14,0)),0),0)) | Q33: =IF(OR(A33="",G33=""),"",COUNTIFS($M$3:$M$1002,M33,$G$3:$G$1002,"<>"&SUBSTITUTE(SUBSTITUTE(G33,"?","~?"),"*","~*"),$G$3:$G$1002,"?*")) | R33: =IF(Q33="","",IF(Q33>0,"Yes","No")) | S33: =IF(G33="","",COUNTIFS($G$3:$G$1002,SUBSTITUTE(SUBSTITUTE(G33,"?","~?"),"*","~*"),$J$3:$J$1002,"Primary")) | T33: =IF(S33="","",IF(S33>Settings!$B$4,"Yes","No")) | U33: =IF(OR(G33="",B33=""),"",IF(COUNTIFS($G$3:$G$1002,SUBSTITUTE(SUBSTITUTE(G33,"?","~?"),"*","~*"),$B$3:$B$1002,"<>"&SUBSTITUTE(SUBSTITUTE(B33,"?","~?"),"*","~*"),$B$3:$B$1002,"?*")>0,"Yes","No")) | V33: =IF(OR(G33="",I33="",O33="",O33="Unclassified"),"",IFERROR(INDEX(Settings!$E$5:$H$16,MATCH(I33,Settings!$D$5:$D$16,0),MATCH(O33,Settings!$E$4:$H$4,0)),"Check")) | W33: =IF(V33="","",IF(V33="No","Yes","No")) | X33: =IF(OR(E33="",G33=""),"",IF(LOWER(IF(RIGHT(TRIM(E33),1)="/",LEFT(TRIM(E33),LEN(TRIM(E33))-1),TRIM(E33)))<>LOWER(IF(RIGHT(TRIM(G33),1)="/",LEFT(TRIM(G33),LEN(TRIM(G33))-1),TRIM(G33))),"Yes","No")) | Y33: =IF(A33="","",(N(Q33)>0)+(T33="Yes")+(U33="Yes")+(W33="Yes")+(X33="Yes")) | Z33: =IF(A33="","",IF(G33="","Not mapped",IF(Y33=0,"OK",MID(IF(N(Q33)>0,"; Cannibalisation","")&IF(T33="Yes","; Too many primary keywords on URL","")&IF(U33="Yes","; URL spans 2+ clusters","")&IF(W33="Yes","; Intent mismatch","")&IF(X33="Yes","; Ranking URL is not the target",""),3,300)))) | AA33: =IF(G33="","",IF(COUNTIF($G$3:G33,SUBSTITUTE(SUBSTITUTE(G33,"?","~?"),"*","~*"))=1,MAX($AA$2:AA32)+1,"")) | AB33: =IF(B33="","",IF(COUNTIF($B$3:B33,SUBSTITUTE(SUBSTITUTE(B33,"?","~?"),"*","~*"))=1,MAX($AB$2:AB32)+1,""))
M34: =IF(A34="","",LOWER(TRIM(SUBSTITUTE(SUBSTITUTE(A34,"?",""),"*","")))) | N34: =IF(M34="","",IF(SUMPRODUCT(ISNUMBER(SEARCH(" "&Settings!$L$5:$L$124&" "," "&M34&" "))*(Settings!$K$5:$K$124="Navigational")*(Settings!$L$5:$L$124<>""))>0,"Navigational",IF(SUMPRODUCT(ISNUMBER(SEARCH(" "&Settings!$L$5:$L$124&" "," "&M34&" "))*(Settings!$K$5:$K$124="Transactional")*(Settings!$L$5:$L$124<>""))>0,"Transactional",IF(SUMPRODUCT(ISNUMBER(SEARCH(" "&Settings!$L$5:$L$124&" "," "&M34&" "))*(Settings!$K$5:$K$124="Commercial")*(Settings!$L$5:$L$124<>""))>0,"Commercial",IF(SUMPRODUCT(ISNUMBER(SEARCH(" "&Settings!$L$5:$L$124&" "," "&M34&" "))*(Settings!$K$5:$K$124="Informational")*(Settings!$L$5:$L$124<>""))>0,"Informational","Unclassified"))))) | O34: =IF(A34="","",IF(K34<>"",PROPER(K34),N34)) | P34: =IF(A34="","",ROUND(Settings!$B$5*MIN(1,LOG10(N(C34)+1)/LOG10(Settings!$B$7+1))+Settings!$B$6*(1-MIN(100,IF(D34="",50,N(D34)))/100)+IFERROR(INDEX(Settings!$B$10:$B$14,MATCH(O34,Settings!$A$10:$A$14,0)),0),0)) | Q34: =IF(OR(A34="",G34=""),"",COUNTIFS($M$3:$M$1002,M34,$G$3:$G$1002,"<>"&SUBSTITUTE(SUBSTITUTE(G34,"?","~?"),"*","~*"),$G$3:$G$1002,"?*")) | R34: =IF(Q34="","",IF(Q34>0,"Yes","No")) | S34: =IF(G34="","",COUNTIFS($G$3:$G$1002,SUBSTITUTE(SUBSTITUTE(G34,"?","~?"),"*","~*"),$J$3:$J$1002,"Primary")) | T34: =IF(S34="","",IF(S34>Settings!$B$4,"Yes","No")) | U34: =IF(OR(G34="",B34=""),"",IF(COUNTIFS($G$3:$G$1002,SUBSTITUTE(SUBSTITUTE(G34,"?","~?"),"*","~*"),$B$3:$B$1002,"<>"&SUBSTITUTE(SUBSTITUTE(B34,"?","~?"),"*","~*"),$B$3:$B$1002,"?*")>0,"Yes","No")) | V34: =IF(OR(G34="",I34="",O34="",O34="Unclassified"),"",IFERROR(INDEX(Settings!$E$5:$H$16,MATCH(I34,Settings!$D$5:$D$16,0),MATCH(O34,Settings!$E$4:$H$4,0)),"Check")) | W34: =IF(V34="","",IF(V34="No","Yes","No")) | X34: =IF(OR(E34="",G34=""),"",IF(LOWER(IF(RIGHT(TRIM(E34),1)="/",LEFT(TRIM(E34),LEN(TRIM(E34))-1),TRIM(E34)))<>LOWER(IF(RIGHT(TRIM(G34),1)="/",LEFT(TRIM(G34),LEN(TRIM(G34))-1),TRIM(G34))),"Yes","No")) | Y34: =IF(A34="","",(N(Q34)>0)+(T34="Yes")+(U34="Yes")+(W34="Yes")+(X34="Yes")) | Z34: =IF(A34="","",IF(G34="","Not mapped",IF(Y34=0,"OK",MID(IF(N(Q34)>0,"; Cannibalisation","")&IF(T34="Yes","; Too many primary keywords on URL","")&IF(U34="Yes","; URL spans 2+ clusters","")&IF(W34="Yes","; Intent mismatch","")&IF(X34="Yes","; Ranking URL is not the target",""),3,300)))) | AA34: =IF(G34="","",IF(COUNTIF($G$3:G34,SUBSTITUTE(SUBSTITUTE(G34,"?","~?"),"*","~*"))=1,MAX($AA$2:AA33)+1,"")) | AB34: =IF(B34="","",IF(COUNTIF($B$3:B34,SUBSTITUTE(SUBSTITUTE(B34,"?","~?"),"*","~*"))=1,MAX($AB$2:AB33)+1,""))
M35: =IF(A35="","",LOWER(TRIM(SUBSTITUTE(SUBSTITUTE(A35,"?",""),"*","")))) | N35: =IF(M35="","",IF(SUMPRODUCT(ISNUMBER(SEARCH(" "&Settings!$L$5:$L$124&" "," "&M35&" "))*(Settings!$K$5:$K$124="Navigational")*(Settings!$L$5:$L$124<>""))>0,"Navigational",IF(SUMPRODUCT(ISNUMBER(SEARCH(" "&Settings!$L$5:$L$124&" "," "&M35&" "))*(Settings!$K$5:$K$124="Transactional")*(Settings!$L$5:$L$124<>""))>0,"Transactional",IF(SUMPRODUCT(ISNUMBER(SEARCH(" "&Settings!$L$5:$L$124&" "," "&M35&" "))*(Settings!$K$5:$K$124="Commercial")*(Settings!$L$5:$L$124<>""))>0,"Commercial",IF(SUMPRODUCT(ISNUMBER(SEARCH(" "&Settings!$L$5:$L$124&" "," "&M35&" "))*(Settings!$K$5:$K$124="Informational")*(Settings!$L$5:$L$124<>""))>0,"Informational","Unclassified"))))) | O35: =IF(A35="","",IF(K35<>"",PROPER(K35),N35)) | P35: =IF(A35="","",ROUND(Settings!$B$5*MIN(1,LOG10(N(C35)+1)/LOG10(Settings!$B$7+1))+Settings!$B$6*(1-MIN(100,IF(D35="",50,N(D35)))/100)+IFERROR(INDEX(Settings!$B$10:$B$14,MATCH(O35,Settings!$A$10:$A$14,0)),0),0)) | Q35: =IF(OR(A35="",G35=""),"",COUNTIFS($M$3:$M$1002,M35,$G$3:$G$1002,"<>"&SUBSTITUTE(SUBSTITUTE(G35,"?","~?"),"*","~*"),$G$3:$G$1002,"?*")) | R35: =IF(Q35="","",IF(Q35>0,"Yes","No")) | S35: =IF(G35="","",COUNTIFS($G$3:$G$1002,SUBSTITUTE(SUBSTITUTE(G35,"?","~?"),"*","~*"),$J$3:$J$1002,"Primary")) | T35: =IF(S35="","",IF(S35>Settings!$B$4,"Yes","No")) | U35: =IF(OR(G35="",B35=""),"",IF(COUNTIFS($G$3:$G$1002,SUBSTITUTE(SUBSTITUTE(G35,"?","~?"),"*","~*"),$B$3:$B$1002,"<>"&SUBSTITUTE(SUBSTITUTE(B35,"?","~?"),"*","~*"),$B$3:$B$1002,"?*")>0,"Yes","No")) | V35: =IF(OR(G35="",I35="",O35="",O35="Unclassified"),"",IFERROR(INDEX(Settings!$E$5:$H$16,MATCH(I35,Settings!$D$5:$D$16,0),MATCH(O35,Settings!$E$4:$H$4,0)),"Check")) | W35: =IF(V35="","",IF(V35="No","Yes","No")) | X35: =IF(OR(E35="",G35=""),"",IF(LOWER(IF(RIGHT(TRIM(E35),1)="/",LEFT(TRIM(E35),LEN(TRIM(E35))-1),TRIM(E35)))<>LOWER(IF(RIGHT(TRIM(G35),1)="/",LEFT(TRIM(G35),LEN(TRIM(G35))-1),TRIM(G35))),"Yes","No")) | Y35: =IF(A35="","",(N(Q35)>0)+(T35="Yes")+(U35="Yes")+(W35="Yes")+(X35="Yes")) | Z35: =IF(A35="","",IF(G35="","Not mapped",IF(Y35=0,"OK",MID(IF(N(Q35)>0,"; Cannibalisation","")&IF(T35="Yes","; Too many primary keywords on URL","")&IF(U35="Yes","; URL spans 2+ clusters","")&IF(W35="Yes","; Intent mismatch","")&IF(X35="Yes","; Ranking URL is not the target",""),3,300)))) | AA35: =IF(G35="","",IF(COUNTIF($G$3:G35,SUBSTITUTE(SUBSTITUTE(G35,"?","~?"),"*","~*"))=1,MAX($AA$2:AA34)+1,"")) | AB35: =IF(B35="","",IF(COUNTIF($B$3:B35,SUBSTITUTE(SUBSTITUTE(B35,"?","~?"),"*","~*"))=1,MAX($AB$2:AB34)+1,""))
M36: =IF(A36="","",LOWER(TRIM(SUBSTITUTE(SUBSTITUTE(A36,"?",""),"*","")))) | N36: =IF(M36="","",IF(SUMPRODUCT(ISNUMBER(SEARCH(" "&Settings!$L$5:$L$124&" "," "&M36&" "))*(Settings!$K$5:$K$124="Navigational")*(Settings!$L$5:$L$124<>""))>0,"Navigational",IF(SUMPRODUCT(ISNUMBER(SEARCH(" "&Settings!$L$5:$L$124&" "," "&M36&" "))*(Settings!$K$5:$K$124="Transactional")*(Settings!$L$5:$L$124<>""))>0,"Transactional",IF(SUMPRODUCT(ISNUMBER(SEARCH(" "&Settings!$L$5:$L$124&" "," "&M36&" "))*(Settings!$K$5:$K$124="Commercial")*(Settings!$L$5:$L$124<>""))>0,"Commercial",IF(SUMPRODUCT(ISNUMBER(SEARCH(" "&Settings!$L$5:$L$124&" "," "&M36&" "))*(Settings!$K$5:$K$124="Informational")*(Settings!$L$5:$L$124<>""))>0,"Informational","Unclassified"))))) | O36: =IF(A36="","",IF(K36<>"",PROPER(K36),N36)) | P36: =IF(A36="","",ROUND(Settings!$B$5*MIN(1,LOG10(N(C36)+1)/LOG10(Settings!$B$7+1))+Settings!$B$6*(1-MIN(100,IF(D36="",50,N(D36)))/100)+IFERROR(INDEX(Settings!$B$10:$B$14,MATCH(O36,Settings!$A$10:$A$14,0)),0),0)) | Q36: =IF(OR(A36="",G36=""),"",COUNTIFS($M$3:$M$1002,M36,$G$3:$G$1002,"<>"&SUBSTITUTE(SUBSTITUTE(G36,"?","~?"),"*","~*"),$G$3:$G$1002,"?*")) | R36: =IF(Q36="","",IF(Q36>0,"Yes","No")) | S36: =IF(G36="","",COUNTIFS($G$3:$G$1002,SUBSTITUTE(SUBSTITUTE(G36,"?","~?"),"*","~*"),$J$3:$J$1002,"Primary")) | T36: =IF(S36="","",IF(S36>Settings!$B$4,"Yes","No")) | U36: =IF(OR(G36="",B36=""),"",IF(COUNTIFS($G$3:$G$1002,SUBSTITUTE(SUBSTITUTE(G36,"?","~?"),"*","~*"),$B$3:$B$1002,"<>"&SUBSTITUTE(SUBSTITUTE(B36,"?","~?"),"*","~*"),$B$3:$B$1002,"?*")>0,"Yes","No")) | V36: =IF(OR(G36="",I36="",O36="",O36="Unclassified"),"",IFERROR(INDEX(Settings!$E$5:$H$16,MATCH(I36,Settings!$D$5:$D$16,0),MATCH(O36,Settings!$E$4:$H$4,0)),"Check")) | W36: =IF(V36="","",IF(V36="No","Yes","No")) | X36: =IF(OR(E36="",G36=""),"",IF(LOWER(IF(RIGHT(TRIM(E36),1)="/",LEFT(TRIM(E36),LEN(TRIM(E36))-1),TRIM(E36)))<>LOWER(IF(RIGHT(TRIM(G36),1)="/",LEFT(TRIM(G36),LEN(TRIM(G36))-1),TRIM(G36))),"Yes","No")) | Y36: =IF(A36="","",(N(Q36)>0)+(T36="Yes")+(U36="Yes")+(W36="Yes")+(X36="Yes")) | Z36: =IF(A36="","",IF(G36="","Not mapped",IF(Y36=0,"OK",MID(IF(N(Q36)>0,"; Cannibalisation","")&IF(T36="Yes","; Too many primary keywords on URL","")&IF(U36="Yes","; URL spans 2+ clusters","")&IF(W36="Yes","; Intent mismatch","")&IF(X36="Yes","; Ranking URL is not the target",""),3,300)))) | AA36: =IF(G36="","",IF(COUNTIF($G$3:G36,SUBSTITUTE(SUBSTITUTE(G36,"?","~?"),"*","~*"))=1,MAX($AA$2:AA35)+1,"")) | AB36: =IF(B36="","",IF(COUNTIF($B$3:B36,SUBSTITUTE(SUBSTITUTE(B36,"?","~?"),"*","~*"))=1,MAX($AB$2:AB35)+1,""))
M37: =IF(A37="","",LOWER(TRIM(SUBSTITUTE(SUBSTITUTE(A37,"?",""),"*","")))) | N37: =IF(M37="","",IF(SUMPRODUCT(ISNUMBER(SEARCH(" "&Settings!$L$5:$L$124&" "," "&M37&" "))*(Settings!$K$5:$K$124="Navigational")*(Settings!$L$5:$L$124<>""))>0,"Navigational",IF(SUMPRODUCT(ISNUMBER(SEARCH(" "&Settings!$L$5:$L$124&" "," "&M37&" "))*(Settings!$K$5:$K$124="Transactional")*(Settings!$L$5:$L$124<>""))>0,"Transactional",IF(SUMPRODUCT(ISNUMBER(SEARCH(" "&Settings!$L$5:$L$124&" "," "&M37&" "))*(Settings!$K$5:$K$124="Commercial")*(Settings!$L$5:$L$124<>""))>0,"Commercial",IF(SUMPRODUCT(ISNUMBER(SEARCH(" "&Settings!$L$5:$L$124&" "," "&M37&" "))*(Settings!$K$5:$K$124="Informational")*(Settings!$L$5:$L$124<>""))>0,"Informational","Unclassified"))))) | O37: =IF(A37="","",IF(K37<>"",PROPER(K37),N37)) | P37: =IF(A37="","",ROUND(Settings!$B$5*MIN(1,LOG10(N(C37)+1)/LOG10(Settings!$B$7+1))+Settings!$B$6*(1-MIN(100,IF(D37="",50,N(D37)))/100)+IFERROR(INDEX(Settings!$B$10:$B$14,MATCH(O37,Settings!$A$10:$A$14,0)),0),0)) | Q37: =IF(OR(A37="",G37=""),"",COUNTIFS($M$3:$M$1002,M37,$G$3:$G$1002,"<>"&SUBSTITUTE(SUBSTITUTE(G37,"?","~?"),"*","~*"),$G$3:$G$1002,"?*")) | R37: =IF(Q37="","",IF(Q37>0,"Yes","No")) | S37: =IF(G37="","",COUNTIFS($G$3:$G$1002,SUBSTITUTE(SUBSTITUTE(G37,"?","~?"),"*","~*"),$J$3:$J$1002,"Primary")) | T37: =IF(S37="","",IF(S37>Settings!$B$4,"Yes","No")) | U37: =IF(OR(G37="",B37=""),"",IF(COUNTIFS($G$3:$G$1002,SUBSTITUTE(SUBSTITUTE(G37,"?","~?"),"*","~*"),$B$3:$B$1002,"<>"&SUBSTITUTE(SUBSTITUTE(B37,"?","~?"),"*","~*"),$B$3:$B$1002,"?*")>0,"Yes","No")) | V37: =IF(OR(G37="",I37="",O37="",O37="Unclassified"),"",IFERROR(INDEX(Settings!$E$5:$H$16,MATCH(I37,Settings!$D$5:$D$16,0),MATCH(O37,Settings!$E$4:$H$4,0)),"Check")) | W37: =IF(V37="","",IF(V37="No","Yes","No")) | X37: =IF(OR(E37="",G37=""),"",IF(LOWER(IF(RIGHT(TRIM(E37),1)="/",LEFT(TRIM(E37),LEN(TRIM(E37))-1),TRIM(E37)))<>LOWER(IF(RIGHT(TRIM(G37),1)="/",LEFT(TRIM(G37),LEN(TRIM(G37))-1),TRIM(G37))),"Yes","No")) | Y37: =IF(A37="","",(N(Q37)>0)+(T37="Yes")+(U37="Yes")+(W37="Yes")+(X37="Yes")) | Z37: =IF(A37="","",IF(G37="","Not mapped",IF(Y37=0,"OK",MID(IF(N(Q37)>0,"; Cannibalisation","")&IF(T37="Yes","; Too many primary keywords on URL","")&IF(U37="Yes","; URL spans 2+ clusters","")&IF(W37="Yes","; Intent mismatch","")&IF(X37="Yes","; Ranking URL is not the target",""),3,300)))) | AA37: =IF(G37="","",IF(COUNTIF($G$3:G37,SUBSTITUTE(SUBSTITUTE(G37,"?","~?"),"*","~*"))=1,MAX($AA$2:AA36)+1,"")) | AB37: =IF(B37="","",IF(COUNTIF($B$3:B37,SUBSTITUTE(SUBSTITUTE(B37,"?","~?"),"*","~*"))=1,MAX($AB$2:AB36)+1,""))
M38: =IF(A38="","",LOWER(TRIM(SUBSTITUTE(SUBSTITUTE(A38,"?",""),"*","")))) | N38: =IF(M38="","",IF(SUMPRODUCT(ISNUMBER(SEARCH(" "&Settings!$L$5:$L$124&" "," "&M38&" "))*(Settings!$K$5:$K$124="Navigational")*(Settings!$L$5:$L$124<>""))>0,"Navigational",IF(SUMPRODUCT(ISNUMBER(SEARCH(" "&Settings!$L$5:$L$124&" "," "&M38&" "))*(Settings!$K$5:$K$124="Transactional")*(Settings!$L$5:$L$124<>""))>0,"Transactional",IF(SUMPRODUCT(ISNUMBER(SEARCH(" "&Settings!$L$5:$L$124&" "," "&M38&" "))*(Settings!$K$5:$K$124="Commercial")*(Settings!$L$5:$L$124<>""))>0,"Commercial",IF(SUMPRODUCT(ISNUMBER(SEARCH(" "&Settings!$L$5:$L$124&" "," "&M38&" "))*(Settings!$K$5:$K$124="Informational")*(Settings!$L$5:$L$124<>""))>0,"Informational","Unclassified"))))) | O38: =IF(A38="","",IF(K38<>"",PROPER(K38),N38)) | P38: =IF(A38="","",ROUND(Settings!$B$5*MIN(1,LOG10(N(C38)+1)/LOG10(Settings!$B$7+1))+Settings!$B$6*(1-MIN(100,IF(D38="",50,N(D38)))/100)+IFERROR(INDEX(Settings!$B$10:$B$14,MATCH(O38,Settings!$A$10:$A$14,0)),0),0)) | Q38: =IF(OR(A38="",G38=""),"",COUNTIFS($M$3:$M$1002,M38,$G$3:$G$1002,"<>"&SUBSTITUTE(SUBSTITUTE(G38,"?","~?"),"*","~*"),$G$3:$G$1002,"?*")) | R38: =IF(Q38="","",IF(Q38>0,"Yes","No")) | S38: =IF(G38="","",COUNTIFS($G$3:$G$1002,SUBSTITUTE(SUBSTITUTE(G38,"?","~?"),"*","~*"),$J$3:$J$1002,"Primary")) | T38: =IF(S38="","",IF(S38>Settings!$B$4,"Yes","No")) | U38: =IF(OR(G38="",B38=""),"",IF(COUNTIFS($G$3:$G$1002,SUBSTITUTE(SUBSTITUTE(G38,"?","~?"),"*","~*"),$B$3:$B$1002,"<>"&SUBSTITUTE(SUBSTITUTE(B38,"?","~?"),"*","~*"),$B$3:$B$1002,"?*")>0,"Yes","No")) | V38: =IF(OR(G38="",I38="",O38="",O38="Unclassified"),"",IFERROR(INDEX(Settings!$E$5:$H$16,MATCH(I38,Settings!$D$5:$D$16,0),MATCH(O38,Settings!$E$4:$H$4,0)),"Check")) | W38: =IF(V38="","",IF(V38="No","Yes","No")) | X38: =IF(OR(E38="",G38=""),"",IF(LOWER(IF(RIGHT(TRIM(E38),1)="/",LEFT(TRIM(E38),LEN(TRIM(E38))-1),TRIM(E38)))<>LOWER(IF(RIGHT(TRIM(G38),1)="/",LEFT(TRIM(G38),LEN(TRIM(G38))-1),TRIM(G38))),"Yes","No")) | Y38: =IF(A38="","",(N(Q38)>0)+(T38="Yes")+(U38="Yes")+(W38="Yes")+(X38="Yes")) | Z38: =IF(A38="","",IF(G38="","Not mapped",IF(Y38=0,"OK",MID(IF(N(Q38)>0,"; Cannibalisation","")&IF(T38="Yes","; Too many primary keywords on URL","")&IF(U38="Yes","; URL spans 2+ clusters","")&IF(W38="Yes","; Intent mismatch","")&IF(X38="Yes","; Ranking URL is not the target",""),3,300)))) | AA38: =IF(G38="","",IF(COUNTIF($G$3:G38,SUBSTITUTE(SUBSTITUTE(G38,"?","~?"),"*","~*"))=1,MAX($AA$2:AA37)+1,"")) | AB38: =IF(B38="","",IF(COUNTIF($B$3:B38,SUBSTITUTE(SUBSTITUTE(B38,"?","~?"),"*","~*"))=1,MAX($AB$2:AB37)+1,""))
M39: =IF(A39="","",LOWER(TRIM(SUBSTITUTE(SUBSTITUTE(A39,"?",""),"*","")))) | N39: =IF(M39="","",IF(SUMPRODUCT(ISNUMBER(SEARCH(" "&Settings!$L$5:$L$124&" "," "&M39&" "))*(Settings!$K$5:$K$124="Navigational")*(Settings!$L$5:$L$124<>""))>0,"Navigational",IF(SUMPRODUCT(ISNUMBER(SEARCH(" "&Settings!$L$5:$L$124&" "," "&M39&" "))*(Settings!$K$5:$K$124="Transactional")*(Settings!$L$5:$L$124<>""))>0,"Transactional",IF(SUMPRODUCT(ISNUMBER(SEARCH(" "&Settings!$L$5:$L$124&" "," "&M39&" "))*(Settings!$K$5:$K$124="Commercial")*(Settings!$L$5:$L$124<>""))>0,"Commercial",IF(SUMPRODUCT(ISNUMBER(SEARCH(" "&Settings!$L$5:$L$124&" "," "&M39&" "))*(Settings!$K$5:$K$124="Informational")*(Settings!$L$5:$L$124<>""))>0,"Informational","Unclassified"))))) | O39: =IF(A39="","",IF(K39<>"",PROPER(K39),N39)) | P39: =IF(A39="","",ROUND(Settings!$B$5*MIN(1,LOG10(N(C39)+1)/LOG10(Settings!$B$7+1))+Settings!$B$6*(1-MIN(100,IF(D39="",50,N(D39)))/100)+IFERROR(INDEX(Settings!$B$10:$B$14,MATCH(O39,Settings!$A$10:$A$14,0)),0),0)) | Q39: =IF(OR(A39="",G39=""),"",COUNTIFS($M$3:$M$1002,M39,$G$3:$G$1002,"<>"&SUBSTITUTE(SUBSTITUTE(G39,"?","~?"),"*","~*"),$G$3:$G$1002,"?*")) | R39: =IF(Q39="","",IF(Q39>0,"Yes","No")) | S39: =IF(G39="","",COUNTIFS($G$3:$G$1002,SUBSTITUTE(SUBSTITUTE(G39,"?","~?"),"*","~*"),$J$3:$J$1002,"Primary")) | T39: =IF(S39="","",IF(S39>Settings!$B$4,"Yes","No")) | U39: =IF(OR(G39="",B39=""),"",IF(COUNTIFS($G$3:$G$1002,SUBSTITUTE(SUBSTITUTE(G39,"?","~?"),"*","~*"),$B$3:$B$1002,"<>"&SUBSTITUTE(SUBSTITUTE(B39,"?","~?"),"*","~*"),$B$3:$B$1002,"?*")>0,"Yes","No")) | V39: =IF(OR(G39="",I39="",O39="",O39="Unclassified"),"",IFERROR(INDEX(Settings!$E$5:$H$16,MATCH(I39,Settings!$D$5:$D$16,0),MATCH(O39,Settings!$E$4:$H$4,0)),"Check")) | W39: =IF(V39="","",IF(V39="No","Yes","No")) | X39: =IF(OR(E39="",G39=""),"",IF(LOWER(IF(RIGHT(TRIM(E39),1)="/",LEFT(TRIM(E39),LEN(TRIM(E39))-1),TRIM(E39)))<>LOWER(IF(RIGHT(TRIM(G39),1)="/",LEFT(TRIM(G39),LEN(TRIM(G39))-1),TRIM(G39))),"Yes","No")) | Y39: =IF(A39="","",(N(Q39)>0)+(T39="Yes")+(U39="Yes")+(W39="Yes")+(X39="Yes")) | Z39: =IF(A39="","",IF(G39="","Not mapped",IF(Y39=0,"OK",MID(IF(N(Q39)>0,"; Cannibalisation","")&IF(T39="Yes","; Too many primary keywords on URL","")&IF(U39="Yes","; URL spans 2+ clusters","")&IF(W39="Yes","; Intent mismatch","")&IF(X39="Yes","; Ranking URL is not the target",""),3,300)))) | AA39: =IF(G39="","",IF(COUNTIF($G$3:G39,SUBSTITUTE(SUBSTITUTE(G39,"?","~?"),"*","~*"))=1,MAX($AA$2:AA38)+1,"")) | AB39: =IF(B39="","",IF(COUNTIF($B$3:B39,SUBSTITUTE(SUBSTITUTE(B39,"?","~?"),"*","~*"))=1,MAX($AB$2:AB38)+1,""))
M40: =IF(A40="","",LOWER(TRIM(SUBSTITUTE(SUBSTITUTE(A40,"?",""),"*","")))) | N40: =IF(M40="","",IF(SUMPRODUCT(ISNUMBER(SEARCH(" "&Settings!$L$5:$L$124&" "," "&M40&" "))*(Settings!$K$5:$K$124="Navigational")*(Settings!$L$5:$L$124<>""))>0,"Navigational",IF(SUMPRODUCT(ISNUMBER(SEARCH(" "&Settings!$L$5:$L$124&" "," "&M40&" "))*(Settings!$K$5:$K$124="Transactional")*(Settings!$L$5:$L$124<>""))>0,"Transactional",IF(SUMPRODUCT(ISNUMBER(SEARCH(" "&Settings!$L$5:$L$124&" "," "&M40&" "))*(Settings!$K$5:$K$124="Commercial")*(Settings!$L$5:$L$124<>""))>0,"Commercial",IF(SUMPRODUCT(ISNUMBER(SEARCH(" "&Settings!$L$5:$L$124&" "," "&M40&" "))*(Settings!$K$5:$K$124="Informational")*(Settings!$L$5:$L$124<>""))>0,"Informational","Unclassified"))))) | O40: =IF(A40="","",IF(K40<>"",PROPER(K40),N40)) | P40: =IF(A40="","",ROUND(Settings!$B$5*MIN(1,LOG10(N(C40)+1)/LOG10(Settings!$B$7+1))+Settings!$B$6*(1-MIN(100,IF(D40="",50,N(D40)))/100)+IFERROR(INDEX(Settings!$B$10:$B$14,MATCH(O40,Settings!$A$10:$A$14,0)),0),0)) | Q40: =IF(OR(A40="",G40=""),"",COUNTIFS($M$3:$M$1002,M40,$G$3:$G$1002,"<>"&SUBSTITUTE(SUBSTITUTE(G40,"?","~?"),"*","~*"),$G$3:$G$1002,"?*")) | R40: =IF(Q40="","",IF(Q40>0,"Yes","No")) | S40: =IF(G40="","",COUNTIFS($G$3:$G$1002,SUBSTITUTE(SUBSTITUTE(G40,"?","~?"),"*","~*"),$J$3:$J$1002,"Primary")) | T40: =IF(S40="","",IF(S40>Settings!$B$4,"Yes","No")) | U40: =IF(OR(G40="",B40=""),"",IF(COUNTIFS($G$3:$G$1002,SUBSTITUTE(SUBSTITUTE(G40,"?","~?"),"*","~*"),$B$3:$B$1002,"<>"&SUBSTITUTE(SUBSTITUTE(B40,"?","~?"),"*","~*"),$B$3:$B$1002,"?*")>0,"Yes","No")) | V40: =IF(OR(G40="",I40="",O40="",O40="Unclassified"),"",IFERROR(INDEX(Settings!$E$5:$H$16,MATCH(I40,Settings!$D$5:$D$16,0),MATCH(O40,Settings!$E$4:$H$4,0)),"Check")) | W40: =IF(V40="","",IF(V40="No","Yes","No")) | X40: =IF(OR(E40="",G40=""),"",IF(LOWER(IF(RIGHT(TRIM(E40),1)="/",LEFT(TRIM(E40),LEN(TRIM(E40))-1),TRIM(E40)))<>LOWER(IF(RIGHT(TRIM(G40),1)="/",LEFT(TRIM(G40),LEN(TRIM(G40))-1),TRIM(G40))),"Yes","No")) | Y40: =IF(A40="","",(N(Q40)>0)+(T40="Yes")+(U40="Yes")+(W40="Yes")+(X40="Yes")) | Z40: =IF(A40="","",IF(G40="","Not mapped",IF(Y40=0,"OK",MID(IF(N(Q40)>0,"; Cannibalisation","")&IF(T40="Yes","; Too many primary keywords on URL","")&IF(U40="Yes","; URL spans 2+ clusters","")&IF(W40="Yes","; Intent mismatch","")&IF(X40="Yes","; Ranking URL is not the target",""),3,300)))) | AA40: =IF(G40="","",IF(COUNTIF($G$3:G40,SUBSTITUTE(SUBSTITUTE(G40,"?","~?"),"*","~*"))=1,MAX($AA$2:AA39)+1,"")) | AB40: =IF(B40="","",IF(COUNTIF($B$3:B40,SUBSTITUTE(SUBSTITUTE(B40,"?","~?"),"*","~*"))=1,MAX($AB$2:AB39)+1,""))
M41: =IF(A41="","",LOWER(TRIM(SUBSTITUTE(SUBSTITUTE(A41,"?",""),"*","")))) | N41: =IF(M41="","",IF(SUMPRODUCT(ISNUMBER(SEARCH(" "&Settings!$L$5:$L$124&" "," "&M41&" "))*(Settings!$K$5:$K$124="Navigational")*(Settings!$L$5:$L$124<>""))>0,"Navigational",IF(SUMPRODUCT(ISNUMBER(SEARCH(" "&Settings!$L$5:$L$124&" "," "&M41&" "))*(Settings!$K$5:$K$124="Transactional")*(Settings!$L$5:$L$124<>""))>0,"Transactional",IF(SUMPRODUCT(ISNUMBER(SEARCH(" "&Settings!$L$5:$L$124&" "," "&M41&" "))*(Settings!$K$5:$K$124="Commercial")*(Settings!$L$5:$L$124<>""))>0,"Commercial",IF(SUMPRODUCT(ISNUMBER(SEARCH(" "&Settings!$L$5:$L$124&" "," "&M41&" "))*(Settings!$K$5:$K$124="Informational")*(Settings!$L$5:$L$124<>""))>0,"Informational","Unclassified"))))) | O41: =IF(A41="","",IF(K41<>"",PROPER(K41),N41)) | P41: =IF(A41="","",ROUND(Settings!$B$5*MIN(1,LOG10(N(C41)+1)/LOG10(Settings!$B$7+1))+Settings!$B$6*(1-MIN(100,IF(D41="",50,N(D41)))/100)+IFERROR(INDEX(Settings!$B$10:$B$14,MATCH(O41,Settings!$A$10:$A$14,0)),0),0)) | Q41: =IF(OR(A41="",G41=""),"",COUNTIFS($M$3:$M$1002,M41,$G$3:$G$1002,"<>"&SUBSTITUTE(SUBSTITUTE(G41,"?","~?"),"*","~*"),$G$3:$G$1002,"?*")) | R41: =IF(Q41="","",IF(Q41>0,"Yes","No")) | S41: =IF(G41="","",COUNTIFS($G$3:$G$1002,SUBSTITUTE(SUBSTITUTE(G41,"?","~?"),"*","~*"),$J$3:$J$1002,"Primary")) | T41: =IF(S41="","",IF(S41>Settings!$B$4,"Yes","No")) | U41: =IF(OR(G41="",B41=""),"",IF(COUNTIFS($G$3:$G$1002,SUBSTITUTE(SUBSTITUTE(G41,"?","~?"),"*","~*"),$B$3:$B$1002,"<>"&SUBSTITUTE(SUBSTITUTE(B41,"?","~?"),"*","~*"),$B$3:$B$1002,"?*")>0,"Yes","No")) | V41: =IF(OR(G41="",I41="",O41="",O41="Unclassified"),"",IFERROR(INDEX(Settings!$E$5:$H$16,MATCH(I41,Settings!$D$5:$D$16,0),MATCH(O41,Settings!$E$4:$H$4,0)),"Check")) | W41: =IF(V41="","",IF(V41="No","Yes","No")) | X41: =IF(OR(E41="",G41=""),"",IF(LOWER(IF(RIGHT(TRIM(E41),1)="/",LEFT(TRIM(E41),LEN(TRIM(E41))-1),TRIM(E41)))<>LOWER(IF(RIGHT(TRIM(G41),1)="/",LEFT(TRIM(G41),LEN(TRIM(G41))-1),TRIM(G41))),"Yes","No")) | Y41: =IF(A41="","",(N(Q41)>0)+(T41="Yes")+(U41="Yes")+(W41="Yes")+(X41="Yes")) | Z41: =IF(A41="","",IF(G41="","Not mapped",IF(Y41=0,"OK",MID(IF(N(Q41)>0,"; Cannibalisation","")&IF(T41="Yes","; Too many primary keywords on URL","")&IF(U41="Yes","; URL spans 2+ clusters","")&IF(W41="Yes","; Intent mismatch","")&IF(X41="Yes","; Ranking URL is not the target",""),3,300)))) | AA41: =IF(G41="","",IF(COUNTIF($G$3:G41,SUBSTITUTE(SUBSTITUTE(G41,"?","~?"),"*","~*"))=1,MAX($AA$2:AA40)+1,"")) | AB41: =IF(B41="","",IF(COUNTIF($B$3:B41,SUBSTITUTE(SUBSTITUTE(B41,"?","~?"),"*","~*"))=1,MAX($AB$2:AB40)+1,""))
... M1002: =IF(A1002="","",LOWER(TRIM(SUBSTITUTE(SUBSTITUTE(A1002,"?",""),"*","")))) | N1002: =IF(M1002="","",IF(SUMPRODUCT(ISNUMBER(SEARCH(" "&Settings!$L$5:$L$124&" "," "&M1002&" "))*(Settings!$K$5:$K$124="Navigational")*(Settings!$L$5:$L$124<>""))>0,"Navigational",IF(SUMPRODUCT(ISNUMBER(SEARCH(" "&Settings!$L$5:$L$124&" "," "&M1002&" "))*(Settings!$K$5:$K$124="Transactional")*(Settings!$L$5:$L$124<>""))>0,"Transactional",IF(SUMPRODUCT(ISNUMBER(SEARCH(" "&Settings!$L$5:$L$124&" "," "&M1002&" "))*(Settings!$K$5:$K$124="Commercial")*(Settings!$L$5:$L$124<>""))>0,"Commercial",IF(SUMPRODUCT(ISNUMBER(SEARCH(" "&Settings!$L$5:$L$124&" "," "&M1002&" "))*(Settings!$K$5:$K$124="Informational")*(Settings!$L$5:$L$124<>""))>0,"Informational","Unclassified"))))) | O1002: =IF(A1002="","",IF(K1002<>"",PROPER(K1002),N1002)) | P1002: =IF(A1002="","",ROUND(Settings!$B$5*MIN(1,LOG10(N(C1002)+1)/LOG10(Settings!$B$7+1))+Settings!$B$6*(1-MIN(100,IF(D1002="",50,N(D1002)))/100)+IFERROR(INDEX(Settings!$B$10:$B$14,MATCH(O1002,Settings!$A$10:$A$14,0)),0),0)) | Q1002: =IF(OR(A1002="",G1002=""),"",COUNTIFS($M$3:$M$1002,M1002,$G$3:$G$1002,"<>"&SUBSTITUTE(SUBSTITUTE(G1002,"?","~?"),"*","~*"),$G$3:$G$1002,"?*")) | R1002: =IF(Q1002="","",IF(Q1002>0,"Yes","No")) | S1002: =IF(G1002="","",COUNTIFS($G$3:$G$1002,SUBSTITUTE(SUBSTITUTE(G1002,"?","~?"),"*","~*"),$J$3:$J$1002,"Primary")) | T1002: =IF(S1002="","",IF(S1002>Settings!$B$4,"Yes","No")) | U1002: =IF(OR(G1002="",B1002=""),"",IF(COUNTIFS($G$3:$G$1002,SUBSTITUTE(SUBSTITUTE(G1002,"?","~?"),"*","~*"),$B$3:$B$1002,"<>"&SUBSTITUTE(SUBSTITUTE(B1002,"?","~?"),"*","~*"),$B$3:$B$1002,"?*")>0,"Yes","No")) | V1002: =IF(OR(G1002="",I1002="",O1002="",O1002="Unclassified"),"",IFERROR(INDEX(Settings!$E$5:$H$16,MATCH(I1002,Settings!$D$5:$D$16,0),MATCH(O1002,Settings!$E$4:$H$4,0)),"Check")) | W1002: =IF(V1002="","",IF(V1002="No","Yes","No")) | X1002: =IF(OR(E1002="",G1002=""),"",IF(LOWER(IF(RIGHT(TRIM(E1002),1)="/",LEFT(TRIM(E1002),LEN(TRIM(E1002))-1),TRIM(E1002)))<>LOWER(IF(RIGHT(TRIM(G1002),1)="/",LEFT(TRIM(G1002),LEN(TRIM(G1002))-1),TRIM(G1002))),"Yes","No")) | Y1002: =IF(A1002="","",(N(Q1002)>0)+(T1002="Yes")+(U1002="Yes")+(W1002="Yes")+(X1002="Yes")) | Z1002: =IF(A1002="","",IF(G1002="","Not mapped",IF(Y1002=0,"OK",MID(IF(N(Q1002)>0,"; Cannibalisation","")&IF(T1002="Yes","; Too many primary keywords on URL","")&IF(U1002="Yes","; URL spans 2+ clusters","")&IF(W1002="Yes","; Intent mismatch","")&IF(X1002="Yes","; Ranking URL is not the target",""),3,300)))) | AA1002: =IF(G1002="","",IF(COUNTIF($G$3:G1002,SUBSTITUTE(SUBSTITUTE(G1002,"?","~?"),"*","~*"))=1,MAX($AA$2:AA1001)+1,"")) | AB1002: =IF(B1002="","",IF(COUNTIF($B$3:B1002,SUBSTITUTE(SUBSTITUTE(B1002,"?","~?"),"*","~*"))=1,MAX($AB$2:AB1001)+1,""))

Sheet URL Summary
A1: URL Summary: one row per target URL
A2: # | B2: Target URL | C2: Page type | D2: Page status | E2: Keywords mapped | F2: Primary keywords | G2: Search volume (all mapped) | H2: Avg priority | I2: Cannibalised keywords | J2: Intent mismatches | K2: Status
A3: =ROW()-2 | B3: =IFERROR(INDEX('Keyword Map'!$G$3:$G$1002,MATCH(A3,'Keyword Map'!$AA$3:$AA$1002,0)),"") | C3: =IF(B3="","",INDEX('Keyword Map'!$I$3:$I$1002,MATCH(A3,'Keyword Map'!$AA$3:$AA$1002,0))&"") | D3: =IF(B3="","",INDEX('Keyword Map'!$H$3:$H$1002,MATCH(A3,'Keyword Map'!$AA$3:$AA$1002,0))&"") | E3: =IF(B3="","",COUNTIF('Keyword Map'!$G$3:$G$1002,SUBSTITUTE(SUBSTITUTE(B3,"?","~?"),"*","~*"))) | F3: =IF(B3="","",COUNTIFS('Keyword Map'!$G$3:$G$1002,SUBSTITUTE(SUBSTITUTE(B3,"?","~?"),"*","~*"),'Keyword Map'!$J$3:$J$1002,"Primary")) | G3: =IF(B3="","",SUMIFS('Keyword Map'!$C$3:$C$1002,'Keyword Map'!$G$3:$G$1002,SUBSTITUTE(SUBSTITUTE(B3,"?","~?"),"*","~*"))) | H3: =IF(B3="","",IFERROR(ROUND(AVERAGEIFS('Keyword Map'!$P$3:$P$1002,'Keyword Map'!$G$3:$G$1002,SUBSTITUTE(SUBSTITUTE(B3,"?","~?"),"*","~*")),0),"")) | I3: =IF(B3="","",COUNTIFS('Keyword Map'!$G$3:$G$1002,SUBSTITUTE(SUBSTITUTE(B3,"?","~?"),"*","~*"),'Keyword Map'!$R$3:$R$1002,"Yes")) | J3: =IF(B3="","",COUNTIFS('Keyword Map'!$G$3:$G$1002,SUBSTITUTE(SUBSTITUTE(B3,"?","~?"),"*","~*"),'Keyword Map'!$W$3:$W$1002,"Yes")) | K3: =IF(B3="","",IF(F3=0,"No primary keyword",IF(F3>Settings!$B$4,"Too many primary keywords",IF(I3+J3>0,"Check flags","OK"))))
A4: =ROW()-2 | B4: =IFERROR(INDEX('Keyword Map'!$G$3:$G$1002,MATCH(A4,'Keyword Map'!$AA$3:$AA$1002,0)),"") | C4: =IF(B4="","",INDEX('Keyword Map'!$I$3:$I$1002,MATCH(A4,'Keyword Map'!$AA$3:$AA$1002,0))&"") | D4: =IF(B4="","",INDEX('Keyword Map'!$H$3:$H$1002,MATCH(A4,'Keyword Map'!$AA$3:$AA$1002,0))&"") | E4: =IF(B4="","",COUNTIF('Keyword Map'!$G$3:$G$1002,SUBSTITUTE(SUBSTITUTE(B4,"?","~?"),"*","~*"))) | F4: =IF(B4="","",COUNTIFS('Keyword Map'!$G$3:$G$1002,SUBSTITUTE(SUBSTITUTE(B4,"?","~?"),"*","~*"),'Keyword Map'!$J$3:$J$1002,"Primary")) | G4: =IF(B4="","",SUMIFS('Keyword Map'!$C$3:$C$1002,'Keyword Map'!$G$3:$G$1002,SUBSTITUTE(SUBSTITUTE(B4,"?","~?"),"*","~*"))) | H4: =IF(B4="","",IFERROR(ROUND(AVERAGEIFS('Keyword Map'!$P$3:$P$1002,'Keyword Map'!$G$3:$G$1002,SUBSTITUTE(SUBSTITUTE(B4,"?","~?"),"*","~*")),0),"")) | I4: =IF(B4="","",COUNTIFS('Keyword Map'!$G$3:$G$1002,SUBSTITUTE(SUBSTITUTE(B4,"?","~?"),"*","~*"),'Keyword Map'!$R$3:$R$1002,"Yes")) | J4: =IF(B4="","",COUNTIFS('Keyword Map'!$G$3:$G$1002,SUBSTITUTE(SUBSTITUTE(B4,"?","~?"),"*","~*"),'Keyword Map'!$W$3:$W$1002,"Yes")) | K4: =IF(B4="","",IF(F4=0,"No primary keyword",IF(F4>Settings!$B$4,"Too many primary keywords",IF(I4+J4>0,"Check flags","OK"))))
A5: =ROW()-2 | B5: =IFERROR(INDEX('Keyword Map'!$G$3:$G$1002,MATCH(A5,'Keyword Map'!$AA$3:$AA$1002,0)),"") | C5: =IF(B5="","",INDEX('Keyword Map'!$I$3:$I$1002,MATCH(A5,'Keyword Map'!$AA$3:$AA$1002,0))&"") | D5: =IF(B5="","",INDEX('Keyword Map'!$H$3:$H$1002,MATCH(A5,'Keyword Map'!$AA$3:$AA$1002,0))&"") | E5: =IF(B5="","",COUNTIF('Keyword Map'!$G$3:$G$1002,SUBSTITUTE(SUBSTITUTE(B5,"?","~?"),"*","~*"))) | F5: =IF(B5="","",COUNTIFS('Keyword Map'!$G$3:$G$1002,SUBSTITUTE(SUBSTITUTE(B5,"?","~?"),"*","~*"),'Keyword Map'!$J$3:$J$1002,"Primary")) | G5: =IF(B5="","",SUMIFS('Keyword Map'!$C$3:$C$1002,'Keyword Map'!$G$3:$G$1002,SUBSTITUTE(SUBSTITUTE(B5,"?","~?"),"*","~*"))) | H5: =IF(B5="","",IFERROR(ROUND(AVERAGEIFS('Keyword Map'!$P$3:$P$1002,'Keyword Map'!$G$3:$G$1002,SUBSTITUTE(SUBSTITUTE(B5,"?","~?"),"*","~*")),0),"")) | I5: =IF(B5="","",COUNTIFS('Keyword Map'!$G$3:$G$1002,SUBSTITUTE(SUBSTITUTE(B5,"?","~?"),"*","~*"),'Keyword Map'!$R$3:$R$1002,"Yes")) | J5: =IF(B5="","",COUNTIFS('Keyword Map'!$G$3:$G$1002,SUBSTITUTE(SUBSTITUTE(B5,"?","~?"),"*","~*"),'Keyword Map'!$W$3:$W$1002,"Yes")) | K5: =IF(B5="","",IF(F5=0,"No primary keyword",IF(F5>Settings!$B$4,"Too many primary keywords",IF(I5+J5>0,"Check flags","OK"))))
A6: =ROW()-2 | B6: =IFERROR(INDEX('Keyword Map'!$G$3:$G$1002,MATCH(A6,'Keyword Map'!$AA$3:$AA$1002,0)),"") | C6: =IF(B6="","",INDEX('Keyword Map'!$I$3:$I$1002,MATCH(A6,'Keyword Map'!$AA$3:$AA$1002,0))&"") | D6: =IF(B6="","",INDEX('Keyword Map'!$H$3:$H$1002,MATCH(A6,'Keyword Map'!$AA$3:$AA$1002,0))&"") | E6: =IF(B6="","",COUNTIF('Keyword Map'!$G$3:$G$1002,SUBSTITUTE(SUBSTITUTE(B6,"?","~?"),"*","~*"))) | F6: =IF(B6="","",COUNTIFS('Keyword Map'!$G$3:$G$1002,SUBSTITUTE(SUBSTITUTE(B6,"?","~?"),"*","~*"),'Keyword Map'!$J$3:$J$1002,"Primary")) | G6: =IF(B6="","",SUMIFS('Keyword Map'!$C$3:$C$1002,'Keyword Map'!$G$3:$G$1002,SUBSTITUTE(SUBSTITUTE(B6,"?","~?"),"*","~*"))) | H6: =IF(B6="","",IFERROR(ROUND(AVERAGEIFS('Keyword Map'!$P$3:$P$1002,'Keyword Map'!$G$3:$G$1002,SUBSTITUTE(SUBSTITUTE(B6,"?","~?"),"*","~*")),0),"")) | I6: =IF(B6="","",COUNTIFS('Keyword Map'!$G$3:$G$1002,SUBSTITUTE(SUBSTITUTE(B6,"?","~?"),"*","~*"),'Keyword Map'!$R$3:$R$1002,"Yes")) | J6: =IF(B6="","",COUNTIFS('Keyword Map'!$G$3:$G$1002,SUBSTITUTE(SUBSTITUTE(B6,"?","~?"),"*","~*"),'Keyword Map'!$W$3:$W$1002,"Yes")) | K6: =IF(B6="","",IF(F6=0,"No primary keyword",IF(F6>Settings!$B$4,"Too many primary keywords",IF(I6+J6>0,"Check flags","OK"))))
A7: =ROW()-2 | B7: =IFERROR(INDEX('Keyword Map'!$G$3:$G$1002,MATCH(A7,'Keyword Map'!$AA$3:$AA$1002,0)),"") | C7: =IF(B7="","",INDEX('Keyword Map'!$I$3:$I$1002,MATCH(A7,'Keyword Map'!$AA$3:$AA$1002,0))&"") | D7: =IF(B7="","",INDEX('Keyword Map'!$H$3:$H$1002,MATCH(A7,'Keyword Map'!$AA$3:$AA$1002,0))&"") | E7: =IF(B7="","",COUNTIF('Keyword Map'!$G$3:$G$1002,SUBSTITUTE(SUBSTITUTE(B7,"?","~?"),"*","~*"))) | F7: =IF(B7="","",COUNTIFS('Keyword Map'!$G$3:$G$1002,SUBSTITUTE(SUBSTITUTE(B7,"?","~?"),"*","~*"),'Keyword Map'!$J$3:$J$1002,"Primary")) | G7: =IF(B7="","",SUMIFS('Keyword Map'!$C$3:$C$1002,'Keyword Map'!$G$3:$G$1002,SUBSTITUTE(SUBSTITUTE(B7,"?","~?"),"*","~*"))) | H7: =IF(B7="","",IFERROR(ROUND(AVERAGEIFS('Keyword Map'!$P$3:$P$1002,'Keyword Map'!$G$3:$G$1002,SUBSTITUTE(SUBSTITUTE(B7,"?","~?"),"*","~*")),0),"")) | I7: =IF(B7="","",COUNTIFS('Keyword Map'!$G$3:$G$1002,SUBSTITUTE(SUBSTITUTE(B7,"?","~?"),"*","~*"),'Keyword Map'!$R$3:$R$1002,"Yes")) | J7: =IF(B7="","",COUNTIFS('Keyword Map'!$G$3:$G$1002,SUBSTITUTE(SUBSTITUTE(B7,"?","~?"),"*","~*"),'Keyword Map'!$W$3:$W$1002,"Yes")) | K7: =IF(B7="","",IF(F7=0,"No primary keyword",IF(F7>Settings!$B$4,"Too many primary keywords",IF(I7+J7>0,"Check flags","OK"))))
A8: =ROW()-2 | B8: =IFERROR(INDEX('Keyword Map'!$G$3:$G$1002,MATCH(A8,'Keyword Map'!$AA$3:$AA$1002,0)),"") | C8: =IF(B8="","",INDEX('Keyword Map'!$I$3:$I$1002,MATCH(A8,'Keyword Map'!$AA$3:$AA$1002,0))&"") | D8: =IF(B8="","",INDEX('Keyword Map'!$H$3:$H$1002,MATCH(A8,'Keyword Map'!$AA$3:$AA$1002,0))&"") | E8: =IF(B8="","",COUNTIF('Keyword Map'!$G$3:$G$1002,SUBSTITUTE(SUBSTITUTE(B8,"?","~?"),"*","~*"))) | F8: =IF(B8="","",COUNTIFS('Keyword Map'!$G$3:$G$1002,SUBSTITUTE(SUBSTITUTE(B8,"?","~?"),"*","~*"),'Keyword Map'!$J$3:$J$1002,"Primary")) | G8: =IF(B8="","",SUMIFS('Keyword Map'!$C$3:$C$1002,'Keyword Map'!$G$3:$G$1002,SUBSTITUTE(SUBSTITUTE(B8,"?","~?"),"*","~*"))) | H8: =IF(B8="","",IFERROR(ROUND(AVERAGEIFS('Keyword Map'!$P$3:$P$1002,'Keyword Map'!$G$3:$G$1002,SUBSTITUTE(SUBSTITUTE(B8,"?","~?"),"*","~*")),0),"")) | I8: =IF(B8="","",COUNTIFS('Keyword Map'!$G$3:$G$1002,SUBSTITUTE(SUBSTITUTE(B8,"?","~?"),"*","~*"),'Keyword Map'!$R$3:$R$1002,"Yes")) | J8: =IF(B8="","",COUNTIFS('Keyword Map'!$G$3:$G$1002,SUBSTITUTE(SUBSTITUTE(B8,"?","~?"),"*","~*"),'Keyword Map'!$W$3:$W$1002,"Yes")) | K8: =IF(B8="","",IF(F8=0,"No primary keyword",IF(F8>Settings!$B$4,"Too many primary keywords",IF(I8+J8>0,"Check flags","OK"))))
A9: =ROW()-2 | B9: =IFERROR(INDEX('Keyword Map'!$G$3:$G$1002,MATCH(A9,'Keyword Map'!$AA$3:$AA$1002,0)),"") | C9: =IF(B9="","",INDEX('Keyword Map'!$I$3:$I$1002,MATCH(A9,'Keyword Map'!$AA$3:$AA$1002,0))&"") | D9: =IF(B9="","",INDEX('Keyword Map'!$H$3:$H$1002,MATCH(A9,'Keyword Map'!$AA$3:$AA$1002,0))&"") | E9: =IF(B9="","",COUNTIF('Keyword Map'!$G$3:$G$1002,SUBSTITUTE(SUBSTITUTE(B9,"?","~?"),"*","~*"))) | F9: =IF(B9="","",COUNTIFS('Keyword Map'!$G$3:$G$1002,SUBSTITUTE(SUBSTITUTE(B9,"?","~?"),"*","~*"),'Keyword Map'!$J$3:$J$1002,"Primary")) | G9: =IF(B9="","",SUMIFS('Keyword Map'!$C$3:$C$1002,'Keyword Map'!$G$3:$G$1002,SUBSTITUTE(SUBSTITUTE(B9,"?","~?"),"*","~*"))) | H9: =IF(B9="","",IFERROR(ROUND(AVERAGEIFS('Keyword Map'!$P$3:$P$1002,'Keyword Map'!$G$3:$G$1002,SUBSTITUTE(SUBSTITUTE(B9,"?","~?"),"*","~*")),0),"")) | I9: =IF(B9="","",COUNTIFS('Keyword Map'!$G$3:$G$1002,SUBSTITUTE(SUBSTITUTE(B9,"?","~?"),"*","~*"),'Keyword Map'!$R$3:$R$1002,"Yes")) | J9: =IF(B9="","",COUNTIFS('Keyword Map'!$G$3:$G$1002,SUBSTITUTE(SUBSTITUTE(B9,"?","~?"),"*","~*"),'Keyword Map'!$W$3:$W$1002,"Yes")) | K9: =IF(B9="","",IF(F9=0,"No primary keyword",IF(F9>Settings!$B$4,"Too many primary keywords",IF(I9+J9>0,"Check flags","OK"))))
A10: =ROW()-2 | B10: =IFERROR(INDEX('Keyword Map'!$G$3:$G$1002,MATCH(A10,'Keyword Map'!$AA$3:$AA$1002,0)),"") | C10: =IF(B10="","",INDEX('Keyword Map'!$I$3:$I$1002,MATCH(A10,'Keyword Map'!$AA$3:$AA$1002,0))&"") | D10: =IF(B10="","",INDEX('Keyword Map'!$H$3:$H$1002,MATCH(A10,'Keyword Map'!$AA$3:$AA$1002,0))&"") | E10: =IF(B10="","",COUNTIF('Keyword Map'!$G$3:$G$1002,SUBSTITUTE(SUBSTITUTE(B10,"?","~?"),"*","~*"))) | F10: =IF(B10="","",COUNTIFS('Keyword Map'!$G$3:$G$1002,SUBSTITUTE(SUBSTITUTE(B10,"?","~?"),"*","~*"),'Keyword Map'!$J$3:$J$1002,"Primary")) | G10: =IF(B10="","",SUMIFS('Keyword Map'!$C$3:$C$1002,'Keyword Map'!$G$3:$G$1002,SUBSTITUTE(SUBSTITUTE(B10,"?","~?"),"*","~*"))) | H10: =IF(B10="","",IFERROR(ROUND(AVERAGEIFS('Keyword Map'!$P$3:$P$1002,'Keyword Map'!$G$3:$G$1002,SUBSTITUTE(SUBSTITUTE(B10,"?","~?"),"*","~*")),0),"")) | I10: =IF(B10="","",COUNTIFS('Keyword Map'!$G$3:$G$1002,SUBSTITUTE(SUBSTITUTE(B10,"?","~?"),"*","~*"),'Keyword Map'!$R$3:$R$1002,"Yes")) | J10: =IF(B10="","",COUNTIFS('Keyword Map'!$G$3:$G$1002,SUBSTITUTE(SUBSTITUTE(B10,"?","~?"),"*","~*"),'Keyword Map'!$W$3:$W$1002,"Yes")) | K10: =IF(B10="","",IF(F10=0,"No primary keyword",IF(F10>Settings!$B$4,"Too many primary keywords",IF(I10+J10>0,"Check flags","OK"))))
A11: =ROW()-2 | B11: =IFERROR(INDEX('Keyword Map'!$G$3:$G$1002,MATCH(A11,'Keyword Map'!$AA$3:$AA$1002,0)),"") | C11: =IF(B11="","",INDEX('Keyword Map'!$I$3:$I$1002,MATCH(A11,'Keyword Map'!$AA$3:$AA$1002,0))&"") | D11: =IF(B11="","",INDEX('Keyword Map'!$H$3:$H$1002,MATCH(A11,'Keyword Map'!$AA$3:$AA$1002,0))&"") | E11: =IF(B11="","",COUNTIF('Keyword Map'!$G$3:$G$1002,SUBSTITUTE(SUBSTITUTE(B11,"?","~?"),"*","~*"))) | F11: =IF(B11="","",COUNTIFS('Keyword Map'!$G$3:$G$1002,SUBSTITUTE(SUBSTITUTE(B11,"?","~?"),"*","~*"),'Keyword Map'!$J$3:$J$1002,"Primary")) | G11: =IF(B11="","",SUMIFS('Keyword Map'!$C$3:$C$1002,'Keyword Map'!$G$3:$G$1002,SUBSTITUTE(SUBSTITUTE(B11,"?","~?"),"*","~*"))) | H11: =IF(B11="","",IFERROR(ROUND(AVERAGEIFS('Keyword Map'!$P$3:$P$1002,'Keyword Map'!$G$3:$G$1002,SUBSTITUTE(SUBSTITUTE(B11,"?","~?"),"*","~*")),0),"")) | I11: =IF(B11="","",COUNTIFS('Keyword Map'!$G$3:$G$1002,SUBSTITUTE(SUBSTITUTE(B11,"?","~?"),"*","~*"),'Keyword Map'!$R$3:$R$1002,"Yes")) | J11: =IF(B11="","",COUNTIFS('Keyword Map'!$G$3:$G$1002,SUBSTITUTE(SUBSTITUTE(B11,"?","~?"),"*","~*"),'Keyword Map'!$W$3:$W$1002,"Yes")) | K11: =IF(B11="","",IF(F11=0,"No primary keyword",IF(F11>Settings!$B$4,"Too many primary keywords",IF(I11+J11>0,"Check flags","OK"))))
A12: =ROW()-2 | B12: =IFERROR(INDEX('Keyword Map'!$G$3:$G$1002,MATCH(A12,'Keyword Map'!$AA$3:$AA$1002,0)),"") | C12: =IF(B12="","",INDEX('Keyword Map'!$I$3:$I$1002,MATCH(A12,'Keyword Map'!$AA$3:$AA$1002,0))&"") | D12: =IF(B12="","",INDEX('Keyword Map'!$H$3:$H$1002,MATCH(A12,'Keyword Map'!$AA$3:$AA$1002,0))&"") | E12: =IF(B12="","",COUNTIF('Keyword Map'!$G$3:$G$1002,SUBSTITUTE(SUBSTITUTE(B12,"?","~?"),"*","~*"))) | F12: =IF(B12="","",COUNTIFS('Keyword Map'!$G$3:$G$1002,SUBSTITUTE(SUBSTITUTE(B12,"?","~?"),"*","~*"),'Keyword Map'!$J$3:$J$1002,"Primary")) | G12: =IF(B12="","",SUMIFS('Keyword Map'!$C$3:$C$1002,'Keyword Map'!$G$3:$G$1002,SUBSTITUTE(SUBSTITUTE(B12,"?","~?"),"*","~*"))) | H12: =IF(B12="","",IFERROR(ROUND(AVERAGEIFS('Keyword Map'!$P$3:$P$1002,'Keyword Map'!$G$3:$G$1002,SUBSTITUTE(SUBSTITUTE(B12,"?","~?"),"*","~*")),0),"")) | I12: =IF(B12="","",COUNTIFS('Keyword Map'!$G$3:$G$1002,SUBSTITUTE(SUBSTITUTE(B12,"?","~?"),"*","~*"),'Keyword Map'!$R$3:$R$1002,"Yes")) | J12: =IF(B12="","",COUNTIFS('Keyword Map'!$G$3:$G$1002,SUBSTITUTE(SUBSTITUTE(B12,"?","~?"),"*","~*"),'Keyword Map'!$W$3:$W$1002,"Yes")) | K12: =IF(B12="","",IF(F12=0,"No primary keyword",IF(F12>Settings!$B$4,"Too many primary keywords",IF(I12+J12>0,"Check flags","OK"))))
A13: =ROW()-2 | B13: =IFERROR(INDEX('Keyword Map'!$G$3:$G$1002,MATCH(A13,'Keyword Map'!$AA$3:$AA$1002,0)),"") | C13: =IF(B13="","",INDEX('Keyword Map'!$I$3:$I$1002,MATCH(A13,'Keyword Map'!$AA$3:$AA$1002,0))&"") | D13: =IF(B13="","",INDEX('Keyword Map'!$H$3:$H$1002,MATCH(A13,'Keyword Map'!$AA$3:$AA$1002,0))&"") | E13: =IF(B13="","",COUNTIF('Keyword Map'!$G$3:$G$1002,SUBSTITUTE(SUBSTITUTE(B13,"?","~?"),"*","~*"))) | F13: =IF(B13="","",COUNTIFS('Keyword Map'!$G$3:$G$1002,SUBSTITUTE(SUBSTITUTE(B13,"?","~?"),"*","~*"),'Keyword Map'!$J$3:$J$1002,"Primary")) | G13: =IF(B13="","",SUMIFS('Keyword Map'!$C$3:$C$1002,'Keyword Map'!$G$3:$G$1002,SUBSTITUTE(SUBSTITUTE(B13,"?","~?"),"*","~*"))) | H13: =IF(B13="","",IFERROR(ROUND(AVERAGEIFS('Keyword Map'!$P$3:$P$1002,'Keyword Map'!$G$3:$G$1002,SUBSTITUTE(SUBSTITUTE(B13,"?","~?"),"*","~*")),0),"")) | I13: =IF(B13="","",COUNTIFS('Keyword Map'!$G$3:$G$1002,SUBSTITUTE(SUBSTITUTE(B13,"?","~?"),"*","~*"),'Keyword Map'!$R$3:$R$1002,"Yes")) | J13: =IF(B13="","",COUNTIFS('Keyword Map'!$G$3:$G$1002,SUBSTITUTE(SUBSTITUTE(B13,"?","~?"),"*","~*"),'Keyword Map'!$W$3:$W$1002,"Yes")) | K13: =IF(B13="","",IF(F13=0,"No primary keyword",IF(F13>Settings!$B$4,"Too many primary keywords",IF(I13+J13>0,"Check flags","OK"))))
A14: =ROW()-2 | B14: =IFERROR(INDEX('Keyword Map'!$G$3:$G$1002,MATCH(A14,'Keyword Map'!$AA$3:$AA$1002,0)),"") | C14: =IF(B14="","",INDEX('Keyword Map'!$I$3:$I$1002,MATCH(A14,'Keyword Map'!$AA$3:$AA$1002,0))&"") | D14: =IF(B14="","",INDEX('Keyword Map'!$H$3:$H$1002,MATCH(A14,'Keyword Map'!$AA$3:$AA$1002,0))&"") | E14: =IF(B14="","",COUNTIF('Keyword Map'!$G$3:$G$1002,SUBSTITUTE(SUBSTITUTE(B14,"?","~?"),"*","~*"))) | F14: =IF(B14="","",COUNTIFS('Keyword Map'!$G$3:$G$1002,SUBSTITUTE(SUBSTITUTE(B14,"?","~?"),"*","~*"),'Keyword Map'!$J$3:$J$1002,"Primary")) | G14: =IF(B14="","",SUMIFS('Keyword Map'!$C$3:$C$1002,'Keyword Map'!$G$3:$G$1002,SUBSTITUTE(SUBSTITUTE(B14,"?","~?"),"*","~*"))) | H14: =IF(B14="","",IFERROR(ROUND(AVERAGEIFS('Keyword Map'!$P$3:$P$1002,'Keyword Map'!$G$3:$G$1002,SUBSTITUTE(SUBSTITUTE(B14,"?","~?"),"*","~*")),0),"")) | I14: =IF(B14="","",COUNTIFS('Keyword Map'!$G$3:$G$1002,SUBSTITUTE(SUBSTITUTE(B14,"?","~?"),"*","~*"),'Keyword Map'!$R$3:$R$1002,"Yes")) | J14: =IF(B14="","",COUNTIFS('Keyword Map'!$G$3:$G$1002,SUBSTITUTE(SUBSTITUTE(B14,"?","~?"),"*","~*"),'Keyword Map'!$W$3:$W$1002,"Yes")) | K14: =IF(B14="","",IF(F14=0,"No primary keyword",IF(F14>Settings!$B$4,"Too many primary keywords",IF(I14+J14>0,"Check flags","OK"))))
... A502: =ROW()-2 | B502: =IFERROR(INDEX('Keyword Map'!$G$3:$G$1002,MATCH(A502,'Keyword Map'!$AA$3:$AA$1002,0)),"") | C502: =IF(B502="","",INDEX('Keyword Map'!$I$3:$I$1002,MATCH(A502,'Keyword Map'!$AA$3:$AA$1002,0))&"") | D502: =IF(B502="","",INDEX('Keyword Map'!$H$3:$H$1002,MATCH(A502,'Keyword Map'!$AA$3:$AA$1002,0))&"") | E502: =IF(B502="","",COUNTIF('Keyword Map'!$G$3:$G$1002,SUBSTITUTE(SUBSTITUTE(B502,"?","~?"),"*","~*"))) | F502: =IF(B502="","",COUNTIFS('Keyword Map'!$G$3:$G$1002,SUBSTITUTE(SUBSTITUTE(B502,"?","~?"),"*","~*"),'Keyword Map'!$J$3:$J$1002,"Primary")) | G502: =IF(B502="","",SUMIFS('Keyword Map'!$C$3:$C$1002,'Keyword Map'!$G$3:$G$1002,SUBSTITUTE(SUBSTITUTE(B502,"?","~?"),"*","~*"))) | H502: =IF(B502="","",IFERROR(ROUND(AVERAGEIFS('Keyword Map'!$P$3:$P$1002,'Keyword Map'!$G$3:$G$1002,SUBSTITUTE(SUBSTITUTE(B502,"?","~?"),"*","~*")),0),"")) | I502: =IF(B502="","",COUNTIFS('Keyword Map'!$G$3:$G$1002,SUBSTITUTE(SUBSTITUTE(B502,"?","~?"),"*","~*"),'Keyword Map'!$R$3:$R$1002,"Yes")) | J502: =IF(B502="","",COUNTIFS('Keyword Map'!$G$3:$G$1002,SUBSTITUTE(SUBSTITUTE(B502,"?","~?"),"*","~*"),'Keyword Map'!$W$3:$W$1002,"Yes")) | K502: =IF(B502="","",IF(F502=0,"No primary keyword",IF(F502>Settings!$B$4,"Too many primary keywords",IF(I502+J502>0,"Check flags","OK"))))

Sheet Cluster Summary
A1: Cluster Summary
A2: # | B2: Cluster | C2: Keywords | D2: Search volume | E2: Mapped to a URL | F2: Not mapped | G2: Cannibalised keywords | H2: Intent mismatches | I2: Avg priority
A3: =ROW()-2 | B3: =IFERROR(INDEX('Keyword Map'!$B$3:$B$1002,MATCH(A3,'Keyword Map'!$AB$3:$AB$1002,0)),"") | C3: =IF(B3="","",COUNTIF('Keyword Map'!$B$3:$B$1002,SUBSTITUTE(SUBSTITUTE(B3,"?","~?"),"*","~*"))) | D3: =IF(B3="","",SUMIFS('Keyword Map'!$C$3:$C$1002,'Keyword Map'!$B$3:$B$1002,SUBSTITUTE(SUBSTITUTE(B3,"?","~?"),"*","~*"))) | E3: =IF(B3="","",SUMPRODUCT(('Keyword Map'!$B$3:$B$1002=B3)*(LEN('Keyword Map'!$G$3:$G$1002)>0))) | F3: =IF(B3="","",C3-E3) | G3: =IF(B3="","",COUNTIFS('Keyword Map'!$B$3:$B$1002,SUBSTITUTE(SUBSTITUTE(B3,"?","~?"),"*","~*"),'Keyword Map'!$R$3:$R$1002,"Yes")) | H3: =IF(B3="","",COUNTIFS('Keyword Map'!$B$3:$B$1002,SUBSTITUTE(SUBSTITUTE(B3,"?","~?"),"*","~*"),'Keyword Map'!$W$3:$W$1002,"Yes")) | I3: =IF(B3="","",IFERROR(ROUND(AVERAGEIFS('Keyword Map'!$P$3:$P$1002,'Keyword Map'!$B$3:$B$1002,SUBSTITUTE(SUBSTITUTE(B3,"?","~?"),"*","~*")),0),""))
A4: =ROW()-2 | B4: =IFERROR(INDEX('Keyword Map'!$B$3:$B$1002,MATCH(A4,'Keyword Map'!$AB$3:$AB$1002,0)),"") | C4: =IF(B4="","",COUNTIF('Keyword Map'!$B$3:$B$1002,SUBSTITUTE(SUBSTITUTE(B4,"?","~?"),"*","~*"))) | D4: =IF(B4="","",SUMIFS('Keyword Map'!$C$3:$C$1002,'Keyword Map'!$B$3:$B$1002,SUBSTITUTE(SUBSTITUTE(B4,"?","~?"),"*","~*"))) | E4: =IF(B4="","",SUMPRODUCT(('Keyword Map'!$B$3:$B$1002=B4)*(LEN('Keyword Map'!$G$3:$G$1002)>0))) | F4: =IF(B4="","",C4-E4) | G4: =IF(B4="","",COUNTIFS('Keyword Map'!$B$3:$B$1002,SUBSTITUTE(SUBSTITUTE(B4,"?","~?"),"*","~*"),'Keyword Map'!$R$3:$R$1002,"Yes")) | H4: =IF(B4="","",COUNTIFS('Keyword Map'!$B$3:$B$1002,SUBSTITUTE(SUBSTITUTE(B4,"?","~?"),"*","~*"),'Keyword Map'!$W$3:$W$1002,"Yes")) | I4: =IF(B4="","",IFERROR(ROUND(AVERAGEIFS('Keyword Map'!$P$3:$P$1002,'Keyword Map'!$B$3:$B$1002,SUBSTITUTE(SUBSTITUTE(B4,"?","~?"),"*","~*")),0),""))
A5: =ROW()-2 | B5: =IFERROR(INDEX('Keyword Map'!$B$3:$B$1002,MATCH(A5,'Keyword Map'!$AB$3:$AB$1002,0)),"") | C5: =IF(B5="","",COUNTIF('Keyword Map'!$B$3:$B$1002,SUBSTITUTE(SUBSTITUTE(B5,"?","~?"),"*","~*"))) | D5: =IF(B5="","",SUMIFS('Keyword Map'!$C$3:$C$1002,'Keyword Map'!$B$3:$B$1002,SUBSTITUTE(SUBSTITUTE(B5,"?","~?"),"*","~*"))) | E5: =IF(B5="","",SUMPRODUCT(('Keyword Map'!$B$3:$B$1002=B5)*(LEN('Keyword Map'!$G$3:$G$1002)>0))) | F5: =IF(B5="","",C5-E5) | G5: =IF(B5="","",COUNTIFS('Keyword Map'!$B$3:$B$1002,SUBSTITUTE(SUBSTITUTE(B5,"?","~?"),"*","~*"),'Keyword Map'!$R$3:$R$1002,"Yes")) | H5: =IF(B5="","",COUNTIFS('Keyword Map'!$B$3:$B$1002,SUBSTITUTE(SUBSTITUTE(B5,"?","~?"),"*","~*"),'Keyword Map'!$W$3:$W$1002,"Yes")) | I5: =IF(B5="","",IFERROR(ROUND(AVERAGEIFS('Keyword Map'!$P$3:$P$1002,'Keyword Map'!$B$3:$B$1002,SUBSTITUTE(SUBSTITUTE(B5,"?","~?"),"*","~*")),0),""))
A6: =ROW()-2 | B6: =IFERROR(INDEX('Keyword Map'!$B$3:$B$1002,MATCH(A6,'Keyword Map'!$AB$3:$AB$1002,0)),"") | C6: =IF(B6="","",COUNTIF('Keyword Map'!$B$3:$B$1002,SUBSTITUTE(SUBSTITUTE(B6,"?","~?"),"*","~*"))) | D6: =IF(B6="","",SUMIFS('Keyword Map'!$C$3:$C$1002,'Keyword Map'!$B$3:$B$1002,SUBSTITUTE(SUBSTITUTE(B6,"?","~?"),"*","~*"))) | E6: =IF(B6="","",SUMPRODUCT(('Keyword Map'!$B$3:$B$1002=B6)*(LEN('Keyword Map'!$G$3:$G$1002)>0))) | F6: =IF(B6="","",C6-E6) | G6: =IF(B6="","",COUNTIFS('Keyword Map'!$B$3:$B$1002,SUBSTITUTE(SUBSTITUTE(B6,"?","~?"),"*","~*"),'Keyword Map'!$R$3:$R$1002,"Yes")) | H6: =IF(B6="","",COUNTIFS('Keyword Map'!$B$3:$B$1002,SUBSTITUTE(SUBSTITUTE(B6,"?","~?"),"*","~*"),'Keyword Map'!$W$3:$W$1002,"Yes")) | I6: =IF(B6="","",IFERROR(ROUND(AVERAGEIFS('Keyword Map'!$P$3:$P$1002,'Keyword Map'!$B$3:$B$1002,SUBSTITUTE(SUBSTITUTE(B6,"?","~?"),"*","~*")),0),""))
A7: =ROW()-2 | B7: =IFERROR(INDEX('Keyword Map'!$B$3:$B$1002,MATCH(A7,'Keyword Map'!$AB$3:$AB$1002,0)),"") | C7: =IF(B7="","",COUNTIF('Keyword Map'!$B$3:$B$1002,SUBSTITUTE(SUBSTITUTE(B7,"?","~?"),"*","~*"))) | D7: =IF(B7="","",SUMIFS('Keyword Map'!$C$3:$C$1002,'Keyword Map'!$B$3:$B$1002,SUBSTITUTE(SUBSTITUTE(B7,"?","~?"),"*","~*"))) | E7: =IF(B7="","",SUMPRODUCT(('Keyword Map'!$B$3:$B$1002=B7)*(LEN('Keyword Map'!$G$3:$G$1002)>0))) | F7: =IF(B7="","",C7-E7) | G7: =IF(B7="","",COUNTIFS('Keyword Map'!$B$3:$B$1002,SUBSTITUTE(SUBSTITUTE(B7,"?","~?"),"*","~*"),'Keyword Map'!$R$3:$R$1002,"Yes")) | H7: =IF(B7="","",COUNTIFS('Keyword Map'!$B$3:$B$1002,SUBSTITUTE(SUBSTITUTE(B7,"?","~?"),"*","~*"),'Keyword Map'!$W$3:$W$1002,"Yes")) | I7: =IF(B7="","",IFERROR(ROUND(AVERAGEIFS('Keyword Map'!$P$3:$P$1002,'Keyword Map'!$B$3:$B$1002,SUBSTITUTE(SUBSTITUTE(B7,"?","~?"),"*","~*")),0),""))
A8: =ROW()-2 | B8: =IFERROR(INDEX('Keyword Map'!$B$3:$B$1002,MATCH(A8,'Keyword Map'!$AB$3:$AB$1002,0)),"") | C8: =IF(B8="","",COUNTIF('Keyword Map'!$B$3:$B$1002,SUBSTITUTE(SUBSTITUTE(B8,"?","~?"),"*","~*"))) | D8: =IF(B8="","",SUMIFS('Keyword Map'!$C$3:$C$1002,'Keyword Map'!$B$3:$B$1002,SUBSTITUTE(SUBSTITUTE(B8,"?","~?"),"*","~*"))) | E8: =IF(B8="","",SUMPRODUCT(('Keyword Map'!$B$3:$B$1002=B8)*(LEN('Keyword Map'!$G$3:$G$1002)>0))) | F8: =IF(B8="","",C8-E8) | G8: =IF(B8="","",COUNTIFS('Keyword Map'!$B$3:$B$1002,SUBSTITUTE(SUBSTITUTE(B8,"?","~?"),"*","~*"),'Keyword Map'!$R$3:$R$1002,"Yes")) | H8: =IF(B8="","",COUNTIFS('Keyword Map'!$B$3:$B$1002,SUBSTITUTE(SUBSTITUTE(B8,"?","~?"),"*","~*"),'Keyword Map'!$W$3:$W$1002,"Yes")) | I8: =IF(B8="","",IFERROR(ROUND(AVERAGEIFS('Keyword Map'!$P$3:$P$1002,'Keyword Map'!$B$3:$B$1002,SUBSTITUTE(SUBSTITUTE(B8,"?","~?"),"*","~*")),0),""))
A9: =ROW()-2 | B9: =IFERROR(INDEX('Keyword Map'!$B$3:$B$1002,MATCH(A9,'Keyword Map'!$AB$3:$AB$1002,0)),"") | C9: =IF(B9="","",COUNTIF('Keyword Map'!$B$3:$B$1002,SUBSTITUTE(SUBSTITUTE(B9,"?","~?"),"*","~*"))) | D9: =IF(B9="","",SUMIFS('Keyword Map'!$C$3:$C$1002,'Keyword Map'!$B$3:$B$1002,SUBSTITUTE(SUBSTITUTE(B9,"?","~?"),"*","~*"))) | E9: =IF(B9="","",SUMPRODUCT(('Keyword Map'!$B$3:$B$1002=B9)*(LEN('Keyword Map'!$G$3:$G$1002)>0))) | F9: =IF(B9="","",C9-E9) | G9: =IF(B9="","",COUNTIFS('Keyword Map'!$B$3:$B$1002,SUBSTITUTE(SUBSTITUTE(B9,"?","~?"),"*","~*"),'Keyword Map'!$R$3:$R$1002,"Yes")) | H9: =IF(B9="","",COUNTIFS('Keyword Map'!$B$3:$B$1002,SUBSTITUTE(SUBSTITUTE(B9,"?","~?"),"*","~*"),'Keyword Map'!$W$3:$W$1002,"Yes")) | I9: =IF(B9="","",IFERROR(ROUND(AVERAGEIFS('Keyword Map'!$P$3:$P$1002,'Keyword Map'!$B$3:$B$1002,SUBSTITUTE(SUBSTITUTE(B9,"?","~?"),"*","~*")),0),""))
A10: =ROW()-2 | B10: =IFERROR(INDEX('Keyword Map'!$B$3:$B$1002,MATCH(A10,'Keyword Map'!$AB$3:$AB$1002,0)),"") | C10: =IF(B10="","",COUNTIF('Keyword Map'!$B$3:$B$1002,SUBSTITUTE(SUBSTITUTE(B10,"?","~?"),"*","~*"))) | D10: =IF(B10="","",SUMIFS('Keyword Map'!$C$3:$C$1002,'Keyword Map'!$B$3:$B$1002,SUBSTITUTE(SUBSTITUTE(B10,"?","~?"),"*","~*"))) | E10: =IF(B10="","",SUMPRODUCT(('Keyword Map'!$B$3:$B$1002=B10)*(LEN('Keyword Map'!$G$3:$G$1002)>0))) | F10: =IF(B10="","",C10-E10) | G10: =IF(B10="","",COUNTIFS('Keyword Map'!$B$3:$B$1002,SUBSTITUTE(SUBSTITUTE(B10,"?","~?"),"*","~*"),'Keyword Map'!$R$3:$R$1002,"Yes")) | H10: =IF(B10="","",COUNTIFS('Keyword Map'!$B$3:$B$1002,SUBSTITUTE(SUBSTITUTE(B10,"?","~?"),"*","~*"),'Keyword Map'!$W$3:$W$1002,"Yes")) | I10: =IF(B10="","",IFERROR(ROUND(AVERAGEIFS('Keyword Map'!$P$3:$P$1002,'Keyword Map'!$B$3:$B$1002,SUBSTITUTE(SUBSTITUTE(B10,"?","~?"),"*","~*")),0),""))
A11: =ROW()-2 | B11: =IFERROR(INDEX('Keyword Map'!$B$3:$B$1002,MATCH(A11,'Keyword Map'!$AB$3:$AB$1002,0)),"") | C11: =IF(B11="","",COUNTIF('Keyword Map'!$B$3:$B$1002,SUBSTITUTE(SUBSTITUTE(B11,"?","~?"),"*","~*"))) | D11: =IF(B11="","",SUMIFS('Keyword Map'!$C$3:$C$1002,'Keyword Map'!$B$3:$B$1002,SUBSTITUTE(SUBSTITUTE(B11,"?","~?"),"*","~*"))) | E11: =IF(B11="","",SUMPRODUCT(('Keyword Map'!$B$3:$B$1002=B11)*(LEN('Keyword Map'!$G$3:$G$1002)>0))) | F11: =IF(B11="","",C11-E11) | G11: =IF(B11="","",COUNTIFS('Keyword Map'!$B$3:$B$1002,SUBSTITUTE(SUBSTITUTE(B11,"?","~?"),"*","~*"),'Keyword Map'!$R$3:$R$1002,"Yes")) | H11: =IF(B11="","",COUNTIFS('Keyword Map'!$B$3:$B$1002,SUBSTITUTE(SUBSTITUTE(B11,"?","~?"),"*","~*"),'Keyword Map'!$W$3:$W$1002,"Yes")) | I11: =IF(B11="","",IFERROR(ROUND(AVERAGEIFS('Keyword Map'!$P$3:$P$1002,'Keyword Map'!$B$3:$B$1002,SUBSTITUTE(SUBSTITUTE(B11,"?","~?"),"*","~*")),0),""))
A12: =ROW()-2 | B12: =IFERROR(INDEX('Keyword Map'!$B$3:$B$1002,MATCH(A12,'Keyword Map'!$AB$3:$AB$1002,0)),"") | C12: =IF(B12="","",COUNTIF('Keyword Map'!$B$3:$B$1002,SUBSTITUTE(SUBSTITUTE(B12,"?","~?"),"*","~*"))) | D12: =IF(B12="","",SUMIFS('Keyword Map'!$C$3:$C$1002,'Keyword Map'!$B$3:$B$1002,SUBSTITUTE(SUBSTITUTE(B12,"?","~?"),"*","~*"))) | E12: =IF(B12="","",SUMPRODUCT(('Keyword Map'!$B$3:$B$1002=B12)*(LEN('Keyword Map'!$G$3:$G$1002)>0))) | F12: =IF(B12="","",C12-E12) | G12: =IF(B12="","",COUNTIFS('Keyword Map'!$B$3:$B$1002,SUBSTITUTE(SUBSTITUTE(B12,"?","~?"),"*","~*"),'Keyword Map'!$R$3:$R$1002,"Yes")) | H12: =IF(B12="","",COUNTIFS('Keyword Map'!$B$3:$B$1002,SUBSTITUTE(SUBSTITUTE(B12,"?","~?"),"*","~*"),'Keyword Map'!$W$3:$W$1002,"Yes")) | I12: =IF(B12="","",IFERROR(ROUND(AVERAGEIFS('Keyword Map'!$P$3:$P$1002,'Keyword Map'!$B$3:$B$1002,SUBSTITUTE(SUBSTITUTE(B12,"?","~?"),"*","~*")),0),""))
A13: =ROW()-2 | B13: =IFERROR(INDEX('Keyword Map'!$B$3:$B$1002,MATCH(A13,'Keyword Map'!$AB$3:$AB$1002,0)),"") | C13: =IF(B13="","",COUNTIF('Keyword Map'!$B$3:$B$1002,SUBSTITUTE(SUBSTITUTE(B13,"?","~?"),"*","~*"))) | D13: =IF(B13="","",SUMIFS('Keyword Map'!$C$3:$C$1002,'Keyword Map'!$B$3:$B$1002,SUBSTITUTE(SUBSTITUTE(B13,"?","~?"),"*","~*"))) | E13: =IF(B13="","",SUMPRODUCT(('Keyword Map'!$B$3:$B$1002=B13)*(LEN('Keyword Map'!$G$3:$G$1002)>0))) | F13: =IF(B13="","",C13-E13) | G13: =IF(B13="","",COUNTIFS('Keyword Map'!$B$3:$B$1002,SUBSTITUTE(SUBSTITUTE(B13,"?","~?"),"*","~*"),'Keyword Map'!$R$3:$R$1002,"Yes")) | H13: =IF(B13="","",COUNTIFS('Keyword Map'!$B$3:$B$1002,SUBSTITUTE(SUBSTITUTE(B13,"?","~?"),"*","~*"),'Keyword Map'!$W$3:$W$1002,"Yes")) | I13: =IF(B13="","",IFERROR(ROUND(AVERAGEIFS('Keyword Map'!$P$3:$P$1002,'Keyword Map'!$B$3:$B$1002,SUBSTITUTE(SUBSTITUTE(B13,"?","~?"),"*","~*")),0),""))
A14: =ROW()-2 | B14: =IFERROR(INDEX('Keyword Map'!$B$3:$B$1002,MATCH(A14,'Keyword Map'!$AB$3:$AB$1002,0)),"") | C14: =IF(B14="","",COUNTIF('Keyword Map'!$B$3:$B$1002,SUBSTITUTE(SUBSTITUTE(B14,"?","~?"),"*","~*"))) | D14: =IF(B14="","",SUMIFS('Keyword Map'!$C$3:$C$1002,'Keyword Map'!$B$3:$B$1002,SUBSTITUTE(SUBSTITUTE(B14,"?","~?"),"*","~*"))) | E14: =IF(B14="","",SUMPRODUCT(('Keyword Map'!$B$3:$B$1002=B14)*(LEN('Keyword Map'!$G$3:$G$1002)>0))) | F14: =IF(B14="","",C14-E14) | G14: =IF(B14="","",COUNTIFS('Keyword Map'!$B$3:$B$1002,SUBSTITUTE(SUBSTITUTE(B14,"?","~?"),"*","~*"),'Keyword Map'!$R$3:$R$1002,"Yes")) | H14: =IF(B14="","",COUNTIFS('Keyword Map'!$B$3:$B$1002,SUBSTITUTE(SUBSTITUTE(B14,"?","~?"),"*","~*"),'Keyword Map'!$W$3:$W$1002,"Yes")) | I14: =IF(B14="","",IFERROR(ROUND(AVERAGEIFS('Keyword Map'!$P$3:$P$1002,'Keyword Map'!$B$3:$B$1002,SUBSTITUTE(SUBSTITUTE(B14,"?","~?"),"*","~*")),0),""))
... A302: =ROW()-2 | B302: =IFERROR(INDEX('Keyword Map'!$B$3:$B$1002,MATCH(A302,'Keyword Map'!$AB$3:$AB$1002,0)),"") | C302: =IF(B302="","",COUNTIF('Keyword Map'!$B$3:$B$1002,SUBSTITUTE(SUBSTITUTE(B302,"?","~?"),"*","~*"))) | D302: =IF(B302="","",SUMIFS('Keyword Map'!$C$3:$C$1002,'Keyword Map'!$B$3:$B$1002,SUBSTITUTE(SUBSTITUTE(B302,"?","~?"),"*","~*"))) | E302: =IF(B302="","",SUMPRODUCT(('Keyword Map'!$B$3:$B$1002=B302)*(LEN('Keyword Map'!$G$3:$G$1002)>0))) | F302: =IF(B302="","",C302-E302) | G302: =IF(B302="","",COUNTIFS('Keyword Map'!$B$3:$B$1002,SUBSTITUTE(SUBSTITUTE(B302,"?","~?"),"*","~*"),'Keyword Map'!$R$3:$R$1002,"Yes")) | H302: =IF(B302="","",COUNTIFS('Keyword Map'!$B$3:$B$1002,SUBSTITUTE(SUBSTITUTE(B302,"?","~?"),"*","~*"),'Keyword Map'!$W$3:$W$1002,"Yes")) | I302: =IF(B302="","",IFERROR(ROUND(AVERAGEIFS('Keyword Map'!$P$3:$P$1002,'Keyword Map'!$B$3:$B$1002,SUBSTITUTE(SUBSTITUTE(B302,"?","~?"),"*","~*")),0),""))

Sheet Dashboard
A1: Keyword map dashboard
A2: Counts update as you edit Keyword Map. Yellow numbers above zero are worth a look.
A3: Metric | B3: Count | D3: Final intent | E3: Keywords | F3: Search volume
A4: Keywords | B4: =SUMPRODUCT((LEN('Keyword Map'!$A$3:$A$1002)>0)*1) | D4: Informational | E4: =COUNTIF('Keyword Map'!$O$3:$O$1002,D4) | F4: =SUMIFS('Keyword Map'!$C$3:$C$1002,'Keyword Map'!$O$3:$O$1002,D4)
A5: Mapped to a URL | B5: =SUMPRODUCT((LEN('Keyword Map'!$A$3:$A$1002)>0)*(LEN('Keyword Map'!$G$3:$G$1002)>0)) | D5: Commercial | E5: =COUNTIF('Keyword Map'!$O$3:$O$1002,D5) | F5: =SUMIFS('Keyword Map'!$C$3:$C$1002,'Keyword Map'!$O$3:$O$1002,D5)
A6: Not mapped yet | B6: =B4-B5 | D6: Transactional | E6: =COUNTIF('Keyword Map'!$O$3:$O$1002,D6) | F6: =SUMIFS('Keyword Map'!$C$3:$C$1002,'Keyword Map'!$O$3:$O$1002,D6)
A7: Target URLs | B7: =MAX('Keyword Map'!$AA$3:$AA$1002) | D7: Navigational | E7: =COUNTIF('Keyword Map'!$O$3:$O$1002,D7) | F7: =SUMIFS('Keyword Map'!$C$3:$C$1002,'Keyword Map'!$O$3:$O$1002,D7)
A8: Planned (new) URLs | B8: =COUNTIF('URL Summary'!$D$3:$D$502,"Planned") | D8: Unclassified | E8: =COUNTIF('Keyword Map'!$O$3:$O$1002,D8) | F8: =SUMIFS('Keyword Map'!$C$3:$C$1002,'Keyword Map'!$O$3:$O$1002,D8)
A9: Clusters | B9: =MAX('Keyword Map'!$AB$3:$AB$1002)
A10: Cannibalised keyword rows | B10: =COUNTIF('Keyword Map'!$R$3:$R$1002,"Yes")
A11: URLs with too many primary keywords | B11: =COUNTIF('URL Summary'!$K$3:$K$502,"Too many primary keywords") | D11: Page type | E11: Keywords | F11: Intent mismatches
A12: URLs with no primary keyword | B12: =COUNTIF('URL Summary'!$K$3:$K$502,"No primary keyword") | D12: =IF(Settings!D5="","",Settings!D5) | E12: =IF(D12="","",COUNTIF('Keyword Map'!$I$3:$I$1002,D12)) | F12: =IF(D12="","",COUNTIFS('Keyword Map'!$I$3:$I$1002,D12,'Keyword Map'!$W$3:$W$1002,"Yes"))
A13: URLs spanning 2+ clusters (keyword rows) | B13: =COUNTIF('Keyword Map'!$U$3:$U$1002,"Yes") | D13: =IF(Settings!D6="","",Settings!D6) | E13: =IF(D13="","",COUNTIF('Keyword Map'!$I$3:$I$1002,D13)) | F13: =IF(D13="","",COUNTIFS('Keyword Map'!$I$3:$I$1002,D13,'Keyword Map'!$W$3:$W$1002,"Yes"))
A14: Intent mismatches | B14: =COUNTIF('Keyword Map'!$W$3:$W$1002,"Yes") | D14: =IF(Settings!D7="","",Settings!D7) | E14: =IF(D14="","",COUNTIF('Keyword Map'!$I$3:$I$1002,D14)) | F14: =IF(D14="","",COUNTIFS('Keyword Map'!$I$3:$I$1002,D14,'Keyword Map'!$W$3:$W$1002,"Yes"))
A15: Ranking URL is not the target | B15: =COUNTIF('Keyword Map'!$X$3:$X$1002,"Yes") | D15: =IF(Settings!D8="","",Settings!D8) | E15: =IF(D15="","",COUNTIF('Keyword Map'!$I$3:$I$1002,D15)) | F15: =IF(D15="","",COUNTIFS('Keyword Map'!$I$3:$I$1002,D15,'Keyword Map'!$W$3:$W$1002,"Yes"))
A16: Unclassified intent | B16: =COUNTIF('Keyword Map'!$O$3:$O$1002,"Unclassified") | D16: =IF(Settings!D9="","",Settings!D9) | E16: =IF(D16="","",COUNTIF('Keyword Map'!$I$3:$I$1002,D16)) | F16: =IF(D16="","",COUNTIFS('Keyword Map'!$I$3:$I$1002,D16,'Keyword Map'!$W$3:$W$1002,"Yes"))
D17: =IF(Settings!D10="","",Settings!D10) | E17: =IF(D17="","",COUNTIF('Keyword Map'!$I$3:$I$1002,D17)) | F17: =IF(D17="","",COUNTIFS('Keyword Map'!$I$3:$I$1002,D17,'Keyword Map'!$W$3:$W$1002,"Yes"))
D18: =IF(Settings!D11="","",Settings!D11) | E18: =IF(D18="","",COUNTIF('Keyword Map'!$I$3:$I$1002,D18)) | F18: =IF(D18="","",COUNTIFS('Keyword Map'!$I$3:$I$1002,D18,'Keyword Map'!$W$3:$W$1002,"Yes"))
D19: =IF(Settings!D12="","",Settings!D12) | E19: =IF(D19="","",COUNTIF('Keyword Map'!$I$3:$I$1002,D19)) | F19: =IF(D19="","",COUNTIFS('Keyword Map'!$I$3:$I$1002,D19,'Keyword Map'!$W$3:$W$1002,"Yes"))
D20: =IF(Settings!D13="","",Settings!D13) | E20: =IF(D20="","",COUNTIF('Keyword Map'!$I$3:$I$1002,D20)) | F20: =IF(D20="","",COUNTIFS('Keyword Map'!$I$3:$I$1002,D20,'Keyword Map'!$W$3:$W$1002,"Yes"))
D21: =IF(Settings!D14="","",Settings!D14) | E21: =IF(D21="","",COUNTIF('Keyword Map'!$I$3:$I$1002,D21)) | F21: =IF(D21="","",COUNTIFS('Keyword Map'!$I$3:$I$1002,D21,'Keyword Map'!$W$3:$W$1002,"Yes"))
D22: =IF(Settings!D15="","",Settings!D15) | E22: =IF(D22="","",COUNTIF('Keyword Map'!$I$3:$I$1002,D22)) | F22: =IF(D22="","",COUNTIFS('Keyword Map'!$I$3:$I$1002,D22,'Keyword Map'!$W$3:$W$1002,"Yes"))
D23: =IF(Settings!D16="","",Settings!D16) | E23: =IF(D23="","",COUNTIF('Keyword Map'!$I$3:$I$1002,D23)) | F23: =IF(D23="","",COUNTIFS('Keyword Map'!$I$3:$I$1002,D23,'Keyword Map'!$W$3:$W$1002,"Yes"))

Sheet Settings
A1: Settings: edit the rules, the sheet recalculates
A2: Yellow cells are yours to change. Page types feed the dropdown on Keyword Map.
A3: Thresholds and weights | D3: Page type × intent fit (Yes / Partial / No). 'No' raises the intent-mismatch flag. | K3: Intent rules: whole words or phrases, checked in this order: Navigational, Transactional, Commercial, Informational.
A4: Max primary keywords per URL | B4: 1 | C4: More than this on one URL raises the 'Too many primary keywords' flag. One primary keyword (or cluster head) per page is my default. | D4: Page type | E4: Informational | F4: Commercial | G4: Transactional | H4: Navigational | K4: Intent | L4: Word or phrase
A5: Volume points (max) | B5: 50 | C5: Points a keyword gets for search volume (log scale). | D5: Homepage | E5: Partial | F5: Partial | G5: Partial | H5: Yes | K5: Navigational | L5: stride
A6: Difficulty points (max) | B6: 25 | C6: Points for ease: KD 0 gets all of them, KD 100 gets none. A blank KD counts as 50. | D6: Category / collection | E6: No | F6: Yes | G6: Yes | H6: Partial | K6: Navigational | L6: stride and co
A7: Volume that earns full volume points | B7: 5000 | C7: Keywords at or above this volume get all the volume points. | D7: Product / service page | E7: No | F7: Yes | G7: Yes | H7: Partial | K7: Navigational | L7: login
D8: Comparison / review | E8: Partial | F8: Yes | G8: Partial | H8: No | K8: Navigational | L8: log in
A9: Intent | B9: Priority points | D9: Blog post / guide | E9: Yes | F9: Partial | G9: No | H9: No | K9: Navigational | L9: sign in
A10: Transactional | B10: 25 | D10: Glossary / definition | E10: Yes | F10: No | G10: No | H10: No | K10: Navigational | L10: my account
A11: Commercial | B11: 20 | D11: Landing page | E11: No | F11: Yes | G11: Yes | H11: Yes | K11: Transactional | L11: buy
A12: Informational | B12: 10 | D12: Store / location page | E12: No | F12: Partial | G12: Yes | H12: Yes | K12: Transactional | L12: price
A13: Navigational | B13: 5 | D13: Support / docs | E13: Yes | F13: No | G13: No | H13: Yes | K13: Transactional | L13: prices
A14: Unclassified | B14: 0 | D14: Tool / calculator | E14: Yes | F14: Partial | G14: Partial | H14: No | K14: Transactional | L14: pricing
D15: About / company | E15: Partial | F15: No | G15: No | H15: Yes | K15: Transactional | L15: expensive
K16: Transactional | L16: recommendation
K17: Transactional | L17: recommendations
K18: Transactional | L18: recommended
K19: Transactional | L19: near me
K20: Transactional | L20: firm
K21: Transactional | L21: coupon
K22: Transactional | L22: coupons
K23: Transactional | L23: coupon code
K24: Transactional | L24: order
K25: Transactional | L25: purchase
K26: Transactional | L26: discount
K27: Transactional | L27: deal
... K61: Informational | L61: definition
K126: Add rows anywhere up to row 124. Matching is case-insensitive and whole-word ('top' won't match 'laptop').
