Workbook

Sheet Start here
A1: Content Audit Template
A2: Search Console + GA4 + Screaming Frog → Keep / Update / Merge / Prune / Redirect · by Lazarina Stoy · MLforSEO
A4: What it does
A5: Joins your crawl, Search Console and GA4 data per URL, checks each page for decay, striking distance, thin content,
A6: overlap with another page and conversions, and suggests a decision with a plain-English reason. Every threshold sits on
A7: the Rules tab, so you can see (and change) exactly why a page got its label. Your Override column always wins.
A9: How to use it
A10: 1. Crawl: run Screaming Frog (turn on near-duplicates and, if you can, embeddings for semantic similarity), then
A11: Internal > HTML > Export. Paste the whole file into the Crawl tab from cell A1, headers included.
A12: 2. GSC current: Search Console > Performance > last 3 months > Pages tab > Export > CSV. Paste Pages.csv from A1.
A13: 3. GSC previous: the same export for the 3 months before (Date > Custom). Optional, but decay needs it.
A14: 4. GA4: Reports > Engagement > Landing page, same dates > Share > Download CSV. Delete the lines starting with #, paste from A1.
... A29: Legend
A30: Dark header | B30: Input column: paste or type here.
A31: Purple header | B31: Calculated column: formulas, please don't type over them.
A32: Lavender band | B32: Readability banding and paste zones.
A33: Yellow cell | B33: A flag that needs a human look, or an editable setting.
A34: Soft red | B34: A stronger warning (for example cannibalisation or a prune decision).
A35: Credits
A36: Template by Lazarina Stoy · MLforSEO (mlforseo.com). Free to use and adapt; please keep this credit.
A37: Read: Blog and site architecture for SEO and conversions in the AI search era (MLforSEO)
A38: Course: Introduction to Machine Learning for SEO (MLforSEO Academy)
A39: Code and helper script: github.com/lazarinastoy/mlforseo-code/content-audit-template

Sheet Audit
A1: FROM THE CRAWL | K1: SEARCH CONSOLE + GA4 | T1: SIGNALS AND DECISION | AC1: YOUR INPUT | AF1: SAMPLE DATA (synthetic site). Clear the input tabs to start.
A2: URL | B2: Key | C2: Status code | D2: Indexability | E2: Indexability status | F2: Word count | G2: Unique inlinks | H2: Near duplicates | I2: Overlapping page | J2: Semantic similarity | K2: Clicks | L2: Impressions | M2: CTR | N2: Avg position | O2: Clicks (previous period) | P2: Click change | Q2: Sessions | R2: Avg engagement time (s) | S2: Key events | T2: Thin? | U2: Decaying? | V2: Striking distance? | W2: Overlaps another page? | X2: Overlap has more clicks? | Y2: Converts? | Z2: Low value? | AA2: Suggested decision | AB2: Reason | AC2: Referring domains (optional) | AD2: Override | AE2: Final decision | AF2: Notes
A3: =IF(Crawl!A2="","",Crawl!A2) | B3: =IF(A3="","",Crawl!EC2) | C3: =IF(A3="","",IFERROR(INDEX(Crawl!$A2:$DZ2,1,Rules!$H$6),"")) | D3: =IF(A3="","",IFERROR(INDEX(Crawl!$A2:$DZ2,1,Rules!$H$7),"")&"") | E3: =IF(A3="","",IFERROR(INDEX(Crawl!$A2:$DZ2,1,Rules!$H$8),"")&"") | F3: =IF(A3="","",IFERROR(INDEX(Crawl!$A2:$DZ2,1,Rules!$H$9),"")) | G3: =IF(A3="","",IFERROR(INDEX(Crawl!$A2:$DZ2,1,Rules!$H$10),"")) | H3: =IF(A3="","",IFERROR(INDEX(Crawl!$A2:$DZ2,1,Rules!$H$12),"")) | I3: =IF(A3="","",IF(AND(N(H3)>0,IFERROR(INDEX(Crawl!$A2:$DZ2,1,Rules!$H$11),"")&""<>""),IFERROR(INDEX(Crawl!$A2:$DZ2,1,Rules!$H$11),"")&"",IF(AND(ISNUMBER(J3),N(J3)>=Rules!$B$12,IFERROR(INDEX(Crawl!$A2:$DZ2,1,Rules!$H$13),"")&""<>""),IFERROR(INDEX(Crawl!$A2:$DZ2,1,Rules!$H$13),"")&"",""))) | J3: =IF(A3="","",IF(IFERROR(INDEX(Crawl!$A2:$DZ2,1,Rules!$H$14),"")&""="","",IFERROR(INDEX(Crawl!$A2:$DZ2,1,Rules!$H$14),""))) | K3: =IF(A3="","",IFERROR(SUMIFS('GSC current'!$J$2:$J$2001,'GSC current'!$I$2:$I$2001,B3),0)) | L3: =IF(A3="","",IFERROR(SUMIFS('GSC current'!$K$2:$K$2001,'GSC current'!$I$2:$I$2001,B3),0)) | M3: =IF(A3="","",IF(N(L3)>0,K3/L3,"")) | N3: =IF(A3="","",IF(N(L3)>0,SUMIFS('GSC current'!$L$2:$L$2001,'GSC current'!$I$2:$I$2001,B3)/L3,"")) | O3: =IF(A3="","",IFERROR(SUMIFS('GSC previous'!$J$2:$J$2001,'GSC previous'!$I$2:$I$2001,B3),0)) | P3: =IF(A3="","",IF(N(O3)>0,(K3-O3)/O3,"")) | Q3: =IF(A3="","",IFERROR(SUMIFS(GA4!$P$2:$P$2001,GA4!$O$2:$O$2001,B3),0)) | R3: =IF(A3="","",IF(N(Q3)>0,SUMIFS(GA4!$Q$2:$Q$2001,GA4!$O$2:$O$2001,B3)/Q3,"")) | S3: =IF(A3="","",IFERROR(SUMIFS(GA4!$R$2:$R$2001,GA4!$O$2:$O$2001,B3),0)) | T3: =IF(A3="","",IF(AND(ISNUMBER(F3),LEFT(C3&"",1)="2"),IF(F3<Rules!$B$9,"Yes","No"),"No")) | U3: =IF(A3="","",IF(AND(N(O3)>=Rules!$B$8,ISNUMBER(P3)),IF(P3<=-Rules!$B$7,"Yes","No"),"No")) | V3: =IF(A3="","",IF(AND(N(L3)>=Rules!$B$6,ISNUMBER(N3)),IF(AND(N3>=Rules!$B$10,N3<=Rules!$B$11),"Yes","No"),"No")) | W3: =IF(A3="","",IF(I3<>"","Yes","No")) | X3: =IF(I3="","",IF(SUMIFS($K$3:$K$2002,$A$3:$A$2002,SUBSTITUTE(SUBSTITUTE(I3,"?","~?"),"*","~*"))>N(K3),"Yes","No")) | Y3: =IF(A3="","",IF(N(S3)>0,"Yes","No")) | Z3: =IF(A3="","",IF(AND(N(K3)<Rules!$B$5,N(L3)<Rules!$B$6,N(Q3)<Rules!$B$13,Y3="No"),"Yes","No")) | AA3: =IF(A3="","",IF(LEFT(C3&"",1)="3","Redirect",IF(OR(LEFT(C3&"",1)="4",LEFT(C3&"",1)="5"),IF(OR(N(K3)>0,N(AC3)>=Rules!$B$14),"Redirect","Prune"),IF(D3="Non-Indexable","Keep",IF(AND(W3="Yes",X3="Yes",Y3="No"),"Merge",IF(OR(U3="Yes",V3="Yes",AND(T3="Yes",N(L3)>=Rules!$B$6)),"Update",IF(Z3="Yes",IF(N(AC3)>=Rules!$B$14,"Redirect","Prune"),"Keep"))))))) | AB3: =IF(A3="","",IF(LEFT(C3&"",1)="3","Already redirects ("&C3&"). Update internal links to point at the final URL.",IF(OR(LEFT(C3&"",1)="4",LEFT(C3&"",1)="5"),IF(AA3="Redirect","Returns "&C3&" but still has "&N(K3)&" clicks and "&N(AC3)&" referring domains. 301 it to the closest live page.","Returns "&C3&" with no clicks or links. Remove internal links and let it 404 or 410."),IF(D3="Non-Indexable","Non-indexable ("&E3&"). Keep if that is intentional; otherwise fix the canonical or noindex.",IF(AA3="Merge","Overlaps with "&I3&IF(N(J3)>0," (similarity "&TEXT(J3,"0.00")&")","")&", which gets more clicks. Merge the useful parts into it and 301 this URL.",IF(AA3="Update",MID(IF(U3="Yes","; Clicks down "&TEXT(-P3,"0%")&" on the previous period","")&IF(V3="Yes","; Average position "&TEXT(N3,"0.0")&" on "&TEXT(L3,"#,##0")&" impressions (striking distance)","")&IF(AND(T3="Yes",N(L3)>=Rules!$B$6),"; Thin ("&F3&" words) but has search demand",""),3,400),IF(AA3="Prune","Low value: "&N(K3)&" clicks, "&N(L3)&" impressions, "&N(Q3)&" sessions, no key events. Remove or noindex it and update internal links.",IF(AA3="Redirect","Low value but "&N(AC3)&" referring domains. 301 it to the closest relevant page to keep those links.",IF(AND(Z3="No",Y3="Yes",N(K3)<Rules!$B$5),"Low search traffic but it converts (key events: "&S3&"). Keep it and link to it.",IF(W3="Yes","Stronger than the page it overlaps ("&I3&"). Keep; merge that page into this one.","Healthy: "&N(K3)&" clicks"&IF(ISNUMBER(N3),", average position "&TEXT(N3,"0.0"),"")&". Keep and monitor.")))))))))) | AE3: =IF(A3="","",IF(AD3<>"",AD3,AA3))
A4: =IF(Crawl!A3="","",Crawl!A3) | B4: =IF(A4="","",Crawl!EC3) | C4: =IF(A4="","",IFERROR(INDEX(Crawl!$A3:$DZ3,1,Rules!$H$6),"")) | D4: =IF(A4="","",IFERROR(INDEX(Crawl!$A3:$DZ3,1,Rules!$H$7),"")&"") | E4: =IF(A4="","",IFERROR(INDEX(Crawl!$A3:$DZ3,1,Rules!$H$8),"")&"") | F4: =IF(A4="","",IFERROR(INDEX(Crawl!$A3:$DZ3,1,Rules!$H$9),"")) | G4: =IF(A4="","",IFERROR(INDEX(Crawl!$A3:$DZ3,1,Rules!$H$10),"")) | H4: =IF(A4="","",IFERROR(INDEX(Crawl!$A3:$DZ3,1,Rules!$H$12),"")) | I4: =IF(A4="","",IF(AND(N(H4)>0,IFERROR(INDEX(Crawl!$A3:$DZ3,1,Rules!$H$11),"")&""<>""),IFERROR(INDEX(Crawl!$A3:$DZ3,1,Rules!$H$11),"")&"",IF(AND(ISNUMBER(J4),N(J4)>=Rules!$B$12,IFERROR(INDEX(Crawl!$A3:$DZ3,1,Rules!$H$13),"")&""<>""),IFERROR(INDEX(Crawl!$A3:$DZ3,1,Rules!$H$13),"")&"",""))) | J4: =IF(A4="","",IF(IFERROR(INDEX(Crawl!$A3:$DZ3,1,Rules!$H$14),"")&""="","",IFERROR(INDEX(Crawl!$A3:$DZ3,1,Rules!$H$14),""))) | K4: =IF(A4="","",IFERROR(SUMIFS('GSC current'!$J$2:$J$2001,'GSC current'!$I$2:$I$2001,B4),0)) | L4: =IF(A4="","",IFERROR(SUMIFS('GSC current'!$K$2:$K$2001,'GSC current'!$I$2:$I$2001,B4),0)) | M4: =IF(A4="","",IF(N(L4)>0,K4/L4,"")) | N4: =IF(A4="","",IF(N(L4)>0,SUMIFS('GSC current'!$L$2:$L$2001,'GSC current'!$I$2:$I$2001,B4)/L4,"")) | O4: =IF(A4="","",IFERROR(SUMIFS('GSC previous'!$J$2:$J$2001,'GSC previous'!$I$2:$I$2001,B4),0)) | P4: =IF(A4="","",IF(N(O4)>0,(K4-O4)/O4,"")) | Q4: =IF(A4="","",IFERROR(SUMIFS(GA4!$P$2:$P$2001,GA4!$O$2:$O$2001,B4),0)) | R4: =IF(A4="","",IF(N(Q4)>0,SUMIFS(GA4!$Q$2:$Q$2001,GA4!$O$2:$O$2001,B4)/Q4,"")) | S4: =IF(A4="","",IFERROR(SUMIFS(GA4!$R$2:$R$2001,GA4!$O$2:$O$2001,B4),0)) | T4: =IF(A4="","",IF(AND(ISNUMBER(F4),LEFT(C4&"",1)="2"),IF(F4<Rules!$B$9,"Yes","No"),"No")) | U4: =IF(A4="","",IF(AND(N(O4)>=Rules!$B$8,ISNUMBER(P4)),IF(P4<=-Rules!$B$7,"Yes","No"),"No")) | V4: =IF(A4="","",IF(AND(N(L4)>=Rules!$B$6,ISNUMBER(N4)),IF(AND(N4>=Rules!$B$10,N4<=Rules!$B$11),"Yes","No"),"No")) | W4: =IF(A4="","",IF(I4<>"","Yes","No")) | X4: =IF(I4="","",IF(SUMIFS($K$3:$K$2002,$A$3:$A$2002,SUBSTITUTE(SUBSTITUTE(I4,"?","~?"),"*","~*"))>N(K4),"Yes","No")) | Y4: =IF(A4="","",IF(N(S4)>0,"Yes","No")) | Z4: =IF(A4="","",IF(AND(N(K4)<Rules!$B$5,N(L4)<Rules!$B$6,N(Q4)<Rules!$B$13,Y4="No"),"Yes","No")) | AA4: =IF(A4="","",IF(LEFT(C4&"",1)="3","Redirect",IF(OR(LEFT(C4&"",1)="4",LEFT(C4&"",1)="5"),IF(OR(N(K4)>0,N(AC4)>=Rules!$B$14),"Redirect","Prune"),IF(D4="Non-Indexable","Keep",IF(AND(W4="Yes",X4="Yes",Y4="No"),"Merge",IF(OR(U4="Yes",V4="Yes",AND(T4="Yes",N(L4)>=Rules!$B$6)),"Update",IF(Z4="Yes",IF(N(AC4)>=Rules!$B$14,"Redirect","Prune"),"Keep"))))))) | AB4: =IF(A4="","",IF(LEFT(C4&"",1)="3","Already redirects ("&C4&"). Update internal links to point at the final URL.",IF(OR(LEFT(C4&"",1)="4",LEFT(C4&"",1)="5"),IF(AA4="Redirect","Returns "&C4&" but still has "&N(K4)&" clicks and "&N(AC4)&" referring domains. 301 it to the closest live page.","Returns "&C4&" with no clicks or links. Remove internal links and let it 404 or 410."),IF(D4="Non-Indexable","Non-indexable ("&E4&"). Keep if that is intentional; otherwise fix the canonical or noindex.",IF(AA4="Merge","Overlaps with "&I4&IF(N(J4)>0," (similarity "&TEXT(J4,"0.00")&")","")&", which gets more clicks. Merge the useful parts into it and 301 this URL.",IF(AA4="Update",MID(IF(U4="Yes","; Clicks down "&TEXT(-P4,"0%")&" on the previous period","")&IF(V4="Yes","; Average position "&TEXT(N4,"0.0")&" on "&TEXT(L4,"#,##0")&" impressions (striking distance)","")&IF(AND(T4="Yes",N(L4)>=Rules!$B$6),"; Thin ("&F4&" words) but has search demand",""),3,400),IF(AA4="Prune","Low value: "&N(K4)&" clicks, "&N(L4)&" impressions, "&N(Q4)&" sessions, no key events. Remove or noindex it and update internal links.",IF(AA4="Redirect","Low value but "&N(AC4)&" referring domains. 301 it to the closest relevant page to keep those links.",IF(AND(Z4="No",Y4="Yes",N(K4)<Rules!$B$5),"Low search traffic but it converts (key events: "&S4&"). Keep it and link to it.",IF(W4="Yes","Stronger than the page it overlaps ("&I4&"). Keep; merge that page into this one.","Healthy: "&N(K4)&" clicks"&IF(ISNUMBER(N4),", average position "&TEXT(N4,"0.0"),"")&". Keep and monitor.")))))))))) | AE4: =IF(A4="","",IF(AD4<>"",AD4,AA4))
A5: =IF(Crawl!A4="","",Crawl!A4) | B5: =IF(A5="","",Crawl!EC4) | C5: =IF(A5="","",IFERROR(INDEX(Crawl!$A4:$DZ4,1,Rules!$H$6),"")) | D5: =IF(A5="","",IFERROR(INDEX(Crawl!$A4:$DZ4,1,Rules!$H$7),"")&"") | E5: =IF(A5="","",IFERROR(INDEX(Crawl!$A4:$DZ4,1,Rules!$H$8),"")&"") | F5: =IF(A5="","",IFERROR(INDEX(Crawl!$A4:$DZ4,1,Rules!$H$9),"")) | G5: =IF(A5="","",IFERROR(INDEX(Crawl!$A4:$DZ4,1,Rules!$H$10),"")) | H5: =IF(A5="","",IFERROR(INDEX(Crawl!$A4:$DZ4,1,Rules!$H$12),"")) | I5: =IF(A5="","",IF(AND(N(H5)>0,IFERROR(INDEX(Crawl!$A4:$DZ4,1,Rules!$H$11),"")&""<>""),IFERROR(INDEX(Crawl!$A4:$DZ4,1,Rules!$H$11),"")&"",IF(AND(ISNUMBER(J5),N(J5)>=Rules!$B$12,IFERROR(INDEX(Crawl!$A4:$DZ4,1,Rules!$H$13),"")&""<>""),IFERROR(INDEX(Crawl!$A4:$DZ4,1,Rules!$H$13),"")&"",""))) | J5: =IF(A5="","",IF(IFERROR(INDEX(Crawl!$A4:$DZ4,1,Rules!$H$14),"")&""="","",IFERROR(INDEX(Crawl!$A4:$DZ4,1,Rules!$H$14),""))) | K5: =IF(A5="","",IFERROR(SUMIFS('GSC current'!$J$2:$J$2001,'GSC current'!$I$2:$I$2001,B5),0)) | L5: =IF(A5="","",IFERROR(SUMIFS('GSC current'!$K$2:$K$2001,'GSC current'!$I$2:$I$2001,B5),0)) | M5: =IF(A5="","",IF(N(L5)>0,K5/L5,"")) | N5: =IF(A5="","",IF(N(L5)>0,SUMIFS('GSC current'!$L$2:$L$2001,'GSC current'!$I$2:$I$2001,B5)/L5,"")) | O5: =IF(A5="","",IFERROR(SUMIFS('GSC previous'!$J$2:$J$2001,'GSC previous'!$I$2:$I$2001,B5),0)) | P5: =IF(A5="","",IF(N(O5)>0,(K5-O5)/O5,"")) | Q5: =IF(A5="","",IFERROR(SUMIFS(GA4!$P$2:$P$2001,GA4!$O$2:$O$2001,B5),0)) | R5: =IF(A5="","",IF(N(Q5)>0,SUMIFS(GA4!$Q$2:$Q$2001,GA4!$O$2:$O$2001,B5)/Q5,"")) | S5: =IF(A5="","",IFERROR(SUMIFS(GA4!$R$2:$R$2001,GA4!$O$2:$O$2001,B5),0)) | T5: =IF(A5="","",IF(AND(ISNUMBER(F5),LEFT(C5&"",1)="2"),IF(F5<Rules!$B$9,"Yes","No"),"No")) | U5: =IF(A5="","",IF(AND(N(O5)>=Rules!$B$8,ISNUMBER(P5)),IF(P5<=-Rules!$B$7,"Yes","No"),"No")) | V5: =IF(A5="","",IF(AND(N(L5)>=Rules!$B$6,ISNUMBER(N5)),IF(AND(N5>=Rules!$B$10,N5<=Rules!$B$11),"Yes","No"),"No")) | W5: =IF(A5="","",IF(I5<>"","Yes","No")) | X5: =IF(I5="","",IF(SUMIFS($K$3:$K$2002,$A$3:$A$2002,SUBSTITUTE(SUBSTITUTE(I5,"?","~?"),"*","~*"))>N(K5),"Yes","No")) | Y5: =IF(A5="","",IF(N(S5)>0,"Yes","No")) | Z5: =IF(A5="","",IF(AND(N(K5)<Rules!$B$5,N(L5)<Rules!$B$6,N(Q5)<Rules!$B$13,Y5="No"),"Yes","No")) | AA5: =IF(A5="","",IF(LEFT(C5&"",1)="3","Redirect",IF(OR(LEFT(C5&"",1)="4",LEFT(C5&"",1)="5"),IF(OR(N(K5)>0,N(AC5)>=Rules!$B$14),"Redirect","Prune"),IF(D5="Non-Indexable","Keep",IF(AND(W5="Yes",X5="Yes",Y5="No"),"Merge",IF(OR(U5="Yes",V5="Yes",AND(T5="Yes",N(L5)>=Rules!$B$6)),"Update",IF(Z5="Yes",IF(N(AC5)>=Rules!$B$14,"Redirect","Prune"),"Keep"))))))) | AB5: =IF(A5="","",IF(LEFT(C5&"",1)="3","Already redirects ("&C5&"). Update internal links to point at the final URL.",IF(OR(LEFT(C5&"",1)="4",LEFT(C5&"",1)="5"),IF(AA5="Redirect","Returns "&C5&" but still has "&N(K5)&" clicks and "&N(AC5)&" referring domains. 301 it to the closest live page.","Returns "&C5&" with no clicks or links. Remove internal links and let it 404 or 410."),IF(D5="Non-Indexable","Non-indexable ("&E5&"). Keep if that is intentional; otherwise fix the canonical or noindex.",IF(AA5="Merge","Overlaps with "&I5&IF(N(J5)>0," (similarity "&TEXT(J5,"0.00")&")","")&", which gets more clicks. Merge the useful parts into it and 301 this URL.",IF(AA5="Update",MID(IF(U5="Yes","; Clicks down "&TEXT(-P5,"0%")&" on the previous period","")&IF(V5="Yes","; Average position "&TEXT(N5,"0.0")&" on "&TEXT(L5,"#,##0")&" impressions (striking distance)","")&IF(AND(T5="Yes",N(L5)>=Rules!$B$6),"; Thin ("&F5&" words) but has search demand",""),3,400),IF(AA5="Prune","Low value: "&N(K5)&" clicks, "&N(L5)&" impressions, "&N(Q5)&" sessions, no key events. Remove or noindex it and update internal links.",IF(AA5="Redirect","Low value but "&N(AC5)&" referring domains. 301 it to the closest relevant page to keep those links.",IF(AND(Z5="No",Y5="Yes",N(K5)<Rules!$B$5),"Low search traffic but it converts (key events: "&S5&"). Keep it and link to it.",IF(W5="Yes","Stronger than the page it overlaps ("&I5&"). Keep; merge that page into this one.","Healthy: "&N(K5)&" clicks"&IF(ISNUMBER(N5),", average position "&TEXT(N5,"0.0"),"")&". Keep and monitor.")))))))))) | AE5: =IF(A5="","",IF(AD5<>"",AD5,AA5))
A6: =IF(Crawl!A5="","",Crawl!A5) | B6: =IF(A6="","",Crawl!EC5) | C6: =IF(A6="","",IFERROR(INDEX(Crawl!$A5:$DZ5,1,Rules!$H$6),"")) | D6: =IF(A6="","",IFERROR(INDEX(Crawl!$A5:$DZ5,1,Rules!$H$7),"")&"") | E6: =IF(A6="","",IFERROR(INDEX(Crawl!$A5:$DZ5,1,Rules!$H$8),"")&"") | F6: =IF(A6="","",IFERROR(INDEX(Crawl!$A5:$DZ5,1,Rules!$H$9),"")) | G6: =IF(A6="","",IFERROR(INDEX(Crawl!$A5:$DZ5,1,Rules!$H$10),"")) | H6: =IF(A6="","",IFERROR(INDEX(Crawl!$A5:$DZ5,1,Rules!$H$12),"")) | I6: =IF(A6="","",IF(AND(N(H6)>0,IFERROR(INDEX(Crawl!$A5:$DZ5,1,Rules!$H$11),"")&""<>""),IFERROR(INDEX(Crawl!$A5:$DZ5,1,Rules!$H$11),"")&"",IF(AND(ISNUMBER(J6),N(J6)>=Rules!$B$12,IFERROR(INDEX(Crawl!$A5:$DZ5,1,Rules!$H$13),"")&""<>""),IFERROR(INDEX(Crawl!$A5:$DZ5,1,Rules!$H$13),"")&"",""))) | J6: =IF(A6="","",IF(IFERROR(INDEX(Crawl!$A5:$DZ5,1,Rules!$H$14),"")&""="","",IFERROR(INDEX(Crawl!$A5:$DZ5,1,Rules!$H$14),""))) | K6: =IF(A6="","",IFERROR(SUMIFS('GSC current'!$J$2:$J$2001,'GSC current'!$I$2:$I$2001,B6),0)) | L6: =IF(A6="","",IFERROR(SUMIFS('GSC current'!$K$2:$K$2001,'GSC current'!$I$2:$I$2001,B6),0)) | M6: =IF(A6="","",IF(N(L6)>0,K6/L6,"")) | N6: =IF(A6="","",IF(N(L6)>0,SUMIFS('GSC current'!$L$2:$L$2001,'GSC current'!$I$2:$I$2001,B6)/L6,"")) | O6: =IF(A6="","",IFERROR(SUMIFS('GSC previous'!$J$2:$J$2001,'GSC previous'!$I$2:$I$2001,B6),0)) | P6: =IF(A6="","",IF(N(O6)>0,(K6-O6)/O6,"")) | Q6: =IF(A6="","",IFERROR(SUMIFS(GA4!$P$2:$P$2001,GA4!$O$2:$O$2001,B6),0)) | R6: =IF(A6="","",IF(N(Q6)>0,SUMIFS(GA4!$Q$2:$Q$2001,GA4!$O$2:$O$2001,B6)/Q6,"")) | S6: =IF(A6="","",IFERROR(SUMIFS(GA4!$R$2:$R$2001,GA4!$O$2:$O$2001,B6),0)) | T6: =IF(A6="","",IF(AND(ISNUMBER(F6),LEFT(C6&"",1)="2"),IF(F6<Rules!$B$9,"Yes","No"),"No")) | U6: =IF(A6="","",IF(AND(N(O6)>=Rules!$B$8,ISNUMBER(P6)),IF(P6<=-Rules!$B$7,"Yes","No"),"No")) | V6: =IF(A6="","",IF(AND(N(L6)>=Rules!$B$6,ISNUMBER(N6)),IF(AND(N6>=Rules!$B$10,N6<=Rules!$B$11),"Yes","No"),"No")) | W6: =IF(A6="","",IF(I6<>"","Yes","No")) | X6: =IF(I6="","",IF(SUMIFS($K$3:$K$2002,$A$3:$A$2002,SUBSTITUTE(SUBSTITUTE(I6,"?","~?"),"*","~*"))>N(K6),"Yes","No")) | Y6: =IF(A6="","",IF(N(S6)>0,"Yes","No")) | Z6: =IF(A6="","",IF(AND(N(K6)<Rules!$B$5,N(L6)<Rules!$B$6,N(Q6)<Rules!$B$13,Y6="No"),"Yes","No")) | AA6: =IF(A6="","",IF(LEFT(C6&"",1)="3","Redirect",IF(OR(LEFT(C6&"",1)="4",LEFT(C6&"",1)="5"),IF(OR(N(K6)>0,N(AC6)>=Rules!$B$14),"Redirect","Prune"),IF(D6="Non-Indexable","Keep",IF(AND(W6="Yes",X6="Yes",Y6="No"),"Merge",IF(OR(U6="Yes",V6="Yes",AND(T6="Yes",N(L6)>=Rules!$B$6)),"Update",IF(Z6="Yes",IF(N(AC6)>=Rules!$B$14,"Redirect","Prune"),"Keep"))))))) | AB6: =IF(A6="","",IF(LEFT(C6&"",1)="3","Already redirects ("&C6&"). Update internal links to point at the final URL.",IF(OR(LEFT(C6&"",1)="4",LEFT(C6&"",1)="5"),IF(AA6="Redirect","Returns "&C6&" but still has "&N(K6)&" clicks and "&N(AC6)&" referring domains. 301 it to the closest live page.","Returns "&C6&" with no clicks or links. Remove internal links and let it 404 or 410."),IF(D6="Non-Indexable","Non-indexable ("&E6&"). Keep if that is intentional; otherwise fix the canonical or noindex.",IF(AA6="Merge","Overlaps with "&I6&IF(N(J6)>0," (similarity "&TEXT(J6,"0.00")&")","")&", which gets more clicks. Merge the useful parts into it and 301 this URL.",IF(AA6="Update",MID(IF(U6="Yes","; Clicks down "&TEXT(-P6,"0%")&" on the previous period","")&IF(V6="Yes","; Average position "&TEXT(N6,"0.0")&" on "&TEXT(L6,"#,##0")&" impressions (striking distance)","")&IF(AND(T6="Yes",N(L6)>=Rules!$B$6),"; Thin ("&F6&" words) but has search demand",""),3,400),IF(AA6="Prune","Low value: "&N(K6)&" clicks, "&N(L6)&" impressions, "&N(Q6)&" sessions, no key events. Remove or noindex it and update internal links.",IF(AA6="Redirect","Low value but "&N(AC6)&" referring domains. 301 it to the closest relevant page to keep those links.",IF(AND(Z6="No",Y6="Yes",N(K6)<Rules!$B$5),"Low search traffic but it converts (key events: "&S6&"). Keep it and link to it.",IF(W6="Yes","Stronger than the page it overlaps ("&I6&"). Keep; merge that page into this one.","Healthy: "&N(K6)&" clicks"&IF(ISNUMBER(N6),", average position "&TEXT(N6,"0.0"),"")&". Keep and monitor.")))))))))) | AE6: =IF(A6="","",IF(AD6<>"",AD6,AA6))
A7: =IF(Crawl!A6="","",Crawl!A6) | B7: =IF(A7="","",Crawl!EC6) | C7: =IF(A7="","",IFERROR(INDEX(Crawl!$A6:$DZ6,1,Rules!$H$6),"")) | D7: =IF(A7="","",IFERROR(INDEX(Crawl!$A6:$DZ6,1,Rules!$H$7),"")&"") | E7: =IF(A7="","",IFERROR(INDEX(Crawl!$A6:$DZ6,1,Rules!$H$8),"")&"") | F7: =IF(A7="","",IFERROR(INDEX(Crawl!$A6:$DZ6,1,Rules!$H$9),"")) | G7: =IF(A7="","",IFERROR(INDEX(Crawl!$A6:$DZ6,1,Rules!$H$10),"")) | H7: =IF(A7="","",IFERROR(INDEX(Crawl!$A6:$DZ6,1,Rules!$H$12),"")) | I7: =IF(A7="","",IF(AND(N(H7)>0,IFERROR(INDEX(Crawl!$A6:$DZ6,1,Rules!$H$11),"")&""<>""),IFERROR(INDEX(Crawl!$A6:$DZ6,1,Rules!$H$11),"")&"",IF(AND(ISNUMBER(J7),N(J7)>=Rules!$B$12,IFERROR(INDEX(Crawl!$A6:$DZ6,1,Rules!$H$13),"")&""<>""),IFERROR(INDEX(Crawl!$A6:$DZ6,1,Rules!$H$13),"")&"",""))) | J7: =IF(A7="","",IF(IFERROR(INDEX(Crawl!$A6:$DZ6,1,Rules!$H$14),"")&""="","",IFERROR(INDEX(Crawl!$A6:$DZ6,1,Rules!$H$14),""))) | K7: =IF(A7="","",IFERROR(SUMIFS('GSC current'!$J$2:$J$2001,'GSC current'!$I$2:$I$2001,B7),0)) | L7: =IF(A7="","",IFERROR(SUMIFS('GSC current'!$K$2:$K$2001,'GSC current'!$I$2:$I$2001,B7),0)) | M7: =IF(A7="","",IF(N(L7)>0,K7/L7,"")) | N7: =IF(A7="","",IF(N(L7)>0,SUMIFS('GSC current'!$L$2:$L$2001,'GSC current'!$I$2:$I$2001,B7)/L7,"")) | O7: =IF(A7="","",IFERROR(SUMIFS('GSC previous'!$J$2:$J$2001,'GSC previous'!$I$2:$I$2001,B7),0)) | P7: =IF(A7="","",IF(N(O7)>0,(K7-O7)/O7,"")) | Q7: =IF(A7="","",IFERROR(SUMIFS(GA4!$P$2:$P$2001,GA4!$O$2:$O$2001,B7),0)) | R7: =IF(A7="","",IF(N(Q7)>0,SUMIFS(GA4!$Q$2:$Q$2001,GA4!$O$2:$O$2001,B7)/Q7,"")) | S7: =IF(A7="","",IFERROR(SUMIFS(GA4!$R$2:$R$2001,GA4!$O$2:$O$2001,B7),0)) | T7: =IF(A7="","",IF(AND(ISNUMBER(F7),LEFT(C7&"",1)="2"),IF(F7<Rules!$B$9,"Yes","No"),"No")) | U7: =IF(A7="","",IF(AND(N(O7)>=Rules!$B$8,ISNUMBER(P7)),IF(P7<=-Rules!$B$7,"Yes","No"),"No")) | V7: =IF(A7="","",IF(AND(N(L7)>=Rules!$B$6,ISNUMBER(N7)),IF(AND(N7>=Rules!$B$10,N7<=Rules!$B$11),"Yes","No"),"No")) | W7: =IF(A7="","",IF(I7<>"","Yes","No")) | X7: =IF(I7="","",IF(SUMIFS($K$3:$K$2002,$A$3:$A$2002,SUBSTITUTE(SUBSTITUTE(I7,"?","~?"),"*","~*"))>N(K7),"Yes","No")) | Y7: =IF(A7="","",IF(N(S7)>0,"Yes","No")) | Z7: =IF(A7="","",IF(AND(N(K7)<Rules!$B$5,N(L7)<Rules!$B$6,N(Q7)<Rules!$B$13,Y7="No"),"Yes","No")) | AA7: =IF(A7="","",IF(LEFT(C7&"",1)="3","Redirect",IF(OR(LEFT(C7&"",1)="4",LEFT(C7&"",1)="5"),IF(OR(N(K7)>0,N(AC7)>=Rules!$B$14),"Redirect","Prune"),IF(D7="Non-Indexable","Keep",IF(AND(W7="Yes",X7="Yes",Y7="No"),"Merge",IF(OR(U7="Yes",V7="Yes",AND(T7="Yes",N(L7)>=Rules!$B$6)),"Update",IF(Z7="Yes",IF(N(AC7)>=Rules!$B$14,"Redirect","Prune"),"Keep"))))))) | AB7: =IF(A7="","",IF(LEFT(C7&"",1)="3","Already redirects ("&C7&"). Update internal links to point at the final URL.",IF(OR(LEFT(C7&"",1)="4",LEFT(C7&"",1)="5"),IF(AA7="Redirect","Returns "&C7&" but still has "&N(K7)&" clicks and "&N(AC7)&" referring domains. 301 it to the closest live page.","Returns "&C7&" with no clicks or links. Remove internal links and let it 404 or 410."),IF(D7="Non-Indexable","Non-indexable ("&E7&"). Keep if that is intentional; otherwise fix the canonical or noindex.",IF(AA7="Merge","Overlaps with "&I7&IF(N(J7)>0," (similarity "&TEXT(J7,"0.00")&")","")&", which gets more clicks. Merge the useful parts into it and 301 this URL.",IF(AA7="Update",MID(IF(U7="Yes","; Clicks down "&TEXT(-P7,"0%")&" on the previous period","")&IF(V7="Yes","; Average position "&TEXT(N7,"0.0")&" on "&TEXT(L7,"#,##0")&" impressions (striking distance)","")&IF(AND(T7="Yes",N(L7)>=Rules!$B$6),"; Thin ("&F7&" words) but has search demand",""),3,400),IF(AA7="Prune","Low value: "&N(K7)&" clicks, "&N(L7)&" impressions, "&N(Q7)&" sessions, no key events. Remove or noindex it and update internal links.",IF(AA7="Redirect","Low value but "&N(AC7)&" referring domains. 301 it to the closest relevant page to keep those links.",IF(AND(Z7="No",Y7="Yes",N(K7)<Rules!$B$5),"Low search traffic but it converts (key events: "&S7&"). Keep it and link to it.",IF(W7="Yes","Stronger than the page it overlaps ("&I7&"). Keep; merge that page into this one.","Healthy: "&N(K7)&" clicks"&IF(ISNUMBER(N7),", average position "&TEXT(N7,"0.0"),"")&". Keep and monitor.")))))))))) | AE7: =IF(A7="","",IF(AD7<>"",AD7,AA7))
A8: =IF(Crawl!A7="","",Crawl!A7) | B8: =IF(A8="","",Crawl!EC7) | C8: =IF(A8="","",IFERROR(INDEX(Crawl!$A7:$DZ7,1,Rules!$H$6),"")) | D8: =IF(A8="","",IFERROR(INDEX(Crawl!$A7:$DZ7,1,Rules!$H$7),"")&"") | E8: =IF(A8="","",IFERROR(INDEX(Crawl!$A7:$DZ7,1,Rules!$H$8),"")&"") | F8: =IF(A8="","",IFERROR(INDEX(Crawl!$A7:$DZ7,1,Rules!$H$9),"")) | G8: =IF(A8="","",IFERROR(INDEX(Crawl!$A7:$DZ7,1,Rules!$H$10),"")) | H8: =IF(A8="","",IFERROR(INDEX(Crawl!$A7:$DZ7,1,Rules!$H$12),"")) | I8: =IF(A8="","",IF(AND(N(H8)>0,IFERROR(INDEX(Crawl!$A7:$DZ7,1,Rules!$H$11),"")&""<>""),IFERROR(INDEX(Crawl!$A7:$DZ7,1,Rules!$H$11),"")&"",IF(AND(ISNUMBER(J8),N(J8)>=Rules!$B$12,IFERROR(INDEX(Crawl!$A7:$DZ7,1,Rules!$H$13),"")&""<>""),IFERROR(INDEX(Crawl!$A7:$DZ7,1,Rules!$H$13),"")&"",""))) | J8: =IF(A8="","",IF(IFERROR(INDEX(Crawl!$A7:$DZ7,1,Rules!$H$14),"")&""="","",IFERROR(INDEX(Crawl!$A7:$DZ7,1,Rules!$H$14),""))) | K8: =IF(A8="","",IFERROR(SUMIFS('GSC current'!$J$2:$J$2001,'GSC current'!$I$2:$I$2001,B8),0)) | L8: =IF(A8="","",IFERROR(SUMIFS('GSC current'!$K$2:$K$2001,'GSC current'!$I$2:$I$2001,B8),0)) | M8: =IF(A8="","",IF(N(L8)>0,K8/L8,"")) | N8: =IF(A8="","",IF(N(L8)>0,SUMIFS('GSC current'!$L$2:$L$2001,'GSC current'!$I$2:$I$2001,B8)/L8,"")) | O8: =IF(A8="","",IFERROR(SUMIFS('GSC previous'!$J$2:$J$2001,'GSC previous'!$I$2:$I$2001,B8),0)) | P8: =IF(A8="","",IF(N(O8)>0,(K8-O8)/O8,"")) | Q8: =IF(A8="","",IFERROR(SUMIFS(GA4!$P$2:$P$2001,GA4!$O$2:$O$2001,B8),0)) | R8: =IF(A8="","",IF(N(Q8)>0,SUMIFS(GA4!$Q$2:$Q$2001,GA4!$O$2:$O$2001,B8)/Q8,"")) | S8: =IF(A8="","",IFERROR(SUMIFS(GA4!$R$2:$R$2001,GA4!$O$2:$O$2001,B8),0)) | T8: =IF(A8="","",IF(AND(ISNUMBER(F8),LEFT(C8&"",1)="2"),IF(F8<Rules!$B$9,"Yes","No"),"No")) | U8: =IF(A8="","",IF(AND(N(O8)>=Rules!$B$8,ISNUMBER(P8)),IF(P8<=-Rules!$B$7,"Yes","No"),"No")) | V8: =IF(A8="","",IF(AND(N(L8)>=Rules!$B$6,ISNUMBER(N8)),IF(AND(N8>=Rules!$B$10,N8<=Rules!$B$11),"Yes","No"),"No")) | W8: =IF(A8="","",IF(I8<>"","Yes","No")) | X8: =IF(I8="","",IF(SUMIFS($K$3:$K$2002,$A$3:$A$2002,SUBSTITUTE(SUBSTITUTE(I8,"?","~?"),"*","~*"))>N(K8),"Yes","No")) | Y8: =IF(A8="","",IF(N(S8)>0,"Yes","No")) | Z8: =IF(A8="","",IF(AND(N(K8)<Rules!$B$5,N(L8)<Rules!$B$6,N(Q8)<Rules!$B$13,Y8="No"),"Yes","No")) | AA8: =IF(A8="","",IF(LEFT(C8&"",1)="3","Redirect",IF(OR(LEFT(C8&"",1)="4",LEFT(C8&"",1)="5"),IF(OR(N(K8)>0,N(AC8)>=Rules!$B$14),"Redirect","Prune"),IF(D8="Non-Indexable","Keep",IF(AND(W8="Yes",X8="Yes",Y8="No"),"Merge",IF(OR(U8="Yes",V8="Yes",AND(T8="Yes",N(L8)>=Rules!$B$6)),"Update",IF(Z8="Yes",IF(N(AC8)>=Rules!$B$14,"Redirect","Prune"),"Keep"))))))) | AB8: =IF(A8="","",IF(LEFT(C8&"",1)="3","Already redirects ("&C8&"). Update internal links to point at the final URL.",IF(OR(LEFT(C8&"",1)="4",LEFT(C8&"",1)="5"),IF(AA8="Redirect","Returns "&C8&" but still has "&N(K8)&" clicks and "&N(AC8)&" referring domains. 301 it to the closest live page.","Returns "&C8&" with no clicks or links. Remove internal links and let it 404 or 410."),IF(D8="Non-Indexable","Non-indexable ("&E8&"). Keep if that is intentional; otherwise fix the canonical or noindex.",IF(AA8="Merge","Overlaps with "&I8&IF(N(J8)>0," (similarity "&TEXT(J8,"0.00")&")","")&", which gets more clicks. Merge the useful parts into it and 301 this URL.",IF(AA8="Update",MID(IF(U8="Yes","; Clicks down "&TEXT(-P8,"0%")&" on the previous period","")&IF(V8="Yes","; Average position "&TEXT(N8,"0.0")&" on "&TEXT(L8,"#,##0")&" impressions (striking distance)","")&IF(AND(T8="Yes",N(L8)>=Rules!$B$6),"; Thin ("&F8&" words) but has search demand",""),3,400),IF(AA8="Prune","Low value: "&N(K8)&" clicks, "&N(L8)&" impressions, "&N(Q8)&" sessions, no key events. Remove or noindex it and update internal links.",IF(AA8="Redirect","Low value but "&N(AC8)&" referring domains. 301 it to the closest relevant page to keep those links.",IF(AND(Z8="No",Y8="Yes",N(K8)<Rules!$B$5),"Low search traffic but it converts (key events: "&S8&"). Keep it and link to it.",IF(W8="Yes","Stronger than the page it overlaps ("&I8&"). Keep; merge that page into this one.","Healthy: "&N(K8)&" clicks"&IF(ISNUMBER(N8),", average position "&TEXT(N8,"0.0"),"")&". Keep and monitor.")))))))))) | AE8: =IF(A8="","",IF(AD8<>"",AD8,AA8))
A9: =IF(Crawl!A8="","",Crawl!A8) | B9: =IF(A9="","",Crawl!EC8) | C9: =IF(A9="","",IFERROR(INDEX(Crawl!$A8:$DZ8,1,Rules!$H$6),"")) | D9: =IF(A9="","",IFERROR(INDEX(Crawl!$A8:$DZ8,1,Rules!$H$7),"")&"") | E9: =IF(A9="","",IFERROR(INDEX(Crawl!$A8:$DZ8,1,Rules!$H$8),"")&"") | F9: =IF(A9="","",IFERROR(INDEX(Crawl!$A8:$DZ8,1,Rules!$H$9),"")) | G9: =IF(A9="","",IFERROR(INDEX(Crawl!$A8:$DZ8,1,Rules!$H$10),"")) | H9: =IF(A9="","",IFERROR(INDEX(Crawl!$A8:$DZ8,1,Rules!$H$12),"")) | I9: =IF(A9="","",IF(AND(N(H9)>0,IFERROR(INDEX(Crawl!$A8:$DZ8,1,Rules!$H$11),"")&""<>""),IFERROR(INDEX(Crawl!$A8:$DZ8,1,Rules!$H$11),"")&"",IF(AND(ISNUMBER(J9),N(J9)>=Rules!$B$12,IFERROR(INDEX(Crawl!$A8:$DZ8,1,Rules!$H$13),"")&""<>""),IFERROR(INDEX(Crawl!$A8:$DZ8,1,Rules!$H$13),"")&"",""))) | J9: =IF(A9="","",IF(IFERROR(INDEX(Crawl!$A8:$DZ8,1,Rules!$H$14),"")&""="","",IFERROR(INDEX(Crawl!$A8:$DZ8,1,Rules!$H$14),""))) | K9: =IF(A9="","",IFERROR(SUMIFS('GSC current'!$J$2:$J$2001,'GSC current'!$I$2:$I$2001,B9),0)) | L9: =IF(A9="","",IFERROR(SUMIFS('GSC current'!$K$2:$K$2001,'GSC current'!$I$2:$I$2001,B9),0)) | M9: =IF(A9="","",IF(N(L9)>0,K9/L9,"")) | N9: =IF(A9="","",IF(N(L9)>0,SUMIFS('GSC current'!$L$2:$L$2001,'GSC current'!$I$2:$I$2001,B9)/L9,"")) | O9: =IF(A9="","",IFERROR(SUMIFS('GSC previous'!$J$2:$J$2001,'GSC previous'!$I$2:$I$2001,B9),0)) | P9: =IF(A9="","",IF(N(O9)>0,(K9-O9)/O9,"")) | Q9: =IF(A9="","",IFERROR(SUMIFS(GA4!$P$2:$P$2001,GA4!$O$2:$O$2001,B9),0)) | R9: =IF(A9="","",IF(N(Q9)>0,SUMIFS(GA4!$Q$2:$Q$2001,GA4!$O$2:$O$2001,B9)/Q9,"")) | S9: =IF(A9="","",IFERROR(SUMIFS(GA4!$R$2:$R$2001,GA4!$O$2:$O$2001,B9),0)) | T9: =IF(A9="","",IF(AND(ISNUMBER(F9),LEFT(C9&"",1)="2"),IF(F9<Rules!$B$9,"Yes","No"),"No")) | U9: =IF(A9="","",IF(AND(N(O9)>=Rules!$B$8,ISNUMBER(P9)),IF(P9<=-Rules!$B$7,"Yes","No"),"No")) | V9: =IF(A9="","",IF(AND(N(L9)>=Rules!$B$6,ISNUMBER(N9)),IF(AND(N9>=Rules!$B$10,N9<=Rules!$B$11),"Yes","No"),"No")) | W9: =IF(A9="","",IF(I9<>"","Yes","No")) | X9: =IF(I9="","",IF(SUMIFS($K$3:$K$2002,$A$3:$A$2002,SUBSTITUTE(SUBSTITUTE(I9,"?","~?"),"*","~*"))>N(K9),"Yes","No")) | Y9: =IF(A9="","",IF(N(S9)>0,"Yes","No")) | Z9: =IF(A9="","",IF(AND(N(K9)<Rules!$B$5,N(L9)<Rules!$B$6,N(Q9)<Rules!$B$13,Y9="No"),"Yes","No")) | AA9: =IF(A9="","",IF(LEFT(C9&"",1)="3","Redirect",IF(OR(LEFT(C9&"",1)="4",LEFT(C9&"",1)="5"),IF(OR(N(K9)>0,N(AC9)>=Rules!$B$14),"Redirect","Prune"),IF(D9="Non-Indexable","Keep",IF(AND(W9="Yes",X9="Yes",Y9="No"),"Merge",IF(OR(U9="Yes",V9="Yes",AND(T9="Yes",N(L9)>=Rules!$B$6)),"Update",IF(Z9="Yes",IF(N(AC9)>=Rules!$B$14,"Redirect","Prune"),"Keep"))))))) | AB9: =IF(A9="","",IF(LEFT(C9&"",1)="3","Already redirects ("&C9&"). Update internal links to point at the final URL.",IF(OR(LEFT(C9&"",1)="4",LEFT(C9&"",1)="5"),IF(AA9="Redirect","Returns "&C9&" but still has "&N(K9)&" clicks and "&N(AC9)&" referring domains. 301 it to the closest live page.","Returns "&C9&" with no clicks or links. Remove internal links and let it 404 or 410."),IF(D9="Non-Indexable","Non-indexable ("&E9&"). Keep if that is intentional; otherwise fix the canonical or noindex.",IF(AA9="Merge","Overlaps with "&I9&IF(N(J9)>0," (similarity "&TEXT(J9,"0.00")&")","")&", which gets more clicks. Merge the useful parts into it and 301 this URL.",IF(AA9="Update",MID(IF(U9="Yes","; Clicks down "&TEXT(-P9,"0%")&" on the previous period","")&IF(V9="Yes","; Average position "&TEXT(N9,"0.0")&" on "&TEXT(L9,"#,##0")&" impressions (striking distance)","")&IF(AND(T9="Yes",N(L9)>=Rules!$B$6),"; Thin ("&F9&" words) but has search demand",""),3,400),IF(AA9="Prune","Low value: "&N(K9)&" clicks, "&N(L9)&" impressions, "&N(Q9)&" sessions, no key events. Remove or noindex it and update internal links.",IF(AA9="Redirect","Low value but "&N(AC9)&" referring domains. 301 it to the closest relevant page to keep those links.",IF(AND(Z9="No",Y9="Yes",N(K9)<Rules!$B$5),"Low search traffic but it converts (key events: "&S9&"). Keep it and link to it.",IF(W9="Yes","Stronger than the page it overlaps ("&I9&"). Keep; merge that page into this one.","Healthy: "&N(K9)&" clicks"&IF(ISNUMBER(N9),", average position "&TEXT(N9,"0.0"),"")&". Keep and monitor.")))))))))) | AE9: =IF(A9="","",IF(AD9<>"",AD9,AA9))
A10: =IF(Crawl!A9="","",Crawl!A9) | B10: =IF(A10="","",Crawl!EC9) | C10: =IF(A10="","",IFERROR(INDEX(Crawl!$A9:$DZ9,1,Rules!$H$6),"")) | D10: =IF(A10="","",IFERROR(INDEX(Crawl!$A9:$DZ9,1,Rules!$H$7),"")&"") | E10: =IF(A10="","",IFERROR(INDEX(Crawl!$A9:$DZ9,1,Rules!$H$8),"")&"") | F10: =IF(A10="","",IFERROR(INDEX(Crawl!$A9:$DZ9,1,Rules!$H$9),"")) | G10: =IF(A10="","",IFERROR(INDEX(Crawl!$A9:$DZ9,1,Rules!$H$10),"")) | H10: =IF(A10="","",IFERROR(INDEX(Crawl!$A9:$DZ9,1,Rules!$H$12),"")) | I10: =IF(A10="","",IF(AND(N(H10)>0,IFERROR(INDEX(Crawl!$A9:$DZ9,1,Rules!$H$11),"")&""<>""),IFERROR(INDEX(Crawl!$A9:$DZ9,1,Rules!$H$11),"")&"",IF(AND(ISNUMBER(J10),N(J10)>=Rules!$B$12,IFERROR(INDEX(Crawl!$A9:$DZ9,1,Rules!$H$13),"")&""<>""),IFERROR(INDEX(Crawl!$A9:$DZ9,1,Rules!$H$13),"")&"",""))) | J10: =IF(A10="","",IF(IFERROR(INDEX(Crawl!$A9:$DZ9,1,Rules!$H$14),"")&""="","",IFERROR(INDEX(Crawl!$A9:$DZ9,1,Rules!$H$14),""))) | K10: =IF(A10="","",IFERROR(SUMIFS('GSC current'!$J$2:$J$2001,'GSC current'!$I$2:$I$2001,B10),0)) | L10: =IF(A10="","",IFERROR(SUMIFS('GSC current'!$K$2:$K$2001,'GSC current'!$I$2:$I$2001,B10),0)) | M10: =IF(A10="","",IF(N(L10)>0,K10/L10,"")) | N10: =IF(A10="","",IF(N(L10)>0,SUMIFS('GSC current'!$L$2:$L$2001,'GSC current'!$I$2:$I$2001,B10)/L10,"")) | O10: =IF(A10="","",IFERROR(SUMIFS('GSC previous'!$J$2:$J$2001,'GSC previous'!$I$2:$I$2001,B10),0)) | P10: =IF(A10="","",IF(N(O10)>0,(K10-O10)/O10,"")) | Q10: =IF(A10="","",IFERROR(SUMIFS(GA4!$P$2:$P$2001,GA4!$O$2:$O$2001,B10),0)) | R10: =IF(A10="","",IF(N(Q10)>0,SUMIFS(GA4!$Q$2:$Q$2001,GA4!$O$2:$O$2001,B10)/Q10,"")) | S10: =IF(A10="","",IFERROR(SUMIFS(GA4!$R$2:$R$2001,GA4!$O$2:$O$2001,B10),0)) | T10: =IF(A10="","",IF(AND(ISNUMBER(F10),LEFT(C10&"",1)="2"),IF(F10<Rules!$B$9,"Yes","No"),"No")) | U10: =IF(A10="","",IF(AND(N(O10)>=Rules!$B$8,ISNUMBER(P10)),IF(P10<=-Rules!$B$7,"Yes","No"),"No")) | V10: =IF(A10="","",IF(AND(N(L10)>=Rules!$B$6,ISNUMBER(N10)),IF(AND(N10>=Rules!$B$10,N10<=Rules!$B$11),"Yes","No"),"No")) | W10: =IF(A10="","",IF(I10<>"","Yes","No")) | X10: =IF(I10="","",IF(SUMIFS($K$3:$K$2002,$A$3:$A$2002,SUBSTITUTE(SUBSTITUTE(I10,"?","~?"),"*","~*"))>N(K10),"Yes","No")) | Y10: =IF(A10="","",IF(N(S10)>0,"Yes","No")) | Z10: =IF(A10="","",IF(AND(N(K10)<Rules!$B$5,N(L10)<Rules!$B$6,N(Q10)<Rules!$B$13,Y10="No"),"Yes","No")) | AA10: =IF(A10="","",IF(LEFT(C10&"",1)="3","Redirect",IF(OR(LEFT(C10&"",1)="4",LEFT(C10&"",1)="5"),IF(OR(N(K10)>0,N(AC10)>=Rules!$B$14),"Redirect","Prune"),IF(D10="Non-Indexable","Keep",IF(AND(W10="Yes",X10="Yes",Y10="No"),"Merge",IF(OR(U10="Yes",V10="Yes",AND(T10="Yes",N(L10)>=Rules!$B$6)),"Update",IF(Z10="Yes",IF(N(AC10)>=Rules!$B$14,"Redirect","Prune"),"Keep"))))))) | AB10: =IF(A10="","",IF(LEFT(C10&"",1)="3","Already redirects ("&C10&"). Update internal links to point at the final URL.",IF(OR(LEFT(C10&"",1)="4",LEFT(C10&"",1)="5"),IF(AA10="Redirect","Returns "&C10&" but still has "&N(K10)&" clicks and "&N(AC10)&" referring domains. 301 it to the closest live page.","Returns "&C10&" with no clicks or links. Remove internal links and let it 404 or 410."),IF(D10="Non-Indexable","Non-indexable ("&E10&"). Keep if that is intentional; otherwise fix the canonical or noindex.",IF(AA10="Merge","Overlaps with "&I10&IF(N(J10)>0," (similarity "&TEXT(J10,"0.00")&")","")&", which gets more clicks. Merge the useful parts into it and 301 this URL.",IF(AA10="Update",MID(IF(U10="Yes","; Clicks down "&TEXT(-P10,"0%")&" on the previous period","")&IF(V10="Yes","; Average position "&TEXT(N10,"0.0")&" on "&TEXT(L10,"#,##0")&" impressions (striking distance)","")&IF(AND(T10="Yes",N(L10)>=Rules!$B$6),"; Thin ("&F10&" words) but has search demand",""),3,400),IF(AA10="Prune","Low value: "&N(K10)&" clicks, "&N(L10)&" impressions, "&N(Q10)&" sessions, no key events. Remove or noindex it and update internal links.",IF(AA10="Redirect","Low value but "&N(AC10)&" referring domains. 301 it to the closest relevant page to keep those links.",IF(AND(Z10="No",Y10="Yes",N(K10)<Rules!$B$5),"Low search traffic but it converts (key events: "&S10&"). Keep it and link to it.",IF(W10="Yes","Stronger than the page it overlaps ("&I10&"). Keep; merge that page into this one.","Healthy: "&N(K10)&" clicks"&IF(ISNUMBER(N10),", average position "&TEXT(N10,"0.0"),"")&". Keep and monitor.")))))))))) | AE10: =IF(A10="","",IF(AD10<>"",AD10,AA10))
A11: =IF(Crawl!A10="","",Crawl!A10) | B11: =IF(A11="","",Crawl!EC10) | C11: =IF(A11="","",IFERROR(INDEX(Crawl!$A10:$DZ10,1,Rules!$H$6),"")) | D11: =IF(A11="","",IFERROR(INDEX(Crawl!$A10:$DZ10,1,Rules!$H$7),"")&"") | E11: =IF(A11="","",IFERROR(INDEX(Crawl!$A10:$DZ10,1,Rules!$H$8),"")&"") | F11: =IF(A11="","",IFERROR(INDEX(Crawl!$A10:$DZ10,1,Rules!$H$9),"")) | G11: =IF(A11="","",IFERROR(INDEX(Crawl!$A10:$DZ10,1,Rules!$H$10),"")) | H11: =IF(A11="","",IFERROR(INDEX(Crawl!$A10:$DZ10,1,Rules!$H$12),"")) | I11: =IF(A11="","",IF(AND(N(H11)>0,IFERROR(INDEX(Crawl!$A10:$DZ10,1,Rules!$H$11),"")&""<>""),IFERROR(INDEX(Crawl!$A10:$DZ10,1,Rules!$H$11),"")&"",IF(AND(ISNUMBER(J11),N(J11)>=Rules!$B$12,IFERROR(INDEX(Crawl!$A10:$DZ10,1,Rules!$H$13),"")&""<>""),IFERROR(INDEX(Crawl!$A10:$DZ10,1,Rules!$H$13),"")&"",""))) | J11: =IF(A11="","",IF(IFERROR(INDEX(Crawl!$A10:$DZ10,1,Rules!$H$14),"")&""="","",IFERROR(INDEX(Crawl!$A10:$DZ10,1,Rules!$H$14),""))) | K11: =IF(A11="","",IFERROR(SUMIFS('GSC current'!$J$2:$J$2001,'GSC current'!$I$2:$I$2001,B11),0)) | L11: =IF(A11="","",IFERROR(SUMIFS('GSC current'!$K$2:$K$2001,'GSC current'!$I$2:$I$2001,B11),0)) | M11: =IF(A11="","",IF(N(L11)>0,K11/L11,"")) | N11: =IF(A11="","",IF(N(L11)>0,SUMIFS('GSC current'!$L$2:$L$2001,'GSC current'!$I$2:$I$2001,B11)/L11,"")) | O11: =IF(A11="","",IFERROR(SUMIFS('GSC previous'!$J$2:$J$2001,'GSC previous'!$I$2:$I$2001,B11),0)) | P11: =IF(A11="","",IF(N(O11)>0,(K11-O11)/O11,"")) | Q11: =IF(A11="","",IFERROR(SUMIFS(GA4!$P$2:$P$2001,GA4!$O$2:$O$2001,B11),0)) | R11: =IF(A11="","",IF(N(Q11)>0,SUMIFS(GA4!$Q$2:$Q$2001,GA4!$O$2:$O$2001,B11)/Q11,"")) | S11: =IF(A11="","",IFERROR(SUMIFS(GA4!$R$2:$R$2001,GA4!$O$2:$O$2001,B11),0)) | T11: =IF(A11="","",IF(AND(ISNUMBER(F11),LEFT(C11&"",1)="2"),IF(F11<Rules!$B$9,"Yes","No"),"No")) | U11: =IF(A11="","",IF(AND(N(O11)>=Rules!$B$8,ISNUMBER(P11)),IF(P11<=-Rules!$B$7,"Yes","No"),"No")) | V11: =IF(A11="","",IF(AND(N(L11)>=Rules!$B$6,ISNUMBER(N11)),IF(AND(N11>=Rules!$B$10,N11<=Rules!$B$11),"Yes","No"),"No")) | W11: =IF(A11="","",IF(I11<>"","Yes","No")) | X11: =IF(I11="","",IF(SUMIFS($K$3:$K$2002,$A$3:$A$2002,SUBSTITUTE(SUBSTITUTE(I11,"?","~?"),"*","~*"))>N(K11),"Yes","No")) | Y11: =IF(A11="","",IF(N(S11)>0,"Yes","No")) | Z11: =IF(A11="","",IF(AND(N(K11)<Rules!$B$5,N(L11)<Rules!$B$6,N(Q11)<Rules!$B$13,Y11="No"),"Yes","No")) | AA11: =IF(A11="","",IF(LEFT(C11&"",1)="3","Redirect",IF(OR(LEFT(C11&"",1)="4",LEFT(C11&"",1)="5"),IF(OR(N(K11)>0,N(AC11)>=Rules!$B$14),"Redirect","Prune"),IF(D11="Non-Indexable","Keep",IF(AND(W11="Yes",X11="Yes",Y11="No"),"Merge",IF(OR(U11="Yes",V11="Yes",AND(T11="Yes",N(L11)>=Rules!$B$6)),"Update",IF(Z11="Yes",IF(N(AC11)>=Rules!$B$14,"Redirect","Prune"),"Keep"))))))) | AB11: =IF(A11="","",IF(LEFT(C11&"",1)="3","Already redirects ("&C11&"). Update internal links to point at the final URL.",IF(OR(LEFT(C11&"",1)="4",LEFT(C11&"",1)="5"),IF(AA11="Redirect","Returns "&C11&" but still has "&N(K11)&" clicks and "&N(AC11)&" referring domains. 301 it to the closest live page.","Returns "&C11&" with no clicks or links. Remove internal links and let it 404 or 410."),IF(D11="Non-Indexable","Non-indexable ("&E11&"). Keep if that is intentional; otherwise fix the canonical or noindex.",IF(AA11="Merge","Overlaps with "&I11&IF(N(J11)>0," (similarity "&TEXT(J11,"0.00")&")","")&", which gets more clicks. Merge the useful parts into it and 301 this URL.",IF(AA11="Update",MID(IF(U11="Yes","; Clicks down "&TEXT(-P11,"0%")&" on the previous period","")&IF(V11="Yes","; Average position "&TEXT(N11,"0.0")&" on "&TEXT(L11,"#,##0")&" impressions (striking distance)","")&IF(AND(T11="Yes",N(L11)>=Rules!$B$6),"; Thin ("&F11&" words) but has search demand",""),3,400),IF(AA11="Prune","Low value: "&N(K11)&" clicks, "&N(L11)&" impressions, "&N(Q11)&" sessions, no key events. Remove or noindex it and update internal links.",IF(AA11="Redirect","Low value but "&N(AC11)&" referring domains. 301 it to the closest relevant page to keep those links.",IF(AND(Z11="No",Y11="Yes",N(K11)<Rules!$B$5),"Low search traffic but it converts (key events: "&S11&"). Keep it and link to it.",IF(W11="Yes","Stronger than the page it overlaps ("&I11&"). Keep; merge that page into this one.","Healthy: "&N(K11)&" clicks"&IF(ISNUMBER(N11),", average position "&TEXT(N11,"0.0"),"")&". Keep and monitor.")))))))))) | AE11: =IF(A11="","",IF(AD11<>"",AD11,AA11))
A12: =IF(Crawl!A11="","",Crawl!A11) | B12: =IF(A12="","",Crawl!EC11) | C12: =IF(A12="","",IFERROR(INDEX(Crawl!$A11:$DZ11,1,Rules!$H$6),"")) | D12: =IF(A12="","",IFERROR(INDEX(Crawl!$A11:$DZ11,1,Rules!$H$7),"")&"") | E12: =IF(A12="","",IFERROR(INDEX(Crawl!$A11:$DZ11,1,Rules!$H$8),"")&"") | F12: =IF(A12="","",IFERROR(INDEX(Crawl!$A11:$DZ11,1,Rules!$H$9),"")) | G12: =IF(A12="","",IFERROR(INDEX(Crawl!$A11:$DZ11,1,Rules!$H$10),"")) | H12: =IF(A12="","",IFERROR(INDEX(Crawl!$A11:$DZ11,1,Rules!$H$12),"")) | I12: =IF(A12="","",IF(AND(N(H12)>0,IFERROR(INDEX(Crawl!$A11:$DZ11,1,Rules!$H$11),"")&""<>""),IFERROR(INDEX(Crawl!$A11:$DZ11,1,Rules!$H$11),"")&"",IF(AND(ISNUMBER(J12),N(J12)>=Rules!$B$12,IFERROR(INDEX(Crawl!$A11:$DZ11,1,Rules!$H$13),"")&""<>""),IFERROR(INDEX(Crawl!$A11:$DZ11,1,Rules!$H$13),"")&"",""))) | J12: =IF(A12="","",IF(IFERROR(INDEX(Crawl!$A11:$DZ11,1,Rules!$H$14),"")&""="","",IFERROR(INDEX(Crawl!$A11:$DZ11,1,Rules!$H$14),""))) | K12: =IF(A12="","",IFERROR(SUMIFS('GSC current'!$J$2:$J$2001,'GSC current'!$I$2:$I$2001,B12),0)) | L12: =IF(A12="","",IFERROR(SUMIFS('GSC current'!$K$2:$K$2001,'GSC current'!$I$2:$I$2001,B12),0)) | M12: =IF(A12="","",IF(N(L12)>0,K12/L12,"")) | N12: =IF(A12="","",IF(N(L12)>0,SUMIFS('GSC current'!$L$2:$L$2001,'GSC current'!$I$2:$I$2001,B12)/L12,"")) | O12: =IF(A12="","",IFERROR(SUMIFS('GSC previous'!$J$2:$J$2001,'GSC previous'!$I$2:$I$2001,B12),0)) | P12: =IF(A12="","",IF(N(O12)>0,(K12-O12)/O12,"")) | Q12: =IF(A12="","",IFERROR(SUMIFS(GA4!$P$2:$P$2001,GA4!$O$2:$O$2001,B12),0)) | R12: =IF(A12="","",IF(N(Q12)>0,SUMIFS(GA4!$Q$2:$Q$2001,GA4!$O$2:$O$2001,B12)/Q12,"")) | S12: =IF(A12="","",IFERROR(SUMIFS(GA4!$R$2:$R$2001,GA4!$O$2:$O$2001,B12),0)) | T12: =IF(A12="","",IF(AND(ISNUMBER(F12),LEFT(C12&"",1)="2"),IF(F12<Rules!$B$9,"Yes","No"),"No")) | U12: =IF(A12="","",IF(AND(N(O12)>=Rules!$B$8,ISNUMBER(P12)),IF(P12<=-Rules!$B$7,"Yes","No"),"No")) | V12: =IF(A12="","",IF(AND(N(L12)>=Rules!$B$6,ISNUMBER(N12)),IF(AND(N12>=Rules!$B$10,N12<=Rules!$B$11),"Yes","No"),"No")) | W12: =IF(A12="","",IF(I12<>"","Yes","No")) | X12: =IF(I12="","",IF(SUMIFS($K$3:$K$2002,$A$3:$A$2002,SUBSTITUTE(SUBSTITUTE(I12,"?","~?"),"*","~*"))>N(K12),"Yes","No")) | Y12: =IF(A12="","",IF(N(S12)>0,"Yes","No")) | Z12: =IF(A12="","",IF(AND(N(K12)<Rules!$B$5,N(L12)<Rules!$B$6,N(Q12)<Rules!$B$13,Y12="No"),"Yes","No")) | AA12: =IF(A12="","",IF(LEFT(C12&"",1)="3","Redirect",IF(OR(LEFT(C12&"",1)="4",LEFT(C12&"",1)="5"),IF(OR(N(K12)>0,N(AC12)>=Rules!$B$14),"Redirect","Prune"),IF(D12="Non-Indexable","Keep",IF(AND(W12="Yes",X12="Yes",Y12="No"),"Merge",IF(OR(U12="Yes",V12="Yes",AND(T12="Yes",N(L12)>=Rules!$B$6)),"Update",IF(Z12="Yes",IF(N(AC12)>=Rules!$B$14,"Redirect","Prune"),"Keep"))))))) | AB12: =IF(A12="","",IF(LEFT(C12&"",1)="3","Already redirects ("&C12&"). Update internal links to point at the final URL.",IF(OR(LEFT(C12&"",1)="4",LEFT(C12&"",1)="5"),IF(AA12="Redirect","Returns "&C12&" but still has "&N(K12)&" clicks and "&N(AC12)&" referring domains. 301 it to the closest live page.","Returns "&C12&" with no clicks or links. Remove internal links and let it 404 or 410."),IF(D12="Non-Indexable","Non-indexable ("&E12&"). Keep if that is intentional; otherwise fix the canonical or noindex.",IF(AA12="Merge","Overlaps with "&I12&IF(N(J12)>0," (similarity "&TEXT(J12,"0.00")&")","")&", which gets more clicks. Merge the useful parts into it and 301 this URL.",IF(AA12="Update",MID(IF(U12="Yes","; Clicks down "&TEXT(-P12,"0%")&" on the previous period","")&IF(V12="Yes","; Average position "&TEXT(N12,"0.0")&" on "&TEXT(L12,"#,##0")&" impressions (striking distance)","")&IF(AND(T12="Yes",N(L12)>=Rules!$B$6),"; Thin ("&F12&" words) but has search demand",""),3,400),IF(AA12="Prune","Low value: "&N(K12)&" clicks, "&N(L12)&" impressions, "&N(Q12)&" sessions, no key events. Remove or noindex it and update internal links.",IF(AA12="Redirect","Low value but "&N(AC12)&" referring domains. 301 it to the closest relevant page to keep those links.",IF(AND(Z12="No",Y12="Yes",N(K12)<Rules!$B$5),"Low search traffic but it converts (key events: "&S12&"). Keep it and link to it.",IF(W12="Yes","Stronger than the page it overlaps ("&I12&"). Keep; merge that page into this one.","Healthy: "&N(K12)&" clicks"&IF(ISNUMBER(N12),", average position "&TEXT(N12,"0.0"),"")&". Keep and monitor.")))))))))) | AE12: =IF(A12="","",IF(AD12<>"",AD12,AA12))
A13: =IF(Crawl!A12="","",Crawl!A12) | B13: =IF(A13="","",Crawl!EC12) | C13: =IF(A13="","",IFERROR(INDEX(Crawl!$A12:$DZ12,1,Rules!$H$6),"")) | D13: =IF(A13="","",IFERROR(INDEX(Crawl!$A12:$DZ12,1,Rules!$H$7),"")&"") | E13: =IF(A13="","",IFERROR(INDEX(Crawl!$A12:$DZ12,1,Rules!$H$8),"")&"") | F13: =IF(A13="","",IFERROR(INDEX(Crawl!$A12:$DZ12,1,Rules!$H$9),"")) | G13: =IF(A13="","",IFERROR(INDEX(Crawl!$A12:$DZ12,1,Rules!$H$10),"")) | H13: =IF(A13="","",IFERROR(INDEX(Crawl!$A12:$DZ12,1,Rules!$H$12),"")) | I13: =IF(A13="","",IF(AND(N(H13)>0,IFERROR(INDEX(Crawl!$A12:$DZ12,1,Rules!$H$11),"")&""<>""),IFERROR(INDEX(Crawl!$A12:$DZ12,1,Rules!$H$11),"")&"",IF(AND(ISNUMBER(J13),N(J13)>=Rules!$B$12,IFERROR(INDEX(Crawl!$A12:$DZ12,1,Rules!$H$13),"")&""<>""),IFERROR(INDEX(Crawl!$A12:$DZ12,1,Rules!$H$13),"")&"",""))) | J13: =IF(A13="","",IF(IFERROR(INDEX(Crawl!$A12:$DZ12,1,Rules!$H$14),"")&""="","",IFERROR(INDEX(Crawl!$A12:$DZ12,1,Rules!$H$14),""))) | K13: =IF(A13="","",IFERROR(SUMIFS('GSC current'!$J$2:$J$2001,'GSC current'!$I$2:$I$2001,B13),0)) | L13: =IF(A13="","",IFERROR(SUMIFS('GSC current'!$K$2:$K$2001,'GSC current'!$I$2:$I$2001,B13),0)) | M13: =IF(A13="","",IF(N(L13)>0,K13/L13,"")) | N13: =IF(A13="","",IF(N(L13)>0,SUMIFS('GSC current'!$L$2:$L$2001,'GSC current'!$I$2:$I$2001,B13)/L13,"")) | O13: =IF(A13="","",IFERROR(SUMIFS('GSC previous'!$J$2:$J$2001,'GSC previous'!$I$2:$I$2001,B13),0)) | P13: =IF(A13="","",IF(N(O13)>0,(K13-O13)/O13,"")) | Q13: =IF(A13="","",IFERROR(SUMIFS(GA4!$P$2:$P$2001,GA4!$O$2:$O$2001,B13),0)) | R13: =IF(A13="","",IF(N(Q13)>0,SUMIFS(GA4!$Q$2:$Q$2001,GA4!$O$2:$O$2001,B13)/Q13,"")) | S13: =IF(A13="","",IFERROR(SUMIFS(GA4!$R$2:$R$2001,GA4!$O$2:$O$2001,B13),0)) | T13: =IF(A13="","",IF(AND(ISNUMBER(F13),LEFT(C13&"",1)="2"),IF(F13<Rules!$B$9,"Yes","No"),"No")) | U13: =IF(A13="","",IF(AND(N(O13)>=Rules!$B$8,ISNUMBER(P13)),IF(P13<=-Rules!$B$7,"Yes","No"),"No")) | V13: =IF(A13="","",IF(AND(N(L13)>=Rules!$B$6,ISNUMBER(N13)),IF(AND(N13>=Rules!$B$10,N13<=Rules!$B$11),"Yes","No"),"No")) | W13: =IF(A13="","",IF(I13<>"","Yes","No")) | X13: =IF(I13="","",IF(SUMIFS($K$3:$K$2002,$A$3:$A$2002,SUBSTITUTE(SUBSTITUTE(I13,"?","~?"),"*","~*"))>N(K13),"Yes","No")) | Y13: =IF(A13="","",IF(N(S13)>0,"Yes","No")) | Z13: =IF(A13="","",IF(AND(N(K13)<Rules!$B$5,N(L13)<Rules!$B$6,N(Q13)<Rules!$B$13,Y13="No"),"Yes","No")) | AA13: =IF(A13="","",IF(LEFT(C13&"",1)="3","Redirect",IF(OR(LEFT(C13&"",1)="4",LEFT(C13&"",1)="5"),IF(OR(N(K13)>0,N(AC13)>=Rules!$B$14),"Redirect","Prune"),IF(D13="Non-Indexable","Keep",IF(AND(W13="Yes",X13="Yes",Y13="No"),"Merge",IF(OR(U13="Yes",V13="Yes",AND(T13="Yes",N(L13)>=Rules!$B$6)),"Update",IF(Z13="Yes",IF(N(AC13)>=Rules!$B$14,"Redirect","Prune"),"Keep"))))))) | AB13: =IF(A13="","",IF(LEFT(C13&"",1)="3","Already redirects ("&C13&"). Update internal links to point at the final URL.",IF(OR(LEFT(C13&"",1)="4",LEFT(C13&"",1)="5"),IF(AA13="Redirect","Returns "&C13&" but still has "&N(K13)&" clicks and "&N(AC13)&" referring domains. 301 it to the closest live page.","Returns "&C13&" with no clicks or links. Remove internal links and let it 404 or 410."),IF(D13="Non-Indexable","Non-indexable ("&E13&"). Keep if that is intentional; otherwise fix the canonical or noindex.",IF(AA13="Merge","Overlaps with "&I13&IF(N(J13)>0," (similarity "&TEXT(J13,"0.00")&")","")&", which gets more clicks. Merge the useful parts into it and 301 this URL.",IF(AA13="Update",MID(IF(U13="Yes","; Clicks down "&TEXT(-P13,"0%")&" on the previous period","")&IF(V13="Yes","; Average position "&TEXT(N13,"0.0")&" on "&TEXT(L13,"#,##0")&" impressions (striking distance)","")&IF(AND(T13="Yes",N(L13)>=Rules!$B$6),"; Thin ("&F13&" words) but has search demand",""),3,400),IF(AA13="Prune","Low value: "&N(K13)&" clicks, "&N(L13)&" impressions, "&N(Q13)&" sessions, no key events. Remove or noindex it and update internal links.",IF(AA13="Redirect","Low value but "&N(AC13)&" referring domains. 301 it to the closest relevant page to keep those links.",IF(AND(Z13="No",Y13="Yes",N(K13)<Rules!$B$5),"Low search traffic but it converts (key events: "&S13&"). Keep it and link to it.",IF(W13="Yes","Stronger than the page it overlaps ("&I13&"). Keep; merge that page into this one.","Healthy: "&N(K13)&" clicks"&IF(ISNUMBER(N13),", average position "&TEXT(N13,"0.0"),"")&". Keep and monitor.")))))))))) | AE13: =IF(A13="","",IF(AD13<>"",AD13,AA13))
A14: =IF(Crawl!A13="","",Crawl!A13) | B14: =IF(A14="","",Crawl!EC13) | C14: =IF(A14="","",IFERROR(INDEX(Crawl!$A13:$DZ13,1,Rules!$H$6),"")) | D14: =IF(A14="","",IFERROR(INDEX(Crawl!$A13:$DZ13,1,Rules!$H$7),"")&"") | E14: =IF(A14="","",IFERROR(INDEX(Crawl!$A13:$DZ13,1,Rules!$H$8),"")&"") | F14: =IF(A14="","",IFERROR(INDEX(Crawl!$A13:$DZ13,1,Rules!$H$9),"")) | G14: =IF(A14="","",IFERROR(INDEX(Crawl!$A13:$DZ13,1,Rules!$H$10),"")) | H14: =IF(A14="","",IFERROR(INDEX(Crawl!$A13:$DZ13,1,Rules!$H$12),"")) | I14: =IF(A14="","",IF(AND(N(H14)>0,IFERROR(INDEX(Crawl!$A13:$DZ13,1,Rules!$H$11),"")&""<>""),IFERROR(INDEX(Crawl!$A13:$DZ13,1,Rules!$H$11),"")&"",IF(AND(ISNUMBER(J14),N(J14)>=Rules!$B$12,IFERROR(INDEX(Crawl!$A13:$DZ13,1,Rules!$H$13),"")&""<>""),IFERROR(INDEX(Crawl!$A13:$DZ13,1,Rules!$H$13),"")&"",""))) | J14: =IF(A14="","",IF(IFERROR(INDEX(Crawl!$A13:$DZ13,1,Rules!$H$14),"")&""="","",IFERROR(INDEX(Crawl!$A13:$DZ13,1,Rules!$H$14),""))) | K14: =IF(A14="","",IFERROR(SUMIFS('GSC current'!$J$2:$J$2001,'GSC current'!$I$2:$I$2001,B14),0)) | L14: =IF(A14="","",IFERROR(SUMIFS('GSC current'!$K$2:$K$2001,'GSC current'!$I$2:$I$2001,B14),0)) | M14: =IF(A14="","",IF(N(L14)>0,K14/L14,"")) | N14: =IF(A14="","",IF(N(L14)>0,SUMIFS('GSC current'!$L$2:$L$2001,'GSC current'!$I$2:$I$2001,B14)/L14,"")) | O14: =IF(A14="","",IFERROR(SUMIFS('GSC previous'!$J$2:$J$2001,'GSC previous'!$I$2:$I$2001,B14),0)) | P14: =IF(A14="","",IF(N(O14)>0,(K14-O14)/O14,"")) | Q14: =IF(A14="","",IFERROR(SUMIFS(GA4!$P$2:$P$2001,GA4!$O$2:$O$2001,B14),0)) | R14: =IF(A14="","",IF(N(Q14)>0,SUMIFS(GA4!$Q$2:$Q$2001,GA4!$O$2:$O$2001,B14)/Q14,"")) | S14: =IF(A14="","",IFERROR(SUMIFS(GA4!$R$2:$R$2001,GA4!$O$2:$O$2001,B14),0)) | T14: =IF(A14="","",IF(AND(ISNUMBER(F14),LEFT(C14&"",1)="2"),IF(F14<Rules!$B$9,"Yes","No"),"No")) | U14: =IF(A14="","",IF(AND(N(O14)>=Rules!$B$8,ISNUMBER(P14)),IF(P14<=-Rules!$B$7,"Yes","No"),"No")) | V14: =IF(A14="","",IF(AND(N(L14)>=Rules!$B$6,ISNUMBER(N14)),IF(AND(N14>=Rules!$B$10,N14<=Rules!$B$11),"Yes","No"),"No")) | W14: =IF(A14="","",IF(I14<>"","Yes","No")) | X14: =IF(I14="","",IF(SUMIFS($K$3:$K$2002,$A$3:$A$2002,SUBSTITUTE(SUBSTITUTE(I14,"?","~?"),"*","~*"))>N(K14),"Yes","No")) | Y14: =IF(A14="","",IF(N(S14)>0,"Yes","No")) | Z14: =IF(A14="","",IF(AND(N(K14)<Rules!$B$5,N(L14)<Rules!$B$6,N(Q14)<Rules!$B$13,Y14="No"),"Yes","No")) | AA14: =IF(A14="","",IF(LEFT(C14&"",1)="3","Redirect",IF(OR(LEFT(C14&"",1)="4",LEFT(C14&"",1)="5"),IF(OR(N(K14)>0,N(AC14)>=Rules!$B$14),"Redirect","Prune"),IF(D14="Non-Indexable","Keep",IF(AND(W14="Yes",X14="Yes",Y14="No"),"Merge",IF(OR(U14="Yes",V14="Yes",AND(T14="Yes",N(L14)>=Rules!$B$6)),"Update",IF(Z14="Yes",IF(N(AC14)>=Rules!$B$14,"Redirect","Prune"),"Keep"))))))) | AB14: =IF(A14="","",IF(LEFT(C14&"",1)="3","Already redirects ("&C14&"). Update internal links to point at the final URL.",IF(OR(LEFT(C14&"",1)="4",LEFT(C14&"",1)="5"),IF(AA14="Redirect","Returns "&C14&" but still has "&N(K14)&" clicks and "&N(AC14)&" referring domains. 301 it to the closest live page.","Returns "&C14&" with no clicks or links. Remove internal links and let it 404 or 410."),IF(D14="Non-Indexable","Non-indexable ("&E14&"). Keep if that is intentional; otherwise fix the canonical or noindex.",IF(AA14="Merge","Overlaps with "&I14&IF(N(J14)>0," (similarity "&TEXT(J14,"0.00")&")","")&", which gets more clicks. Merge the useful parts into it and 301 this URL.",IF(AA14="Update",MID(IF(U14="Yes","; Clicks down "&TEXT(-P14,"0%")&" on the previous period","")&IF(V14="Yes","; Average position "&TEXT(N14,"0.0")&" on "&TEXT(L14,"#,##0")&" impressions (striking distance)","")&IF(AND(T14="Yes",N(L14)>=Rules!$B$6),"; Thin ("&F14&" words) but has search demand",""),3,400),IF(AA14="Prune","Low value: "&N(K14)&" clicks, "&N(L14)&" impressions, "&N(Q14)&" sessions, no key events. Remove or noindex it and update internal links.",IF(AA14="Redirect","Low value but "&N(AC14)&" referring domains. 301 it to the closest relevant page to keep those links.",IF(AND(Z14="No",Y14="Yes",N(K14)<Rules!$B$5),"Low search traffic but it converts (key events: "&S14&"). Keep it and link to it.",IF(W14="Yes","Stronger than the page it overlaps ("&I14&"). Keep; merge that page into this one.","Healthy: "&N(K14)&" clicks"&IF(ISNUMBER(N14),", average position "&TEXT(N14,"0.0"),"")&". Keep and monitor.")))))))))) | AE14: =IF(A14="","",IF(AD14<>"",AD14,AA14))
A15: =IF(Crawl!A14="","",Crawl!A14) | B15: =IF(A15="","",Crawl!EC14) | C15: =IF(A15="","",IFERROR(INDEX(Crawl!$A14:$DZ14,1,Rules!$H$6),"")) | D15: =IF(A15="","",IFERROR(INDEX(Crawl!$A14:$DZ14,1,Rules!$H$7),"")&"") | E15: =IF(A15="","",IFERROR(INDEX(Crawl!$A14:$DZ14,1,Rules!$H$8),"")&"") | F15: =IF(A15="","",IFERROR(INDEX(Crawl!$A14:$DZ14,1,Rules!$H$9),"")) | G15: =IF(A15="","",IFERROR(INDEX(Crawl!$A14:$DZ14,1,Rules!$H$10),"")) | H15: =IF(A15="","",IFERROR(INDEX(Crawl!$A14:$DZ14,1,Rules!$H$12),"")) | I15: =IF(A15="","",IF(AND(N(H15)>0,IFERROR(INDEX(Crawl!$A14:$DZ14,1,Rules!$H$11),"")&""<>""),IFERROR(INDEX(Crawl!$A14:$DZ14,1,Rules!$H$11),"")&"",IF(AND(ISNUMBER(J15),N(J15)>=Rules!$B$12,IFERROR(INDEX(Crawl!$A14:$DZ14,1,Rules!$H$13),"")&""<>""),IFERROR(INDEX(Crawl!$A14:$DZ14,1,Rules!$H$13),"")&"",""))) | J15: =IF(A15="","",IF(IFERROR(INDEX(Crawl!$A14:$DZ14,1,Rules!$H$14),"")&""="","",IFERROR(INDEX(Crawl!$A14:$DZ14,1,Rules!$H$14),""))) | K15: =IF(A15="","",IFERROR(SUMIFS('GSC current'!$J$2:$J$2001,'GSC current'!$I$2:$I$2001,B15),0)) | L15: =IF(A15="","",IFERROR(SUMIFS('GSC current'!$K$2:$K$2001,'GSC current'!$I$2:$I$2001,B15),0)) | M15: =IF(A15="","",IF(N(L15)>0,K15/L15,"")) | N15: =IF(A15="","",IF(N(L15)>0,SUMIFS('GSC current'!$L$2:$L$2001,'GSC current'!$I$2:$I$2001,B15)/L15,"")) | O15: =IF(A15="","",IFERROR(SUMIFS('GSC previous'!$J$2:$J$2001,'GSC previous'!$I$2:$I$2001,B15),0)) | P15: =IF(A15="","",IF(N(O15)>0,(K15-O15)/O15,"")) | Q15: =IF(A15="","",IFERROR(SUMIFS(GA4!$P$2:$P$2001,GA4!$O$2:$O$2001,B15),0)) | R15: =IF(A15="","",IF(N(Q15)>0,SUMIFS(GA4!$Q$2:$Q$2001,GA4!$O$2:$O$2001,B15)/Q15,"")) | S15: =IF(A15="","",IFERROR(SUMIFS(GA4!$R$2:$R$2001,GA4!$O$2:$O$2001,B15),0)) | T15: =IF(A15="","",IF(AND(ISNUMBER(F15),LEFT(C15&"",1)="2"),IF(F15<Rules!$B$9,"Yes","No"),"No")) | U15: =IF(A15="","",IF(AND(N(O15)>=Rules!$B$8,ISNUMBER(P15)),IF(P15<=-Rules!$B$7,"Yes","No"),"No")) | V15: =IF(A15="","",IF(AND(N(L15)>=Rules!$B$6,ISNUMBER(N15)),IF(AND(N15>=Rules!$B$10,N15<=Rules!$B$11),"Yes","No"),"No")) | W15: =IF(A15="","",IF(I15<>"","Yes","No")) | X15: =IF(I15="","",IF(SUMIFS($K$3:$K$2002,$A$3:$A$2002,SUBSTITUTE(SUBSTITUTE(I15,"?","~?"),"*","~*"))>N(K15),"Yes","No")) | Y15: =IF(A15="","",IF(N(S15)>0,"Yes","No")) | Z15: =IF(A15="","",IF(AND(N(K15)<Rules!$B$5,N(L15)<Rules!$B$6,N(Q15)<Rules!$B$13,Y15="No"),"Yes","No")) | AA15: =IF(A15="","",IF(LEFT(C15&"",1)="3","Redirect",IF(OR(LEFT(C15&"",1)="4",LEFT(C15&"",1)="5"),IF(OR(N(K15)>0,N(AC15)>=Rules!$B$14),"Redirect","Prune"),IF(D15="Non-Indexable","Keep",IF(AND(W15="Yes",X15="Yes",Y15="No"),"Merge",IF(OR(U15="Yes",V15="Yes",AND(T15="Yes",N(L15)>=Rules!$B$6)),"Update",IF(Z15="Yes",IF(N(AC15)>=Rules!$B$14,"Redirect","Prune"),"Keep"))))))) | AB15: =IF(A15="","",IF(LEFT(C15&"",1)="3","Already redirects ("&C15&"). Update internal links to point at the final URL.",IF(OR(LEFT(C15&"",1)="4",LEFT(C15&"",1)="5"),IF(AA15="Redirect","Returns "&C15&" but still has "&N(K15)&" clicks and "&N(AC15)&" referring domains. 301 it to the closest live page.","Returns "&C15&" with no clicks or links. Remove internal links and let it 404 or 410."),IF(D15="Non-Indexable","Non-indexable ("&E15&"). Keep if that is intentional; otherwise fix the canonical or noindex.",IF(AA15="Merge","Overlaps with "&I15&IF(N(J15)>0," (similarity "&TEXT(J15,"0.00")&")","")&", which gets more clicks. Merge the useful parts into it and 301 this URL.",IF(AA15="Update",MID(IF(U15="Yes","; Clicks down "&TEXT(-P15,"0%")&" on the previous period","")&IF(V15="Yes","; Average position "&TEXT(N15,"0.0")&" on "&TEXT(L15,"#,##0")&" impressions (striking distance)","")&IF(AND(T15="Yes",N(L15)>=Rules!$B$6),"; Thin ("&F15&" words) but has search demand",""),3,400),IF(AA15="Prune","Low value: "&N(K15)&" clicks, "&N(L15)&" impressions, "&N(Q15)&" sessions, no key events. Remove or noindex it and update internal links.",IF(AA15="Redirect","Low value but "&N(AC15)&" referring domains. 301 it to the closest relevant page to keep those links.",IF(AND(Z15="No",Y15="Yes",N(K15)<Rules!$B$5),"Low search traffic but it converts (key events: "&S15&"). Keep it and link to it.",IF(W15="Yes","Stronger than the page it overlaps ("&I15&"). Keep; merge that page into this one.","Healthy: "&N(K15)&" clicks"&IF(ISNUMBER(N15),", average position "&TEXT(N15,"0.0"),"")&". Keep and monitor.")))))))))) | AE15: =IF(A15="","",IF(AD15<>"",AD15,AA15))
A16: =IF(Crawl!A15="","",Crawl!A15) | B16: =IF(A16="","",Crawl!EC15) | C16: =IF(A16="","",IFERROR(INDEX(Crawl!$A15:$DZ15,1,Rules!$H$6),"")) | D16: =IF(A16="","",IFERROR(INDEX(Crawl!$A15:$DZ15,1,Rules!$H$7),"")&"") | E16: =IF(A16="","",IFERROR(INDEX(Crawl!$A15:$DZ15,1,Rules!$H$8),"")&"") | F16: =IF(A16="","",IFERROR(INDEX(Crawl!$A15:$DZ15,1,Rules!$H$9),"")) | G16: =IF(A16="","",IFERROR(INDEX(Crawl!$A15:$DZ15,1,Rules!$H$10),"")) | H16: =IF(A16="","",IFERROR(INDEX(Crawl!$A15:$DZ15,1,Rules!$H$12),"")) | I16: =IF(A16="","",IF(AND(N(H16)>0,IFERROR(INDEX(Crawl!$A15:$DZ15,1,Rules!$H$11),"")&""<>""),IFERROR(INDEX(Crawl!$A15:$DZ15,1,Rules!$H$11),"")&"",IF(AND(ISNUMBER(J16),N(J16)>=Rules!$B$12,IFERROR(INDEX(Crawl!$A15:$DZ15,1,Rules!$H$13),"")&""<>""),IFERROR(INDEX(Crawl!$A15:$DZ15,1,Rules!$H$13),"")&"",""))) | J16: =IF(A16="","",IF(IFERROR(INDEX(Crawl!$A15:$DZ15,1,Rules!$H$14),"")&""="","",IFERROR(INDEX(Crawl!$A15:$DZ15,1,Rules!$H$14),""))) | K16: =IF(A16="","",IFERROR(SUMIFS('GSC current'!$J$2:$J$2001,'GSC current'!$I$2:$I$2001,B16),0)) | L16: =IF(A16="","",IFERROR(SUMIFS('GSC current'!$K$2:$K$2001,'GSC current'!$I$2:$I$2001,B16),0)) | M16: =IF(A16="","",IF(N(L16)>0,K16/L16,"")) | N16: =IF(A16="","",IF(N(L16)>0,SUMIFS('GSC current'!$L$2:$L$2001,'GSC current'!$I$2:$I$2001,B16)/L16,"")) | O16: =IF(A16="","",IFERROR(SUMIFS('GSC previous'!$J$2:$J$2001,'GSC previous'!$I$2:$I$2001,B16),0)) | P16: =IF(A16="","",IF(N(O16)>0,(K16-O16)/O16,"")) | Q16: =IF(A16="","",IFERROR(SUMIFS(GA4!$P$2:$P$2001,GA4!$O$2:$O$2001,B16),0)) | R16: =IF(A16="","",IF(N(Q16)>0,SUMIFS(GA4!$Q$2:$Q$2001,GA4!$O$2:$O$2001,B16)/Q16,"")) | S16: =IF(A16="","",IFERROR(SUMIFS(GA4!$R$2:$R$2001,GA4!$O$2:$O$2001,B16),0)) | T16: =IF(A16="","",IF(AND(ISNUMBER(F16),LEFT(C16&"",1)="2"),IF(F16<Rules!$B$9,"Yes","No"),"No")) | U16: =IF(A16="","",IF(AND(N(O16)>=Rules!$B$8,ISNUMBER(P16)),IF(P16<=-Rules!$B$7,"Yes","No"),"No")) | V16: =IF(A16="","",IF(AND(N(L16)>=Rules!$B$6,ISNUMBER(N16)),IF(AND(N16>=Rules!$B$10,N16<=Rules!$B$11),"Yes","No"),"No")) | W16: =IF(A16="","",IF(I16<>"","Yes","No")) | X16: =IF(I16="","",IF(SUMIFS($K$3:$K$2002,$A$3:$A$2002,SUBSTITUTE(SUBSTITUTE(I16,"?","~?"),"*","~*"))>N(K16),"Yes","No")) | Y16: =IF(A16="","",IF(N(S16)>0,"Yes","No")) | Z16: =IF(A16="","",IF(AND(N(K16)<Rules!$B$5,N(L16)<Rules!$B$6,N(Q16)<Rules!$B$13,Y16="No"),"Yes","No")) | AA16: =IF(A16="","",IF(LEFT(C16&"",1)="3","Redirect",IF(OR(LEFT(C16&"",1)="4",LEFT(C16&"",1)="5"),IF(OR(N(K16)>0,N(AC16)>=Rules!$B$14),"Redirect","Prune"),IF(D16="Non-Indexable","Keep",IF(AND(W16="Yes",X16="Yes",Y16="No"),"Merge",IF(OR(U16="Yes",V16="Yes",AND(T16="Yes",N(L16)>=Rules!$B$6)),"Update",IF(Z16="Yes",IF(N(AC16)>=Rules!$B$14,"Redirect","Prune"),"Keep"))))))) | AB16: =IF(A16="","",IF(LEFT(C16&"",1)="3","Already redirects ("&C16&"). Update internal links to point at the final URL.",IF(OR(LEFT(C16&"",1)="4",LEFT(C16&"",1)="5"),IF(AA16="Redirect","Returns "&C16&" but still has "&N(K16)&" clicks and "&N(AC16)&" referring domains. 301 it to the closest live page.","Returns "&C16&" with no clicks or links. Remove internal links and let it 404 or 410."),IF(D16="Non-Indexable","Non-indexable ("&E16&"). Keep if that is intentional; otherwise fix the canonical or noindex.",IF(AA16="Merge","Overlaps with "&I16&IF(N(J16)>0," (similarity "&TEXT(J16,"0.00")&")","")&", which gets more clicks. Merge the useful parts into it and 301 this URL.",IF(AA16="Update",MID(IF(U16="Yes","; Clicks down "&TEXT(-P16,"0%")&" on the previous period","")&IF(V16="Yes","; Average position "&TEXT(N16,"0.0")&" on "&TEXT(L16,"#,##0")&" impressions (striking distance)","")&IF(AND(T16="Yes",N(L16)>=Rules!$B$6),"; Thin ("&F16&" words) but has search demand",""),3,400),IF(AA16="Prune","Low value: "&N(K16)&" clicks, "&N(L16)&" impressions, "&N(Q16)&" sessions, no key events. Remove or noindex it and update internal links.",IF(AA16="Redirect","Low value but "&N(AC16)&" referring domains. 301 it to the closest relevant page to keep those links.",IF(AND(Z16="No",Y16="Yes",N(K16)<Rules!$B$5),"Low search traffic but it converts (key events: "&S16&"). Keep it and link to it.",IF(W16="Yes","Stronger than the page it overlaps ("&I16&"). Keep; merge that page into this one.","Healthy: "&N(K16)&" clicks"&IF(ISNUMBER(N16),", average position "&TEXT(N16,"0.0"),"")&". Keep and monitor.")))))))))) | AC16: 4 | AE16: =IF(A16="","",IF(AD16<>"",AD16,AA16))
A17: =IF(Crawl!A16="","",Crawl!A16) | B17: =IF(A17="","",Crawl!EC16) | C17: =IF(A17="","",IFERROR(INDEX(Crawl!$A16:$DZ16,1,Rules!$H$6),"")) | D17: =IF(A17="","",IFERROR(INDEX(Crawl!$A16:$DZ16,1,Rules!$H$7),"")&"") | E17: =IF(A17="","",IFERROR(INDEX(Crawl!$A16:$DZ16,1,Rules!$H$8),"")&"") | F17: =IF(A17="","",IFERROR(INDEX(Crawl!$A16:$DZ16,1,Rules!$H$9),"")) | G17: =IF(A17="","",IFERROR(INDEX(Crawl!$A16:$DZ16,1,Rules!$H$10),"")) | H17: =IF(A17="","",IFERROR(INDEX(Crawl!$A16:$DZ16,1,Rules!$H$12),"")) | I17: =IF(A17="","",IF(AND(N(H17)>0,IFERROR(INDEX(Crawl!$A16:$DZ16,1,Rules!$H$11),"")&""<>""),IFERROR(INDEX(Crawl!$A16:$DZ16,1,Rules!$H$11),"")&"",IF(AND(ISNUMBER(J17),N(J17)>=Rules!$B$12,IFERROR(INDEX(Crawl!$A16:$DZ16,1,Rules!$H$13),"")&""<>""),IFERROR(INDEX(Crawl!$A16:$DZ16,1,Rules!$H$13),"")&"",""))) | J17: =IF(A17="","",IF(IFERROR(INDEX(Crawl!$A16:$DZ16,1,Rules!$H$14),"")&""="","",IFERROR(INDEX(Crawl!$A16:$DZ16,1,Rules!$H$14),""))) | K17: =IF(A17="","",IFERROR(SUMIFS('GSC current'!$J$2:$J$2001,'GSC current'!$I$2:$I$2001,B17),0)) | L17: =IF(A17="","",IFERROR(SUMIFS('GSC current'!$K$2:$K$2001,'GSC current'!$I$2:$I$2001,B17),0)) | M17: =IF(A17="","",IF(N(L17)>0,K17/L17,"")) | N17: =IF(A17="","",IF(N(L17)>0,SUMIFS('GSC current'!$L$2:$L$2001,'GSC current'!$I$2:$I$2001,B17)/L17,"")) | O17: =IF(A17="","",IFERROR(SUMIFS('GSC previous'!$J$2:$J$2001,'GSC previous'!$I$2:$I$2001,B17),0)) | P17: =IF(A17="","",IF(N(O17)>0,(K17-O17)/O17,"")) | Q17: =IF(A17="","",IFERROR(SUMIFS(GA4!$P$2:$P$2001,GA4!$O$2:$O$2001,B17),0)) | R17: =IF(A17="","",IF(N(Q17)>0,SUMIFS(GA4!$Q$2:$Q$2001,GA4!$O$2:$O$2001,B17)/Q17,"")) | S17: =IF(A17="","",IFERROR(SUMIFS(GA4!$R$2:$R$2001,GA4!$O$2:$O$2001,B17),0)) | T17: =IF(A17="","",IF(AND(ISNUMBER(F17),LEFT(C17&"",1)="2"),IF(F17<Rules!$B$9,"Yes","No"),"No")) | U17: =IF(A17="","",IF(AND(N(O17)>=Rules!$B$8,ISNUMBER(P17)),IF(P17<=-Rules!$B$7,"Yes","No"),"No")) | V17: =IF(A17="","",IF(AND(N(L17)>=Rules!$B$6,ISNUMBER(N17)),IF(AND(N17>=Rules!$B$10,N17<=Rules!$B$11),"Yes","No"),"No")) | W17: =IF(A17="","",IF(I17<>"","Yes","No")) | X17: =IF(I17="","",IF(SUMIFS($K$3:$K$2002,$A$3:$A$2002,SUBSTITUTE(SUBSTITUTE(I17,"?","~?"),"*","~*"))>N(K17),"Yes","No")) | Y17: =IF(A17="","",IF(N(S17)>0,"Yes","No")) | Z17: =IF(A17="","",IF(AND(N(K17)<Rules!$B$5,N(L17)<Rules!$B$6,N(Q17)<Rules!$B$13,Y17="No"),"Yes","No")) | AA17: =IF(A17="","",IF(LEFT(C17&"",1)="3","Redirect",IF(OR(LEFT(C17&"",1)="4",LEFT(C17&"",1)="5"),IF(OR(N(K17)>0,N(AC17)>=Rules!$B$14),"Redirect","Prune"),IF(D17="Non-Indexable","Keep",IF(AND(W17="Yes",X17="Yes",Y17="No"),"Merge",IF(OR(U17="Yes",V17="Yes",AND(T17="Yes",N(L17)>=Rules!$B$6)),"Update",IF(Z17="Yes",IF(N(AC17)>=Rules!$B$14,"Redirect","Prune"),"Keep"))))))) | AB17: =IF(A17="","",IF(LEFT(C17&"",1)="3","Already redirects ("&C17&"). Update internal links to point at the final URL.",IF(OR(LEFT(C17&"",1)="4",LEFT(C17&"",1)="5"),IF(AA17="Redirect","Returns "&C17&" but still has "&N(K17)&" clicks and "&N(AC17)&" referring domains. 301 it to the closest live page.","Returns "&C17&" with no clicks or links. Remove internal links and let it 404 or 410."),IF(D17="Non-Indexable","Non-indexable ("&E17&"). Keep if that is intentional; otherwise fix the canonical or noindex.",IF(AA17="Merge","Overlaps with "&I17&IF(N(J17)>0," (similarity "&TEXT(J17,"0.00")&")","")&", which gets more clicks. Merge the useful parts into it and 301 this URL.",IF(AA17="Update",MID(IF(U17="Yes","; Clicks down "&TEXT(-P17,"0%")&" on the previous period","")&IF(V17="Yes","; Average position "&TEXT(N17,"0.0")&" on "&TEXT(L17,"#,##0")&" impressions (striking distance)","")&IF(AND(T17="Yes",N(L17)>=Rules!$B$6),"; Thin ("&F17&" words) but has search demand",""),3,400),IF(AA17="Prune","Low value: "&N(K17)&" clicks, "&N(L17)&" impressions, "&N(Q17)&" sessions, no key events. Remove or noindex it and update internal links.",IF(AA17="Redirect","Low value but "&N(AC17)&" referring domains. 301 it to the closest relevant page to keep those links.",IF(AND(Z17="No",Y17="Yes",N(K17)<Rules!$B$5),"Low search traffic but it converts (key events: "&S17&"). Keep it and link to it.",IF(W17="Yes","Stronger than the page it overlaps ("&I17&"). Keep; merge that page into this one.","Healthy: "&N(K17)&" clicks"&IF(ISNUMBER(N17),", average position "&TEXT(N17,"0.0"),"")&". Keep and monitor.")))))))))) | AE17: =IF(A17="","",IF(AD17<>"",AD17,AA17))
A18: =IF(Crawl!A17="","",Crawl!A17) | B18: =IF(A18="","",Crawl!EC17) | C18: =IF(A18="","",IFERROR(INDEX(Crawl!$A17:$DZ17,1,Rules!$H$6),"")) | D18: =IF(A18="","",IFERROR(INDEX(Crawl!$A17:$DZ17,1,Rules!$H$7),"")&"") | E18: =IF(A18="","",IFERROR(INDEX(Crawl!$A17:$DZ17,1,Rules!$H$8),"")&"") | F18: =IF(A18="","",IFERROR(INDEX(Crawl!$A17:$DZ17,1,Rules!$H$9),"")) | G18: =IF(A18="","",IFERROR(INDEX(Crawl!$A17:$DZ17,1,Rules!$H$10),"")) | H18: =IF(A18="","",IFERROR(INDEX(Crawl!$A17:$DZ17,1,Rules!$H$12),"")) | I18: =IF(A18="","",IF(AND(N(H18)>0,IFERROR(INDEX(Crawl!$A17:$DZ17,1,Rules!$H$11),"")&""<>""),IFERROR(INDEX(Crawl!$A17:$DZ17,1,Rules!$H$11),"")&"",IF(AND(ISNUMBER(J18),N(J18)>=Rules!$B$12,IFERROR(INDEX(Crawl!$A17:$DZ17,1,Rules!$H$13),"")&""<>""),IFERROR(INDEX(Crawl!$A17:$DZ17,1,Rules!$H$13),"")&"",""))) | J18: =IF(A18="","",IF(IFERROR(INDEX(Crawl!$A17:$DZ17,1,Rules!$H$14),"")&""="","",IFERROR(INDEX(Crawl!$A17:$DZ17,1,Rules!$H$14),""))) | K18: =IF(A18="","",IFERROR(SUMIFS('GSC current'!$J$2:$J$2001,'GSC current'!$I$2:$I$2001,B18),0)) | L18: =IF(A18="","",IFERROR(SUMIFS('GSC current'!$K$2:$K$2001,'GSC current'!$I$2:$I$2001,B18),0)) | M18: =IF(A18="","",IF(N(L18)>0,K18/L18,"")) | N18: =IF(A18="","",IF(N(L18)>0,SUMIFS('GSC current'!$L$2:$L$2001,'GSC current'!$I$2:$I$2001,B18)/L18,"")) | O18: =IF(A18="","",IFERROR(SUMIFS('GSC previous'!$J$2:$J$2001,'GSC previous'!$I$2:$I$2001,B18),0)) | P18: =IF(A18="","",IF(N(O18)>0,(K18-O18)/O18,"")) | Q18: =IF(A18="","",IFERROR(SUMIFS(GA4!$P$2:$P$2001,GA4!$O$2:$O$2001,B18),0)) | R18: =IF(A18="","",IF(N(Q18)>0,SUMIFS(GA4!$Q$2:$Q$2001,GA4!$O$2:$O$2001,B18)/Q18,"")) | S18: =IF(A18="","",IFERROR(SUMIFS(GA4!$R$2:$R$2001,GA4!$O$2:$O$2001,B18),0)) | T18: =IF(A18="","",IF(AND(ISNUMBER(F18),LEFT(C18&"",1)="2"),IF(F18<Rules!$B$9,"Yes","No"),"No")) | U18: =IF(A18="","",IF(AND(N(O18)>=Rules!$B$8,ISNUMBER(P18)),IF(P18<=-Rules!$B$7,"Yes","No"),"No")) | V18: =IF(A18="","",IF(AND(N(L18)>=Rules!$B$6,ISNUMBER(N18)),IF(AND(N18>=Rules!$B$10,N18<=Rules!$B$11),"Yes","No"),"No")) | W18: =IF(A18="","",IF(I18<>"","Yes","No")) | X18: =IF(I18="","",IF(SUMIFS($K$3:$K$2002,$A$3:$A$2002,SUBSTITUTE(SUBSTITUTE(I18,"?","~?"),"*","~*"))>N(K18),"Yes","No")) | Y18: =IF(A18="","",IF(N(S18)>0,"Yes","No")) | Z18: =IF(A18="","",IF(AND(N(K18)<Rules!$B$5,N(L18)<Rules!$B$6,N(Q18)<Rules!$B$13,Y18="No"),"Yes","No")) | AA18: =IF(A18="","",IF(LEFT(C18&"",1)="3","Redirect",IF(OR(LEFT(C18&"",1)="4",LEFT(C18&"",1)="5"),IF(OR(N(K18)>0,N(AC18)>=Rules!$B$14),"Redirect","Prune"),IF(D18="Non-Indexable","Keep",IF(AND(W18="Yes",X18="Yes",Y18="No"),"Merge",IF(OR(U18="Yes",V18="Yes",AND(T18="Yes",N(L18)>=Rules!$B$6)),"Update",IF(Z18="Yes",IF(N(AC18)>=Rules!$B$14,"Redirect","Prune"),"Keep"))))))) | AB18: =IF(A18="","",IF(LEFT(C18&"",1)="3","Already redirects ("&C18&"). Update internal links to point at the final URL.",IF(OR(LEFT(C18&"",1)="4",LEFT(C18&"",1)="5"),IF(AA18="Redirect","Returns "&C18&" but still has "&N(K18)&" clicks and "&N(AC18)&" referring domains. 301 it to the closest live page.","Returns "&C18&" with no clicks or links. Remove internal links and let it 404 or 410."),IF(D18="Non-Indexable","Non-indexable ("&E18&"). Keep if that is intentional; otherwise fix the canonical or noindex.",IF(AA18="Merge","Overlaps with "&I18&IF(N(J18)>0," (similarity "&TEXT(J18,"0.00")&")","")&", which gets more clicks. Merge the useful parts into it and 301 this URL.",IF(AA18="Update",MID(IF(U18="Yes","; Clicks down "&TEXT(-P18,"0%")&" on the previous period","")&IF(V18="Yes","; Average position "&TEXT(N18,"0.0")&" on "&TEXT(L18,"#,##0")&" impressions (striking distance)","")&IF(AND(T18="Yes",N(L18)>=Rules!$B$6),"; Thin ("&F18&" words) but has search demand",""),3,400),IF(AA18="Prune","Low value: "&N(K18)&" clicks, "&N(L18)&" impressions, "&N(Q18)&" sessions, no key events. Remove or noindex it and update internal links.",IF(AA18="Redirect","Low value but "&N(AC18)&" referring domains. 301 it to the closest relevant page to keep those links.",IF(AND(Z18="No",Y18="Yes",N(K18)<Rules!$B$5),"Low search traffic but it converts (key events: "&S18&"). Keep it and link to it.",IF(W18="Yes","Stronger than the page it overlaps ("&I18&"). Keep; merge that page into this one.","Healthy: "&N(K18)&" clicks"&IF(ISNUMBER(N18),", average position "&TEXT(N18,"0.0"),"")&". Keep and monitor.")))))))))) | AE18: =IF(A18="","",IF(AD18<>"",AD18,AA18))
A19: =IF(Crawl!A18="","",Crawl!A18) | B19: =IF(A19="","",Crawl!EC18) | C19: =IF(A19="","",IFERROR(INDEX(Crawl!$A18:$DZ18,1,Rules!$H$6),"")) | D19: =IF(A19="","",IFERROR(INDEX(Crawl!$A18:$DZ18,1,Rules!$H$7),"")&"") | E19: =IF(A19="","",IFERROR(INDEX(Crawl!$A18:$DZ18,1,Rules!$H$8),"")&"") | F19: =IF(A19="","",IFERROR(INDEX(Crawl!$A18:$DZ18,1,Rules!$H$9),"")) | G19: =IF(A19="","",IFERROR(INDEX(Crawl!$A18:$DZ18,1,Rules!$H$10),"")) | H19: =IF(A19="","",IFERROR(INDEX(Crawl!$A18:$DZ18,1,Rules!$H$12),"")) | I19: =IF(A19="","",IF(AND(N(H19)>0,IFERROR(INDEX(Crawl!$A18:$DZ18,1,Rules!$H$11),"")&""<>""),IFERROR(INDEX(Crawl!$A18:$DZ18,1,Rules!$H$11),"")&"",IF(AND(ISNUMBER(J19),N(J19)>=Rules!$B$12,IFERROR(INDEX(Crawl!$A18:$DZ18,1,Rules!$H$13),"")&""<>""),IFERROR(INDEX(Crawl!$A18:$DZ18,1,Rules!$H$13),"")&"",""))) | J19: =IF(A19="","",IF(IFERROR(INDEX(Crawl!$A18:$DZ18,1,Rules!$H$14),"")&""="","",IFERROR(INDEX(Crawl!$A18:$DZ18,1,Rules!$H$14),""))) | K19: =IF(A19="","",IFERROR(SUMIFS('GSC current'!$J$2:$J$2001,'GSC current'!$I$2:$I$2001,B19),0)) | L19: =IF(A19="","",IFERROR(SUMIFS('GSC current'!$K$2:$K$2001,'GSC current'!$I$2:$I$2001,B19),0)) | M19: =IF(A19="","",IF(N(L19)>0,K19/L19,"")) | N19: =IF(A19="","",IF(N(L19)>0,SUMIFS('GSC current'!$L$2:$L$2001,'GSC current'!$I$2:$I$2001,B19)/L19,"")) | O19: =IF(A19="","",IFERROR(SUMIFS('GSC previous'!$J$2:$J$2001,'GSC previous'!$I$2:$I$2001,B19),0)) | P19: =IF(A19="","",IF(N(O19)>0,(K19-O19)/O19,"")) | Q19: =IF(A19="","",IFERROR(SUMIFS(GA4!$P$2:$P$2001,GA4!$O$2:$O$2001,B19),0)) | R19: =IF(A19="","",IF(N(Q19)>0,SUMIFS(GA4!$Q$2:$Q$2001,GA4!$O$2:$O$2001,B19)/Q19,"")) | S19: =IF(A19="","",IFERROR(SUMIFS(GA4!$R$2:$R$2001,GA4!$O$2:$O$2001,B19),0)) | T19: =IF(A19="","",IF(AND(ISNUMBER(F19),LEFT(C19&"",1)="2"),IF(F19<Rules!$B$9,"Yes","No"),"No")) | U19: =IF(A19="","",IF(AND(N(O19)>=Rules!$B$8,ISNUMBER(P19)),IF(P19<=-Rules!$B$7,"Yes","No"),"No")) | V19: =IF(A19="","",IF(AND(N(L19)>=Rules!$B$6,ISNUMBER(N19)),IF(AND(N19>=Rules!$B$10,N19<=Rules!$B$11),"Yes","No"),"No")) | W19: =IF(A19="","",IF(I19<>"","Yes","No")) | X19: =IF(I19="","",IF(SUMIFS($K$3:$K$2002,$A$3:$A$2002,SUBSTITUTE(SUBSTITUTE(I19,"?","~?"),"*","~*"))>N(K19),"Yes","No")) | Y19: =IF(A19="","",IF(N(S19)>0,"Yes","No")) | Z19: =IF(A19="","",IF(AND(N(K19)<Rules!$B$5,N(L19)<Rules!$B$6,N(Q19)<Rules!$B$13,Y19="No"),"Yes","No")) | AA19: =IF(A19="","",IF(LEFT(C19&"",1)="3","Redirect",IF(OR(LEFT(C19&"",1)="4",LEFT(C19&"",1)="5"),IF(OR(N(K19)>0,N(AC19)>=Rules!$B$14),"Redirect","Prune"),IF(D19="Non-Indexable","Keep",IF(AND(W19="Yes",X19="Yes",Y19="No"),"Merge",IF(OR(U19="Yes",V19="Yes",AND(T19="Yes",N(L19)>=Rules!$B$6)),"Update",IF(Z19="Yes",IF(N(AC19)>=Rules!$B$14,"Redirect","Prune"),"Keep"))))))) | AB19: =IF(A19="","",IF(LEFT(C19&"",1)="3","Already redirects ("&C19&"). Update internal links to point at the final URL.",IF(OR(LEFT(C19&"",1)="4",LEFT(C19&"",1)="5"),IF(AA19="Redirect","Returns "&C19&" but still has "&N(K19)&" clicks and "&N(AC19)&" referring domains. 301 it to the closest live page.","Returns "&C19&" with no clicks or links. Remove internal links and let it 404 or 410."),IF(D19="Non-Indexable","Non-indexable ("&E19&"). Keep if that is intentional; otherwise fix the canonical or noindex.",IF(AA19="Merge","Overlaps with "&I19&IF(N(J19)>0," (similarity "&TEXT(J19,"0.00")&")","")&", which gets more clicks. Merge the useful parts into it and 301 this URL.",IF(AA19="Update",MID(IF(U19="Yes","; Clicks down "&TEXT(-P19,"0%")&" on the previous period","")&IF(V19="Yes","; Average position "&TEXT(N19,"0.0")&" on "&TEXT(L19,"#,##0")&" impressions (striking distance)","")&IF(AND(T19="Yes",N(L19)>=Rules!$B$6),"; Thin ("&F19&" words) but has search demand",""),3,400),IF(AA19="Prune","Low value: "&N(K19)&" clicks, "&N(L19)&" impressions, "&N(Q19)&" sessions, no key events. Remove or noindex it and update internal links.",IF(AA19="Redirect","Low value but "&N(AC19)&" referring domains. 301 it to the closest relevant page to keep those links.",IF(AND(Z19="No",Y19="Yes",N(K19)<Rules!$B$5),"Low search traffic but it converts (key events: "&S19&"). Keep it and link to it.",IF(W19="Yes","Stronger than the page it overlaps ("&I19&"). Keep; merge that page into this one.","Healthy: "&N(K19)&" clicks"&IF(ISNUMBER(N19),", average position "&TEXT(N19,"0.0"),"")&". Keep and monitor.")))))))))) | AE19: =IF(A19="","",IF(AD19<>"",AD19,AA19))
A20: =IF(Crawl!A19="","",Crawl!A19) | B20: =IF(A20="","",Crawl!EC19) | C20: =IF(A20="","",IFERROR(INDEX(Crawl!$A19:$DZ19,1,Rules!$H$6),"")) | D20: =IF(A20="","",IFERROR(INDEX(Crawl!$A19:$DZ19,1,Rules!$H$7),"")&"") | E20: =IF(A20="","",IFERROR(INDEX(Crawl!$A19:$DZ19,1,Rules!$H$8),"")&"") | F20: =IF(A20="","",IFERROR(INDEX(Crawl!$A19:$DZ19,1,Rules!$H$9),"")) | G20: =IF(A20="","",IFERROR(INDEX(Crawl!$A19:$DZ19,1,Rules!$H$10),"")) | H20: =IF(A20="","",IFERROR(INDEX(Crawl!$A19:$DZ19,1,Rules!$H$12),"")) | I20: =IF(A20="","",IF(AND(N(H20)>0,IFERROR(INDEX(Crawl!$A19:$DZ19,1,Rules!$H$11),"")&""<>""),IFERROR(INDEX(Crawl!$A19:$DZ19,1,Rules!$H$11),"")&"",IF(AND(ISNUMBER(J20),N(J20)>=Rules!$B$12,IFERROR(INDEX(Crawl!$A19:$DZ19,1,Rules!$H$13),"")&""<>""),IFERROR(INDEX(Crawl!$A19:$DZ19,1,Rules!$H$13),"")&"",""))) | J20: =IF(A20="","",IF(IFERROR(INDEX(Crawl!$A19:$DZ19,1,Rules!$H$14),"")&""="","",IFERROR(INDEX(Crawl!$A19:$DZ19,1,Rules!$H$14),""))) | K20: =IF(A20="","",IFERROR(SUMIFS('GSC current'!$J$2:$J$2001,'GSC current'!$I$2:$I$2001,B20),0)) | L20: =IF(A20="","",IFERROR(SUMIFS('GSC current'!$K$2:$K$2001,'GSC current'!$I$2:$I$2001,B20),0)) | M20: =IF(A20="","",IF(N(L20)>0,K20/L20,"")) | N20: =IF(A20="","",IF(N(L20)>0,SUMIFS('GSC current'!$L$2:$L$2001,'GSC current'!$I$2:$I$2001,B20)/L20,"")) | O20: =IF(A20="","",IFERROR(SUMIFS('GSC previous'!$J$2:$J$2001,'GSC previous'!$I$2:$I$2001,B20),0)) | P20: =IF(A20="","",IF(N(O20)>0,(K20-O20)/O20,"")) | Q20: =IF(A20="","",IFERROR(SUMIFS(GA4!$P$2:$P$2001,GA4!$O$2:$O$2001,B20),0)) | R20: =IF(A20="","",IF(N(Q20)>0,SUMIFS(GA4!$Q$2:$Q$2001,GA4!$O$2:$O$2001,B20)/Q20,"")) | S20: =IF(A20="","",IFERROR(SUMIFS(GA4!$R$2:$R$2001,GA4!$O$2:$O$2001,B20),0)) | T20: =IF(A20="","",IF(AND(ISNUMBER(F20),LEFT(C20&"",1)="2"),IF(F20<Rules!$B$9,"Yes","No"),"No")) | U20: =IF(A20="","",IF(AND(N(O20)>=Rules!$B$8,ISNUMBER(P20)),IF(P20<=-Rules!$B$7,"Yes","No"),"No")) | V20: =IF(A20="","",IF(AND(N(L20)>=Rules!$B$6,ISNUMBER(N20)),IF(AND(N20>=Rules!$B$10,N20<=Rules!$B$11),"Yes","No"),"No")) | W20: =IF(A20="","",IF(I20<>"","Yes","No")) | X20: =IF(I20="","",IF(SUMIFS($K$3:$K$2002,$A$3:$A$2002,SUBSTITUTE(SUBSTITUTE(I20,"?","~?"),"*","~*"))>N(K20),"Yes","No")) | Y20: =IF(A20="","",IF(N(S20)>0,"Yes","No")) | Z20: =IF(A20="","",IF(AND(N(K20)<Rules!$B$5,N(L20)<Rules!$B$6,N(Q20)<Rules!$B$13,Y20="No"),"Yes","No")) | AA20: =IF(A20="","",IF(LEFT(C20&"",1)="3","Redirect",IF(OR(LEFT(C20&"",1)="4",LEFT(C20&"",1)="5"),IF(OR(N(K20)>0,N(AC20)>=Rules!$B$14),"Redirect","Prune"),IF(D20="Non-Indexable","Keep",IF(AND(W20="Yes",X20="Yes",Y20="No"),"Merge",IF(OR(U20="Yes",V20="Yes",AND(T20="Yes",N(L20)>=Rules!$B$6)),"Update",IF(Z20="Yes",IF(N(AC20)>=Rules!$B$14,"Redirect","Prune"),"Keep"))))))) | AB20: =IF(A20="","",IF(LEFT(C20&"",1)="3","Already redirects ("&C20&"). Update internal links to point at the final URL.",IF(OR(LEFT(C20&"",1)="4",LEFT(C20&"",1)="5"),IF(AA20="Redirect","Returns "&C20&" but still has "&N(K20)&" clicks and "&N(AC20)&" referring domains. 301 it to the closest live page.","Returns "&C20&" with no clicks or links. Remove internal links and let it 404 or 410."),IF(D20="Non-Indexable","Non-indexable ("&E20&"). Keep if that is intentional; otherwise fix the canonical or noindex.",IF(AA20="Merge","Overlaps with "&I20&IF(N(J20)>0," (similarity "&TEXT(J20,"0.00")&")","")&", which gets more clicks. Merge the useful parts into it and 301 this URL.",IF(AA20="Update",MID(IF(U20="Yes","; Clicks down "&TEXT(-P20,"0%")&" on the previous period","")&IF(V20="Yes","; Average position "&TEXT(N20,"0.0")&" on "&TEXT(L20,"#,##0")&" impressions (striking distance)","")&IF(AND(T20="Yes",N(L20)>=Rules!$B$6),"; Thin ("&F20&" words) but has search demand",""),3,400),IF(AA20="Prune","Low value: "&N(K20)&" clicks, "&N(L20)&" impressions, "&N(Q20)&" sessions, no key events. Remove or noindex it and update internal links.",IF(AA20="Redirect","Low value but "&N(AC20)&" referring domains. 301 it to the closest relevant page to keep those links.",IF(AND(Z20="No",Y20="Yes",N(K20)<Rules!$B$5),"Low search traffic but it converts (key events: "&S20&"). Keep it and link to it.",IF(W20="Yes","Stronger than the page it overlaps ("&I20&"). Keep; merge that page into this one.","Healthy: "&N(K20)&" clicks"&IF(ISNUMBER(N20),", average position "&TEXT(N20,"0.0"),"")&". Keep and monitor.")))))))))) | AE20: =IF(A20="","",IF(AD20<>"",AD20,AA20))
A21: =IF(Crawl!A20="","",Crawl!A20) | B21: =IF(A21="","",Crawl!EC20) | C21: =IF(A21="","",IFERROR(INDEX(Crawl!$A20:$DZ20,1,Rules!$H$6),"")) | D21: =IF(A21="","",IFERROR(INDEX(Crawl!$A20:$DZ20,1,Rules!$H$7),"")&"") | E21: =IF(A21="","",IFERROR(INDEX(Crawl!$A20:$DZ20,1,Rules!$H$8),"")&"") | F21: =IF(A21="","",IFERROR(INDEX(Crawl!$A20:$DZ20,1,Rules!$H$9),"")) | G21: =IF(A21="","",IFERROR(INDEX(Crawl!$A20:$DZ20,1,Rules!$H$10),"")) | H21: =IF(A21="","",IFERROR(INDEX(Crawl!$A20:$DZ20,1,Rules!$H$12),"")) | I21: =IF(A21="","",IF(AND(N(H21)>0,IFERROR(INDEX(Crawl!$A20:$DZ20,1,Rules!$H$11),"")&""<>""),IFERROR(INDEX(Crawl!$A20:$DZ20,1,Rules!$H$11),"")&"",IF(AND(ISNUMBER(J21),N(J21)>=Rules!$B$12,IFERROR(INDEX(Crawl!$A20:$DZ20,1,Rules!$H$13),"")&""<>""),IFERROR(INDEX(Crawl!$A20:$DZ20,1,Rules!$H$13),"")&"",""))) | J21: =IF(A21="","",IF(IFERROR(INDEX(Crawl!$A20:$DZ20,1,Rules!$H$14),"")&""="","",IFERROR(INDEX(Crawl!$A20:$DZ20,1,Rules!$H$14),""))) | K21: =IF(A21="","",IFERROR(SUMIFS('GSC current'!$J$2:$J$2001,'GSC current'!$I$2:$I$2001,B21),0)) | L21: =IF(A21="","",IFERROR(SUMIFS('GSC current'!$K$2:$K$2001,'GSC current'!$I$2:$I$2001,B21),0)) | M21: =IF(A21="","",IF(N(L21)>0,K21/L21,"")) | N21: =IF(A21="","",IF(N(L21)>0,SUMIFS('GSC current'!$L$2:$L$2001,'GSC current'!$I$2:$I$2001,B21)/L21,"")) | O21: =IF(A21="","",IFERROR(SUMIFS('GSC previous'!$J$2:$J$2001,'GSC previous'!$I$2:$I$2001,B21),0)) | P21: =IF(A21="","",IF(N(O21)>0,(K21-O21)/O21,"")) | Q21: =IF(A21="","",IFERROR(SUMIFS(GA4!$P$2:$P$2001,GA4!$O$2:$O$2001,B21),0)) | R21: =IF(A21="","",IF(N(Q21)>0,SUMIFS(GA4!$Q$2:$Q$2001,GA4!$O$2:$O$2001,B21)/Q21,"")) | S21: =IF(A21="","",IFERROR(SUMIFS(GA4!$R$2:$R$2001,GA4!$O$2:$O$2001,B21),0)) | T21: =IF(A21="","",IF(AND(ISNUMBER(F21),LEFT(C21&"",1)="2"),IF(F21<Rules!$B$9,"Yes","No"),"No")) | U21: =IF(A21="","",IF(AND(N(O21)>=Rules!$B$8,ISNUMBER(P21)),IF(P21<=-Rules!$B$7,"Yes","No"),"No")) | V21: =IF(A21="","",IF(AND(N(L21)>=Rules!$B$6,ISNUMBER(N21)),IF(AND(N21>=Rules!$B$10,N21<=Rules!$B$11),"Yes","No"),"No")) | W21: =IF(A21="","",IF(I21<>"","Yes","No")) | X21: =IF(I21="","",IF(SUMIFS($K$3:$K$2002,$A$3:$A$2002,SUBSTITUTE(SUBSTITUTE(I21,"?","~?"),"*","~*"))>N(K21),"Yes","No")) | Y21: =IF(A21="","",IF(N(S21)>0,"Yes","No")) | Z21: =IF(A21="","",IF(AND(N(K21)<Rules!$B$5,N(L21)<Rules!$B$6,N(Q21)<Rules!$B$13,Y21="No"),"Yes","No")) | AA21: =IF(A21="","",IF(LEFT(C21&"",1)="3","Redirect",IF(OR(LEFT(C21&"",1)="4",LEFT(C21&"",1)="5"),IF(OR(N(K21)>0,N(AC21)>=Rules!$B$14),"Redirect","Prune"),IF(D21="Non-Indexable","Keep",IF(AND(W21="Yes",X21="Yes",Y21="No"),"Merge",IF(OR(U21="Yes",V21="Yes",AND(T21="Yes",N(L21)>=Rules!$B$6)),"Update",IF(Z21="Yes",IF(N(AC21)>=Rules!$B$14,"Redirect","Prune"),"Keep"))))))) | AB21: =IF(A21="","",IF(LEFT(C21&"",1)="3","Already redirects ("&C21&"). Update internal links to point at the final URL.",IF(OR(LEFT(C21&"",1)="4",LEFT(C21&"",1)="5"),IF(AA21="Redirect","Returns "&C21&" but still has "&N(K21)&" clicks and "&N(AC21)&" referring domains. 301 it to the closest live page.","Returns "&C21&" with no clicks or links. Remove internal links and let it 404 or 410."),IF(D21="Non-Indexable","Non-indexable ("&E21&"). Keep if that is intentional; otherwise fix the canonical or noindex.",IF(AA21="Merge","Overlaps with "&I21&IF(N(J21)>0," (similarity "&TEXT(J21,"0.00")&")","")&", which gets more clicks. Merge the useful parts into it and 301 this URL.",IF(AA21="Update",MID(IF(U21="Yes","; Clicks down "&TEXT(-P21,"0%")&" on the previous period","")&IF(V21="Yes","; Average position "&TEXT(N21,"0.0")&" on "&TEXT(L21,"#,##0")&" impressions (striking distance)","")&IF(AND(T21="Yes",N(L21)>=Rules!$B$6),"; Thin ("&F21&" words) but has search demand",""),3,400),IF(AA21="Prune","Low value: "&N(K21)&" clicks, "&N(L21)&" impressions, "&N(Q21)&" sessions, no key events. Remove or noindex it and update internal links.",IF(AA21="Redirect","Low value but "&N(AC21)&" referring domains. 301 it to the closest relevant page to keep those links.",IF(AND(Z21="No",Y21="Yes",N(K21)<Rules!$B$5),"Low search traffic but it converts (key events: "&S21&"). Keep it and link to it.",IF(W21="Yes","Stronger than the page it overlaps ("&I21&"). Keep; merge that page into this one.","Healthy: "&N(K21)&" clicks"&IF(ISNUMBER(N21),", average position "&TEXT(N21,"0.0"),"")&". Keep and monitor.")))))))))) | AE21: =IF(A21="","",IF(AD21<>"",AD21,AA21))
A22: =IF(Crawl!A21="","",Crawl!A21) | B22: =IF(A22="","",Crawl!EC21) | C22: =IF(A22="","",IFERROR(INDEX(Crawl!$A21:$DZ21,1,Rules!$H$6),"")) | D22: =IF(A22="","",IFERROR(INDEX(Crawl!$A21:$DZ21,1,Rules!$H$7),"")&"") | E22: =IF(A22="","",IFERROR(INDEX(Crawl!$A21:$DZ21,1,Rules!$H$8),"")&"") | F22: =IF(A22="","",IFERROR(INDEX(Crawl!$A21:$DZ21,1,Rules!$H$9),"")) | G22: =IF(A22="","",IFERROR(INDEX(Crawl!$A21:$DZ21,1,Rules!$H$10),"")) | H22: =IF(A22="","",IFERROR(INDEX(Crawl!$A21:$DZ21,1,Rules!$H$12),"")) | I22: =IF(A22="","",IF(AND(N(H22)>0,IFERROR(INDEX(Crawl!$A21:$DZ21,1,Rules!$H$11),"")&""<>""),IFERROR(INDEX(Crawl!$A21:$DZ21,1,Rules!$H$11),"")&"",IF(AND(ISNUMBER(J22),N(J22)>=Rules!$B$12,IFERROR(INDEX(Crawl!$A21:$DZ21,1,Rules!$H$13),"")&""<>""),IFERROR(INDEX(Crawl!$A21:$DZ21,1,Rules!$H$13),"")&"",""))) | J22: =IF(A22="","",IF(IFERROR(INDEX(Crawl!$A21:$DZ21,1,Rules!$H$14),"")&""="","",IFERROR(INDEX(Crawl!$A21:$DZ21,1,Rules!$H$14),""))) | K22: =IF(A22="","",IFERROR(SUMIFS('GSC current'!$J$2:$J$2001,'GSC current'!$I$2:$I$2001,B22),0)) | L22: =IF(A22="","",IFERROR(SUMIFS('GSC current'!$K$2:$K$2001,'GSC current'!$I$2:$I$2001,B22),0)) | M22: =IF(A22="","",IF(N(L22)>0,K22/L22,"")) | N22: =IF(A22="","",IF(N(L22)>0,SUMIFS('GSC current'!$L$2:$L$2001,'GSC current'!$I$2:$I$2001,B22)/L22,"")) | O22: =IF(A22="","",IFERROR(SUMIFS('GSC previous'!$J$2:$J$2001,'GSC previous'!$I$2:$I$2001,B22),0)) | P22: =IF(A22="","",IF(N(O22)>0,(K22-O22)/O22,"")) | Q22: =IF(A22="","",IFERROR(SUMIFS(GA4!$P$2:$P$2001,GA4!$O$2:$O$2001,B22),0)) | R22: =IF(A22="","",IF(N(Q22)>0,SUMIFS(GA4!$Q$2:$Q$2001,GA4!$O$2:$O$2001,B22)/Q22,"")) | S22: =IF(A22="","",IFERROR(SUMIFS(GA4!$R$2:$R$2001,GA4!$O$2:$O$2001,B22),0)) | T22: =IF(A22="","",IF(AND(ISNUMBER(F22),LEFT(C22&"",1)="2"),IF(F22<Rules!$B$9,"Yes","No"),"No")) | U22: =IF(A22="","",IF(AND(N(O22)>=Rules!$B$8,ISNUMBER(P22)),IF(P22<=-Rules!$B$7,"Yes","No"),"No")) | V22: =IF(A22="","",IF(AND(N(L22)>=Rules!$B$6,ISNUMBER(N22)),IF(AND(N22>=Rules!$B$10,N22<=Rules!$B$11),"Yes","No"),"No")) | W22: =IF(A22="","",IF(I22<>"","Yes","No")) | X22: =IF(I22="","",IF(SUMIFS($K$3:$K$2002,$A$3:$A$2002,SUBSTITUTE(SUBSTITUTE(I22,"?","~?"),"*","~*"))>N(K22),"Yes","No")) | Y22: =IF(A22="","",IF(N(S22)>0,"Yes","No")) | Z22: =IF(A22="","",IF(AND(N(K22)<Rules!$B$5,N(L22)<Rules!$B$6,N(Q22)<Rules!$B$13,Y22="No"),"Yes","No")) | AA22: =IF(A22="","",IF(LEFT(C22&"",1)="3","Redirect",IF(OR(LEFT(C22&"",1)="4",LEFT(C22&"",1)="5"),IF(OR(N(K22)>0,N(AC22)>=Rules!$B$14),"Redirect","Prune"),IF(D22="Non-Indexable","Keep",IF(AND(W22="Yes",X22="Yes",Y22="No"),"Merge",IF(OR(U22="Yes",V22="Yes",AND(T22="Yes",N(L22)>=Rules!$B$6)),"Update",IF(Z22="Yes",IF(N(AC22)>=Rules!$B$14,"Redirect","Prune"),"Keep"))))))) | AB22: =IF(A22="","",IF(LEFT(C22&"",1)="3","Already redirects ("&C22&"). Update internal links to point at the final URL.",IF(OR(LEFT(C22&"",1)="4",LEFT(C22&"",1)="5"),IF(AA22="Redirect","Returns "&C22&" but still has "&N(K22)&" clicks and "&N(AC22)&" referring domains. 301 it to the closest live page.","Returns "&C22&" with no clicks or links. Remove internal links and let it 404 or 410."),IF(D22="Non-Indexable","Non-indexable ("&E22&"). Keep if that is intentional; otherwise fix the canonical or noindex.",IF(AA22="Merge","Overlaps with "&I22&IF(N(J22)>0," (similarity "&TEXT(J22,"0.00")&")","")&", which gets more clicks. Merge the useful parts into it and 301 this URL.",IF(AA22="Update",MID(IF(U22="Yes","; Clicks down "&TEXT(-P22,"0%")&" on the previous period","")&IF(V22="Yes","; Average position "&TEXT(N22,"0.0")&" on "&TEXT(L22,"#,##0")&" impressions (striking distance)","")&IF(AND(T22="Yes",N(L22)>=Rules!$B$6),"; Thin ("&F22&" words) but has search demand",""),3,400),IF(AA22="Prune","Low value: "&N(K22)&" clicks, "&N(L22)&" impressions, "&N(Q22)&" sessions, no key events. Remove or noindex it and update internal links.",IF(AA22="Redirect","Low value but "&N(AC22)&" referring domains. 301 it to the closest relevant page to keep those links.",IF(AND(Z22="No",Y22="Yes",N(K22)<Rules!$B$5),"Low search traffic but it converts (key events: "&S22&"). Keep it and link to it.",IF(W22="Yes","Stronger than the page it overlaps ("&I22&"). Keep; merge that page into this one.","Healthy: "&N(K22)&" clicks"&IF(ISNUMBER(N22),", average position "&TEXT(N22,"0.0"),"")&". Keep and monitor.")))))))))) | AE22: =IF(A22="","",IF(AD22<>"",AD22,AA22))
A23: =IF(Crawl!A22="","",Crawl!A22) | B23: =IF(A23="","",Crawl!EC22) | C23: =IF(A23="","",IFERROR(INDEX(Crawl!$A22:$DZ22,1,Rules!$H$6),"")) | D23: =IF(A23="","",IFERROR(INDEX(Crawl!$A22:$DZ22,1,Rules!$H$7),"")&"") | E23: =IF(A23="","",IFERROR(INDEX(Crawl!$A22:$DZ22,1,Rules!$H$8),"")&"") | F23: =IF(A23="","",IFERROR(INDEX(Crawl!$A22:$DZ22,1,Rules!$H$9),"")) | G23: =IF(A23="","",IFERROR(INDEX(Crawl!$A22:$DZ22,1,Rules!$H$10),"")) | H23: =IF(A23="","",IFERROR(INDEX(Crawl!$A22:$DZ22,1,Rules!$H$12),"")) | I23: =IF(A23="","",IF(AND(N(H23)>0,IFERROR(INDEX(Crawl!$A22:$DZ22,1,Rules!$H$11),"")&""<>""),IFERROR(INDEX(Crawl!$A22:$DZ22,1,Rules!$H$11),"")&"",IF(AND(ISNUMBER(J23),N(J23)>=Rules!$B$12,IFERROR(INDEX(Crawl!$A22:$DZ22,1,Rules!$H$13),"")&""<>""),IFERROR(INDEX(Crawl!$A22:$DZ22,1,Rules!$H$13),"")&"",""))) | J23: =IF(A23="","",IF(IFERROR(INDEX(Crawl!$A22:$DZ22,1,Rules!$H$14),"")&""="","",IFERROR(INDEX(Crawl!$A22:$DZ22,1,Rules!$H$14),""))) | K23: =IF(A23="","",IFERROR(SUMIFS('GSC current'!$J$2:$J$2001,'GSC current'!$I$2:$I$2001,B23),0)) | L23: =IF(A23="","",IFERROR(SUMIFS('GSC current'!$K$2:$K$2001,'GSC current'!$I$2:$I$2001,B23),0)) | M23: =IF(A23="","",IF(N(L23)>0,K23/L23,"")) | N23: =IF(A23="","",IF(N(L23)>0,SUMIFS('GSC current'!$L$2:$L$2001,'GSC current'!$I$2:$I$2001,B23)/L23,"")) | O23: =IF(A23="","",IFERROR(SUMIFS('GSC previous'!$J$2:$J$2001,'GSC previous'!$I$2:$I$2001,B23),0)) | P23: =IF(A23="","",IF(N(O23)>0,(K23-O23)/O23,"")) | Q23: =IF(A23="","",IFERROR(SUMIFS(GA4!$P$2:$P$2001,GA4!$O$2:$O$2001,B23),0)) | R23: =IF(A23="","",IF(N(Q23)>0,SUMIFS(GA4!$Q$2:$Q$2001,GA4!$O$2:$O$2001,B23)/Q23,"")) | S23: =IF(A23="","",IFERROR(SUMIFS(GA4!$R$2:$R$2001,GA4!$O$2:$O$2001,B23),0)) | T23: =IF(A23="","",IF(AND(ISNUMBER(F23),LEFT(C23&"",1)="2"),IF(F23<Rules!$B$9,"Yes","No"),"No")) | U23: =IF(A23="","",IF(AND(N(O23)>=Rules!$B$8,ISNUMBER(P23)),IF(P23<=-Rules!$B$7,"Yes","No"),"No")) | V23: =IF(A23="","",IF(AND(N(L23)>=Rules!$B$6,ISNUMBER(N23)),IF(AND(N23>=Rules!$B$10,N23<=Rules!$B$11),"Yes","No"),"No")) | W23: =IF(A23="","",IF(I23<>"","Yes","No")) | X23: =IF(I23="","",IF(SUMIFS($K$3:$K$2002,$A$3:$A$2002,SUBSTITUTE(SUBSTITUTE(I23,"?","~?"),"*","~*"))>N(K23),"Yes","No")) | Y23: =IF(A23="","",IF(N(S23)>0,"Yes","No")) | Z23: =IF(A23="","",IF(AND(N(K23)<Rules!$B$5,N(L23)<Rules!$B$6,N(Q23)<Rules!$B$13,Y23="No"),"Yes","No")) | AA23: =IF(A23="","",IF(LEFT(C23&"",1)="3","Redirect",IF(OR(LEFT(C23&"",1)="4",LEFT(C23&"",1)="5"),IF(OR(N(K23)>0,N(AC23)>=Rules!$B$14),"Redirect","Prune"),IF(D23="Non-Indexable","Keep",IF(AND(W23="Yes",X23="Yes",Y23="No"),"Merge",IF(OR(U23="Yes",V23="Yes",AND(T23="Yes",N(L23)>=Rules!$B$6)),"Update",IF(Z23="Yes",IF(N(AC23)>=Rules!$B$14,"Redirect","Prune"),"Keep"))))))) | AB23: =IF(A23="","",IF(LEFT(C23&"",1)="3","Already redirects ("&C23&"). Update internal links to point at the final URL.",IF(OR(LEFT(C23&"",1)="4",LEFT(C23&"",1)="5"),IF(AA23="Redirect","Returns "&C23&" but still has "&N(K23)&" clicks and "&N(AC23)&" referring domains. 301 it to the closest live page.","Returns "&C23&" with no clicks or links. Remove internal links and let it 404 or 410."),IF(D23="Non-Indexable","Non-indexable ("&E23&"). Keep if that is intentional; otherwise fix the canonical or noindex.",IF(AA23="Merge","Overlaps with "&I23&IF(N(J23)>0," (similarity "&TEXT(J23,"0.00")&")","")&", which gets more clicks. Merge the useful parts into it and 301 this URL.",IF(AA23="Update",MID(IF(U23="Yes","; Clicks down "&TEXT(-P23,"0%")&" on the previous period","")&IF(V23="Yes","; Average position "&TEXT(N23,"0.0")&" on "&TEXT(L23,"#,##0")&" impressions (striking distance)","")&IF(AND(T23="Yes",N(L23)>=Rules!$B$6),"; Thin ("&F23&" words) but has search demand",""),3,400),IF(AA23="Prune","Low value: "&N(K23)&" clicks, "&N(L23)&" impressions, "&N(Q23)&" sessions, no key events. Remove or noindex it and update internal links.",IF(AA23="Redirect","Low value but "&N(AC23)&" referring domains. 301 it to the closest relevant page to keep those links.",IF(AND(Z23="No",Y23="Yes",N(K23)<Rules!$B$5),"Low search traffic but it converts (key events: "&S23&"). Keep it and link to it.",IF(W23="Yes","Stronger than the page it overlaps ("&I23&"). Keep; merge that page into this one.","Healthy: "&N(K23)&" clicks"&IF(ISNUMBER(N23),", average position "&TEXT(N23,"0.0"),"")&". Keep and monitor.")))))))))) | AE23: =IF(A23="","",IF(AD23<>"",AD23,AA23))
A24: =IF(Crawl!A23="","",Crawl!A23) | B24: =IF(A24="","",Crawl!EC23) | C24: =IF(A24="","",IFERROR(INDEX(Crawl!$A23:$DZ23,1,Rules!$H$6),"")) | D24: =IF(A24="","",IFERROR(INDEX(Crawl!$A23:$DZ23,1,Rules!$H$7),"")&"") | E24: =IF(A24="","",IFERROR(INDEX(Crawl!$A23:$DZ23,1,Rules!$H$8),"")&"") | F24: =IF(A24="","",IFERROR(INDEX(Crawl!$A23:$DZ23,1,Rules!$H$9),"")) | G24: =IF(A24="","",IFERROR(INDEX(Crawl!$A23:$DZ23,1,Rules!$H$10),"")) | H24: =IF(A24="","",IFERROR(INDEX(Crawl!$A23:$DZ23,1,Rules!$H$12),"")) | I24: =IF(A24="","",IF(AND(N(H24)>0,IFERROR(INDEX(Crawl!$A23:$DZ23,1,Rules!$H$11),"")&""<>""),IFERROR(INDEX(Crawl!$A23:$DZ23,1,Rules!$H$11),"")&"",IF(AND(ISNUMBER(J24),N(J24)>=Rules!$B$12,IFERROR(INDEX(Crawl!$A23:$DZ23,1,Rules!$H$13),"")&""<>""),IFERROR(INDEX(Crawl!$A23:$DZ23,1,Rules!$H$13),"")&"",""))) | J24: =IF(A24="","",IF(IFERROR(INDEX(Crawl!$A23:$DZ23,1,Rules!$H$14),"")&""="","",IFERROR(INDEX(Crawl!$A23:$DZ23,1,Rules!$H$14),""))) | K24: =IF(A24="","",IFERROR(SUMIFS('GSC current'!$J$2:$J$2001,'GSC current'!$I$2:$I$2001,B24),0)) | L24: =IF(A24="","",IFERROR(SUMIFS('GSC current'!$K$2:$K$2001,'GSC current'!$I$2:$I$2001,B24),0)) | M24: =IF(A24="","",IF(N(L24)>0,K24/L24,"")) | N24: =IF(A24="","",IF(N(L24)>0,SUMIFS('GSC current'!$L$2:$L$2001,'GSC current'!$I$2:$I$2001,B24)/L24,"")) | O24: =IF(A24="","",IFERROR(SUMIFS('GSC previous'!$J$2:$J$2001,'GSC previous'!$I$2:$I$2001,B24),0)) | P24: =IF(A24="","",IF(N(O24)>0,(K24-O24)/O24,"")) | Q24: =IF(A24="","",IFERROR(SUMIFS(GA4!$P$2:$P$2001,GA4!$O$2:$O$2001,B24),0)) | R24: =IF(A24="","",IF(N(Q24)>0,SUMIFS(GA4!$Q$2:$Q$2001,GA4!$O$2:$O$2001,B24)/Q24,"")) | S24: =IF(A24="","",IFERROR(SUMIFS(GA4!$R$2:$R$2001,GA4!$O$2:$O$2001,B24),0)) | T24: =IF(A24="","",IF(AND(ISNUMBER(F24),LEFT(C24&"",1)="2"),IF(F24<Rules!$B$9,"Yes","No"),"No")) | U24: =IF(A24="","",IF(AND(N(O24)>=Rules!$B$8,ISNUMBER(P24)),IF(P24<=-Rules!$B$7,"Yes","No"),"No")) | V24: =IF(A24="","",IF(AND(N(L24)>=Rules!$B$6,ISNUMBER(N24)),IF(AND(N24>=Rules!$B$10,N24<=Rules!$B$11),"Yes","No"),"No")) | W24: =IF(A24="","",IF(I24<>"","Yes","No")) | X24: =IF(I24="","",IF(SUMIFS($K$3:$K$2002,$A$3:$A$2002,SUBSTITUTE(SUBSTITUTE(I24,"?","~?"),"*","~*"))>N(K24),"Yes","No")) | Y24: =IF(A24="","",IF(N(S24)>0,"Yes","No")) | Z24: =IF(A24="","",IF(AND(N(K24)<Rules!$B$5,N(L24)<Rules!$B$6,N(Q24)<Rules!$B$13,Y24="No"),"Yes","No")) | AA24: =IF(A24="","",IF(LEFT(C24&"",1)="3","Redirect",IF(OR(LEFT(C24&"",1)="4",LEFT(C24&"",1)="5"),IF(OR(N(K24)>0,N(AC24)>=Rules!$B$14),"Redirect","Prune"),IF(D24="Non-Indexable","Keep",IF(AND(W24="Yes",X24="Yes",Y24="No"),"Merge",IF(OR(U24="Yes",V24="Yes",AND(T24="Yes",N(L24)>=Rules!$B$6)),"Update",IF(Z24="Yes",IF(N(AC24)>=Rules!$B$14,"Redirect","Prune"),"Keep"))))))) | AB24: =IF(A24="","",IF(LEFT(C24&"",1)="3","Already redirects ("&C24&"). Update internal links to point at the final URL.",IF(OR(LEFT(C24&"",1)="4",LEFT(C24&"",1)="5"),IF(AA24="Redirect","Returns "&C24&" but still has "&N(K24)&" clicks and "&N(AC24)&" referring domains. 301 it to the closest live page.","Returns "&C24&" with no clicks or links. Remove internal links and let it 404 or 410."),IF(D24="Non-Indexable","Non-indexable ("&E24&"). Keep if that is intentional; otherwise fix the canonical or noindex.",IF(AA24="Merge","Overlaps with "&I24&IF(N(J24)>0," (similarity "&TEXT(J24,"0.00")&")","")&", which gets more clicks. Merge the useful parts into it and 301 this URL.",IF(AA24="Update",MID(IF(U24="Yes","; Clicks down "&TEXT(-P24,"0%")&" on the previous period","")&IF(V24="Yes","; Average position "&TEXT(N24,"0.0")&" on "&TEXT(L24,"#,##0")&" impressions (striking distance)","")&IF(AND(T24="Yes",N(L24)>=Rules!$B$6),"; Thin ("&F24&" words) but has search demand",""),3,400),IF(AA24="Prune","Low value: "&N(K24)&" clicks, "&N(L24)&" impressions, "&N(Q24)&" sessions, no key events. Remove or noindex it and update internal links.",IF(AA24="Redirect","Low value but "&N(AC24)&" referring domains. 301 it to the closest relevant page to keep those links.",IF(AND(Z24="No",Y24="Yes",N(K24)<Rules!$B$5),"Low search traffic but it converts (key events: "&S24&"). Keep it and link to it.",IF(W24="Yes","Stronger than the page it overlaps ("&I24&"). Keep; merge that page into this one.","Healthy: "&N(K24)&" clicks"&IF(ISNUMBER(N24),", average position "&TEXT(N24,"0.0"),"")&". Keep and monitor.")))))))))) | AE24: =IF(A24="","",IF(AD24<>"",AD24,AA24))
A25: =IF(Crawl!A24="","",Crawl!A24) | B25: =IF(A25="","",Crawl!EC24) | C25: =IF(A25="","",IFERROR(INDEX(Crawl!$A24:$DZ24,1,Rules!$H$6),"")) | D25: =IF(A25="","",IFERROR(INDEX(Crawl!$A24:$DZ24,1,Rules!$H$7),"")&"") | E25: =IF(A25="","",IFERROR(INDEX(Crawl!$A24:$DZ24,1,Rules!$H$8),"")&"") | F25: =IF(A25="","",IFERROR(INDEX(Crawl!$A24:$DZ24,1,Rules!$H$9),"")) | G25: =IF(A25="","",IFERROR(INDEX(Crawl!$A24:$DZ24,1,Rules!$H$10),"")) | H25: =IF(A25="","",IFERROR(INDEX(Crawl!$A24:$DZ24,1,Rules!$H$12),"")) | I25: =IF(A25="","",IF(AND(N(H25)>0,IFERROR(INDEX(Crawl!$A24:$DZ24,1,Rules!$H$11),"")&""<>""),IFERROR(INDEX(Crawl!$A24:$DZ24,1,Rules!$H$11),"")&"",IF(AND(ISNUMBER(J25),N(J25)>=Rules!$B$12,IFERROR(INDEX(Crawl!$A24:$DZ24,1,Rules!$H$13),"")&""<>""),IFERROR(INDEX(Crawl!$A24:$DZ24,1,Rules!$H$13),"")&"",""))) | J25: =IF(A25="","",IF(IFERROR(INDEX(Crawl!$A24:$DZ24,1,Rules!$H$14),"")&""="","",IFERROR(INDEX(Crawl!$A24:$DZ24,1,Rules!$H$14),""))) | K25: =IF(A25="","",IFERROR(SUMIFS('GSC current'!$J$2:$J$2001,'GSC current'!$I$2:$I$2001,B25),0)) | L25: =IF(A25="","",IFERROR(SUMIFS('GSC current'!$K$2:$K$2001,'GSC current'!$I$2:$I$2001,B25),0)) | M25: =IF(A25="","",IF(N(L25)>0,K25/L25,"")) | N25: =IF(A25="","",IF(N(L25)>0,SUMIFS('GSC current'!$L$2:$L$2001,'GSC current'!$I$2:$I$2001,B25)/L25,"")) | O25: =IF(A25="","",IFERROR(SUMIFS('GSC previous'!$J$2:$J$2001,'GSC previous'!$I$2:$I$2001,B25),0)) | P25: =IF(A25="","",IF(N(O25)>0,(K25-O25)/O25,"")) | Q25: =IF(A25="","",IFERROR(SUMIFS(GA4!$P$2:$P$2001,GA4!$O$2:$O$2001,B25),0)) | R25: =IF(A25="","",IF(N(Q25)>0,SUMIFS(GA4!$Q$2:$Q$2001,GA4!$O$2:$O$2001,B25)/Q25,"")) | S25: =IF(A25="","",IFERROR(SUMIFS(GA4!$R$2:$R$2001,GA4!$O$2:$O$2001,B25),0)) | T25: =IF(A25="","",IF(AND(ISNUMBER(F25),LEFT(C25&"",1)="2"),IF(F25<Rules!$B$9,"Yes","No"),"No")) | U25: =IF(A25="","",IF(AND(N(O25)>=Rules!$B$8,ISNUMBER(P25)),IF(P25<=-Rules!$B$7,"Yes","No"),"No")) | V25: =IF(A25="","",IF(AND(N(L25)>=Rules!$B$6,ISNUMBER(N25)),IF(AND(N25>=Rules!$B$10,N25<=Rules!$B$11),"Yes","No"),"No")) | W25: =IF(A25="","",IF(I25<>"","Yes","No")) | X25: =IF(I25="","",IF(SUMIFS($K$3:$K$2002,$A$3:$A$2002,SUBSTITUTE(SUBSTITUTE(I25,"?","~?"),"*","~*"))>N(K25),"Yes","No")) | Y25: =IF(A25="","",IF(N(S25)>0,"Yes","No")) | Z25: =IF(A25="","",IF(AND(N(K25)<Rules!$B$5,N(L25)<Rules!$B$6,N(Q25)<Rules!$B$13,Y25="No"),"Yes","No")) | AA25: =IF(A25="","",IF(LEFT(C25&"",1)="3","Redirect",IF(OR(LEFT(C25&"",1)="4",LEFT(C25&"",1)="5"),IF(OR(N(K25)>0,N(AC25)>=Rules!$B$14),"Redirect","Prune"),IF(D25="Non-Indexable","Keep",IF(AND(W25="Yes",X25="Yes",Y25="No"),"Merge",IF(OR(U25="Yes",V25="Yes",AND(T25="Yes",N(L25)>=Rules!$B$6)),"Update",IF(Z25="Yes",IF(N(AC25)>=Rules!$B$14,"Redirect","Prune"),"Keep"))))))) | AB25: =IF(A25="","",IF(LEFT(C25&"",1)="3","Already redirects ("&C25&"). Update internal links to point at the final URL.",IF(OR(LEFT(C25&"",1)="4",LEFT(C25&"",1)="5"),IF(AA25="Redirect","Returns "&C25&" but still has "&N(K25)&" clicks and "&N(AC25)&" referring domains. 301 it to the closest live page.","Returns "&C25&" with no clicks or links. Remove internal links and let it 404 or 410."),IF(D25="Non-Indexable","Non-indexable ("&E25&"). Keep if that is intentional; otherwise fix the canonical or noindex.",IF(AA25="Merge","Overlaps with "&I25&IF(N(J25)>0," (similarity "&TEXT(J25,"0.00")&")","")&", which gets more clicks. Merge the useful parts into it and 301 this URL.",IF(AA25="Update",MID(IF(U25="Yes","; Clicks down "&TEXT(-P25,"0%")&" on the previous period","")&IF(V25="Yes","; Average position "&TEXT(N25,"0.0")&" on "&TEXT(L25,"#,##0")&" impressions (striking distance)","")&IF(AND(T25="Yes",N(L25)>=Rules!$B$6),"; Thin ("&F25&" words) but has search demand",""),3,400),IF(AA25="Prune","Low value: "&N(K25)&" clicks, "&N(L25)&" impressions, "&N(Q25)&" sessions, no key events. Remove or noindex it and update internal links.",IF(AA25="Redirect","Low value but "&N(AC25)&" referring domains. 301 it to the closest relevant page to keep those links.",IF(AND(Z25="No",Y25="Yes",N(K25)<Rules!$B$5),"Low search traffic but it converts (key events: "&S25&"). Keep it and link to it.",IF(W25="Yes","Stronger than the page it overlaps ("&I25&"). Keep; merge that page into this one.","Healthy: "&N(K25)&" clicks"&IF(ISNUMBER(N25),", average position "&TEXT(N25,"0.0"),"")&". Keep and monitor.")))))))))) | AE25: =IF(A25="","",IF(AD25<>"",AD25,AA25))
A26: =IF(Crawl!A25="","",Crawl!A25) | B26: =IF(A26="","",Crawl!EC25) | C26: =IF(A26="","",IFERROR(INDEX(Crawl!$A25:$DZ25,1,Rules!$H$6),"")) | D26: =IF(A26="","",IFERROR(INDEX(Crawl!$A25:$DZ25,1,Rules!$H$7),"")&"") | E26: =IF(A26="","",IFERROR(INDEX(Crawl!$A25:$DZ25,1,Rules!$H$8),"")&"") | F26: =IF(A26="","",IFERROR(INDEX(Crawl!$A25:$DZ25,1,Rules!$H$9),"")) | G26: =IF(A26="","",IFERROR(INDEX(Crawl!$A25:$DZ25,1,Rules!$H$10),"")) | H26: =IF(A26="","",IFERROR(INDEX(Crawl!$A25:$DZ25,1,Rules!$H$12),"")) | I26: =IF(A26="","",IF(AND(N(H26)>0,IFERROR(INDEX(Crawl!$A25:$DZ25,1,Rules!$H$11),"")&""<>""),IFERROR(INDEX(Crawl!$A25:$DZ25,1,Rules!$H$11),"")&"",IF(AND(ISNUMBER(J26),N(J26)>=Rules!$B$12,IFERROR(INDEX(Crawl!$A25:$DZ25,1,Rules!$H$13),"")&""<>""),IFERROR(INDEX(Crawl!$A25:$DZ25,1,Rules!$H$13),"")&"",""))) | J26: =IF(A26="","",IF(IFERROR(INDEX(Crawl!$A25:$DZ25,1,Rules!$H$14),"")&""="","",IFERROR(INDEX(Crawl!$A25:$DZ25,1,Rules!$H$14),""))) | K26: =IF(A26="","",IFERROR(SUMIFS('GSC current'!$J$2:$J$2001,'GSC current'!$I$2:$I$2001,B26),0)) | L26: =IF(A26="","",IFERROR(SUMIFS('GSC current'!$K$2:$K$2001,'GSC current'!$I$2:$I$2001,B26),0)) | M26: =IF(A26="","",IF(N(L26)>0,K26/L26,"")) | N26: =IF(A26="","",IF(N(L26)>0,SUMIFS('GSC current'!$L$2:$L$2001,'GSC current'!$I$2:$I$2001,B26)/L26,"")) | O26: =IF(A26="","",IFERROR(SUMIFS('GSC previous'!$J$2:$J$2001,'GSC previous'!$I$2:$I$2001,B26),0)) | P26: =IF(A26="","",IF(N(O26)>0,(K26-O26)/O26,"")) | Q26: =IF(A26="","",IFERROR(SUMIFS(GA4!$P$2:$P$2001,GA4!$O$2:$O$2001,B26),0)) | R26: =IF(A26="","",IF(N(Q26)>0,SUMIFS(GA4!$Q$2:$Q$2001,GA4!$O$2:$O$2001,B26)/Q26,"")) | S26: =IF(A26="","",IFERROR(SUMIFS(GA4!$R$2:$R$2001,GA4!$O$2:$O$2001,B26),0)) | T26: =IF(A26="","",IF(AND(ISNUMBER(F26),LEFT(C26&"",1)="2"),IF(F26<Rules!$B$9,"Yes","No"),"No")) | U26: =IF(A26="","",IF(AND(N(O26)>=Rules!$B$8,ISNUMBER(P26)),IF(P26<=-Rules!$B$7,"Yes","No"),"No")) | V26: =IF(A26="","",IF(AND(N(L26)>=Rules!$B$6,ISNUMBER(N26)),IF(AND(N26>=Rules!$B$10,N26<=Rules!$B$11),"Yes","No"),"No")) | W26: =IF(A26="","",IF(I26<>"","Yes","No")) | X26: =IF(I26="","",IF(SUMIFS($K$3:$K$2002,$A$3:$A$2002,SUBSTITUTE(SUBSTITUTE(I26,"?","~?"),"*","~*"))>N(K26),"Yes","No")) | Y26: =IF(A26="","",IF(N(S26)>0,"Yes","No")) | Z26: =IF(A26="","",IF(AND(N(K26)<Rules!$B$5,N(L26)<Rules!$B$6,N(Q26)<Rules!$B$13,Y26="No"),"Yes","No")) | AA26: =IF(A26="","",IF(LEFT(C26&"",1)="3","Redirect",IF(OR(LEFT(C26&"",1)="4",LEFT(C26&"",1)="5"),IF(OR(N(K26)>0,N(AC26)>=Rules!$B$14),"Redirect","Prune"),IF(D26="Non-Indexable","Keep",IF(AND(W26="Yes",X26="Yes",Y26="No"),"Merge",IF(OR(U26="Yes",V26="Yes",AND(T26="Yes",N(L26)>=Rules!$B$6)),"Update",IF(Z26="Yes",IF(N(AC26)>=Rules!$B$14,"Redirect","Prune"),"Keep"))))))) | AB26: =IF(A26="","",IF(LEFT(C26&"",1)="3","Already redirects ("&C26&"). Update internal links to point at the final URL.",IF(OR(LEFT(C26&"",1)="4",LEFT(C26&"",1)="5"),IF(AA26="Redirect","Returns "&C26&" but still has "&N(K26)&" clicks and "&N(AC26)&" referring domains. 301 it to the closest live page.","Returns "&C26&" with no clicks or links. Remove internal links and let it 404 or 410."),IF(D26="Non-Indexable","Non-indexable ("&E26&"). Keep if that is intentional; otherwise fix the canonical or noindex.",IF(AA26="Merge","Overlaps with "&I26&IF(N(J26)>0," (similarity "&TEXT(J26,"0.00")&")","")&", which gets more clicks. Merge the useful parts into it and 301 this URL.",IF(AA26="Update",MID(IF(U26="Yes","; Clicks down "&TEXT(-P26,"0%")&" on the previous period","")&IF(V26="Yes","; Average position "&TEXT(N26,"0.0")&" on "&TEXT(L26,"#,##0")&" impressions (striking distance)","")&IF(AND(T26="Yes",N(L26)>=Rules!$B$6),"; Thin ("&F26&" words) but has search demand",""),3,400),IF(AA26="Prune","Low value: "&N(K26)&" clicks, "&N(L26)&" impressions, "&N(Q26)&" sessions, no key events. Remove or noindex it and update internal links.",IF(AA26="Redirect","Low value but "&N(AC26)&" referring domains. 301 it to the closest relevant page to keep those links.",IF(AND(Z26="No",Y26="Yes",N(K26)<Rules!$B$5),"Low search traffic but it converts (key events: "&S26&"). Keep it and link to it.",IF(W26="Yes","Stronger than the page it overlaps ("&I26&"). Keep; merge that page into this one.","Healthy: "&N(K26)&" clicks"&IF(ISNUMBER(N26),", average position "&TEXT(N26,"0.0"),"")&". Keep and monitor.")))))))))) | AD26: Keep | AE26: =IF(A26="","",IF(AD26<>"",AD26,AA26)) | AF26: Seasonal: clicks come back every spring
A27: =IF(Crawl!A26="","",Crawl!A26) | B27: =IF(A27="","",Crawl!EC26) | C27: =IF(A27="","",IFERROR(INDEX(Crawl!$A26:$DZ26,1,Rules!$H$6),"")) | D27: =IF(A27="","",IFERROR(INDEX(Crawl!$A26:$DZ26,1,Rules!$H$7),"")&"") | E27: =IF(A27="","",IFERROR(INDEX(Crawl!$A26:$DZ26,1,Rules!$H$8),"")&"") | F27: =IF(A27="","",IFERROR(INDEX(Crawl!$A26:$DZ26,1,Rules!$H$9),"")) | G27: =IF(A27="","",IFERROR(INDEX(Crawl!$A26:$DZ26,1,Rules!$H$10),"")) | H27: =IF(A27="","",IFERROR(INDEX(Crawl!$A26:$DZ26,1,Rules!$H$12),"")) | I27: =IF(A27="","",IF(AND(N(H27)>0,IFERROR(INDEX(Crawl!$A26:$DZ26,1,Rules!$H$11),"")&""<>""),IFERROR(INDEX(Crawl!$A26:$DZ26,1,Rules!$H$11),"")&"",IF(AND(ISNUMBER(J27),N(J27)>=Rules!$B$12,IFERROR(INDEX(Crawl!$A26:$DZ26,1,Rules!$H$13),"")&""<>""),IFERROR(INDEX(Crawl!$A26:$DZ26,1,Rules!$H$13),"")&"",""))) | J27: =IF(A27="","",IF(IFERROR(INDEX(Crawl!$A26:$DZ26,1,Rules!$H$14),"")&""="","",IFERROR(INDEX(Crawl!$A26:$DZ26,1,Rules!$H$14),""))) | K27: =IF(A27="","",IFERROR(SUMIFS('GSC current'!$J$2:$J$2001,'GSC current'!$I$2:$I$2001,B27),0)) | L27: =IF(A27="","",IFERROR(SUMIFS('GSC current'!$K$2:$K$2001,'GSC current'!$I$2:$I$2001,B27),0)) | M27: =IF(A27="","",IF(N(L27)>0,K27/L27,"")) | N27: =IF(A27="","",IF(N(L27)>0,SUMIFS('GSC current'!$L$2:$L$2001,'GSC current'!$I$2:$I$2001,B27)/L27,"")) | O27: =IF(A27="","",IFERROR(SUMIFS('GSC previous'!$J$2:$J$2001,'GSC previous'!$I$2:$I$2001,B27),0)) | P27: =IF(A27="","",IF(N(O27)>0,(K27-O27)/O27,"")) | Q27: =IF(A27="","",IFERROR(SUMIFS(GA4!$P$2:$P$2001,GA4!$O$2:$O$2001,B27),0)) | R27: =IF(A27="","",IF(N(Q27)>0,SUMIFS(GA4!$Q$2:$Q$2001,GA4!$O$2:$O$2001,B27)/Q27,"")) | S27: =IF(A27="","",IFERROR(SUMIFS(GA4!$R$2:$R$2001,GA4!$O$2:$O$2001,B27),0)) | T27: =IF(A27="","",IF(AND(ISNUMBER(F27),LEFT(C27&"",1)="2"),IF(F27<Rules!$B$9,"Yes","No"),"No")) | U27: =IF(A27="","",IF(AND(N(O27)>=Rules!$B$8,ISNUMBER(P27)),IF(P27<=-Rules!$B$7,"Yes","No"),"No")) | V27: =IF(A27="","",IF(AND(N(L27)>=Rules!$B$6,ISNUMBER(N27)),IF(AND(N27>=Rules!$B$10,N27<=Rules!$B$11),"Yes","No"),"No")) | W27: =IF(A27="","",IF(I27<>"","Yes","No")) | X27: =IF(I27="","",IF(SUMIFS($K$3:$K$2002,$A$3:$A$2002,SUBSTITUTE(SUBSTITUTE(I27,"?","~?"),"*","~*"))>N(K27),"Yes","No")) | Y27: =IF(A27="","",IF(N(S27)>0,"Yes","No")) | Z27: =IF(A27="","",IF(AND(N(K27)<Rules!$B$5,N(L27)<Rules!$B$6,N(Q27)<Rules!$B$13,Y27="No"),"Yes","No")) | AA27: =IF(A27="","",IF(LEFT(C27&"",1)="3","Redirect",IF(OR(LEFT(C27&"",1)="4",LEFT(C27&"",1)="5"),IF(OR(N(K27)>0,N(AC27)>=Rules!$B$14),"Redirect","Prune"),IF(D27="Non-Indexable","Keep",IF(AND(W27="Yes",X27="Yes",Y27="No"),"Merge",IF(OR(U27="Yes",V27="Yes",AND(T27="Yes",N(L27)>=Rules!$B$6)),"Update",IF(Z27="Yes",IF(N(AC27)>=Rules!$B$14,"Redirect","Prune"),"Keep"))))))) | AB27: =IF(A27="","",IF(LEFT(C27&"",1)="3","Already redirects ("&C27&"). Update internal links to point at the final URL.",IF(OR(LEFT(C27&"",1)="4",LEFT(C27&"",1)="5"),IF(AA27="Redirect","Returns "&C27&" but still has "&N(K27)&" clicks and "&N(AC27)&" referring domains. 301 it to the closest live page.","Returns "&C27&" with no clicks or links. Remove internal links and let it 404 or 410."),IF(D27="Non-Indexable","Non-indexable ("&E27&"). Keep if that is intentional; otherwise fix the canonical or noindex.",IF(AA27="Merge","Overlaps with "&I27&IF(N(J27)>0," (similarity "&TEXT(J27,"0.00")&")","")&", which gets more clicks. Merge the useful parts into it and 301 this URL.",IF(AA27="Update",MID(IF(U27="Yes","; Clicks down "&TEXT(-P27,"0%")&" on the previous period","")&IF(V27="Yes","; Average position "&TEXT(N27,"0.0")&" on "&TEXT(L27,"#,##0")&" impressions (striking distance)","")&IF(AND(T27="Yes",N(L27)>=Rules!$B$6),"; Thin ("&F27&" words) but has search demand",""),3,400),IF(AA27="Prune","Low value: "&N(K27)&" clicks, "&N(L27)&" impressions, "&N(Q27)&" sessions, no key events. Remove or noindex it and update internal links.",IF(AA27="Redirect","Low value but "&N(AC27)&" referring domains. 301 it to the closest relevant page to keep those links.",IF(AND(Z27="No",Y27="Yes",N(K27)<Rules!$B$5),"Low search traffic but it converts (key events: "&S27&"). Keep it and link to it.",IF(W27="Yes","Stronger than the page it overlaps ("&I27&"). Keep; merge that page into this one.","Healthy: "&N(K27)&" clicks"&IF(ISNUMBER(N27),", average position "&TEXT(N27,"0.0"),"")&". Keep and monitor.")))))))))) | AE27: =IF(A27="","",IF(AD27<>"",AD27,AA27))
A28: =IF(Crawl!A27="","",Crawl!A27) | B28: =IF(A28="","",Crawl!EC27) | C28: =IF(A28="","",IFERROR(INDEX(Crawl!$A27:$DZ27,1,Rules!$H$6),"")) | D28: =IF(A28="","",IFERROR(INDEX(Crawl!$A27:$DZ27,1,Rules!$H$7),"")&"") | E28: =IF(A28="","",IFERROR(INDEX(Crawl!$A27:$DZ27,1,Rules!$H$8),"")&"") | F28: =IF(A28="","",IFERROR(INDEX(Crawl!$A27:$DZ27,1,Rules!$H$9),"")) | G28: =IF(A28="","",IFERROR(INDEX(Crawl!$A27:$DZ27,1,Rules!$H$10),"")) | H28: =IF(A28="","",IFERROR(INDEX(Crawl!$A27:$DZ27,1,Rules!$H$12),"")) | I28: =IF(A28="","",IF(AND(N(H28)>0,IFERROR(INDEX(Crawl!$A27:$DZ27,1,Rules!$H$11),"")&""<>""),IFERROR(INDEX(Crawl!$A27:$DZ27,1,Rules!$H$11),"")&"",IF(AND(ISNUMBER(J28),N(J28)>=Rules!$B$12,IFERROR(INDEX(Crawl!$A27:$DZ27,1,Rules!$H$13),"")&""<>""),IFERROR(INDEX(Crawl!$A27:$DZ27,1,Rules!$H$13),"")&"",""))) | J28: =IF(A28="","",IF(IFERROR(INDEX(Crawl!$A27:$DZ27,1,Rules!$H$14),"")&""="","",IFERROR(INDEX(Crawl!$A27:$DZ27,1,Rules!$H$14),""))) | K28: =IF(A28="","",IFERROR(SUMIFS('GSC current'!$J$2:$J$2001,'GSC current'!$I$2:$I$2001,B28),0)) | L28: =IF(A28="","",IFERROR(SUMIFS('GSC current'!$K$2:$K$2001,'GSC current'!$I$2:$I$2001,B28),0)) | M28: =IF(A28="","",IF(N(L28)>0,K28/L28,"")) | N28: =IF(A28="","",IF(N(L28)>0,SUMIFS('GSC current'!$L$2:$L$2001,'GSC current'!$I$2:$I$2001,B28)/L28,"")) | O28: =IF(A28="","",IFERROR(SUMIFS('GSC previous'!$J$2:$J$2001,'GSC previous'!$I$2:$I$2001,B28),0)) | P28: =IF(A28="","",IF(N(O28)>0,(K28-O28)/O28,"")) | Q28: =IF(A28="","",IFERROR(SUMIFS(GA4!$P$2:$P$2001,GA4!$O$2:$O$2001,B28),0)) | R28: =IF(A28="","",IF(N(Q28)>0,SUMIFS(GA4!$Q$2:$Q$2001,GA4!$O$2:$O$2001,B28)/Q28,"")) | S28: =IF(A28="","",IFERROR(SUMIFS(GA4!$R$2:$R$2001,GA4!$O$2:$O$2001,B28),0)) | T28: =IF(A28="","",IF(AND(ISNUMBER(F28),LEFT(C28&"",1)="2"),IF(F28<Rules!$B$9,"Yes","No"),"No")) | U28: =IF(A28="","",IF(AND(N(O28)>=Rules!$B$8,ISNUMBER(P28)),IF(P28<=-Rules!$B$7,"Yes","No"),"No")) | V28: =IF(A28="","",IF(AND(N(L28)>=Rules!$B$6,ISNUMBER(N28)),IF(AND(N28>=Rules!$B$10,N28<=Rules!$B$11),"Yes","No"),"No")) | W28: =IF(A28="","",IF(I28<>"","Yes","No")) | X28: =IF(I28="","",IF(SUMIFS($K$3:$K$2002,$A$3:$A$2002,SUBSTITUTE(SUBSTITUTE(I28,"?","~?"),"*","~*"))>N(K28),"Yes","No")) | Y28: =IF(A28="","",IF(N(S28)>0,"Yes","No")) | Z28: =IF(A28="","",IF(AND(N(K28)<Rules!$B$5,N(L28)<Rules!$B$6,N(Q28)<Rules!$B$13,Y28="No"),"Yes","No")) | AA28: =IF(A28="","",IF(LEFT(C28&"",1)="3","Redirect",IF(OR(LEFT(C28&"",1)="4",LEFT(C28&"",1)="5"),IF(OR(N(K28)>0,N(AC28)>=Rules!$B$14),"Redirect","Prune"),IF(D28="Non-Indexable","Keep",IF(AND(W28="Yes",X28="Yes",Y28="No"),"Merge",IF(OR(U28="Yes",V28="Yes",AND(T28="Yes",N(L28)>=Rules!$B$6)),"Update",IF(Z28="Yes",IF(N(AC28)>=Rules!$B$14,"Redirect","Prune"),"Keep"))))))) | AB28: =IF(A28="","",IF(LEFT(C28&"",1)="3","Already redirects ("&C28&"). Update internal links to point at the final URL.",IF(OR(LEFT(C28&"",1)="4",LEFT(C28&"",1)="5"),IF(AA28="Redirect","Returns "&C28&" but still has "&N(K28)&" clicks and "&N(AC28)&" referring domains. 301 it to the closest live page.","Returns "&C28&" with no clicks or links. Remove internal links and let it 404 or 410."),IF(D28="Non-Indexable","Non-indexable ("&E28&"). Keep if that is intentional; otherwise fix the canonical or noindex.",IF(AA28="Merge","Overlaps with "&I28&IF(N(J28)>0," (similarity "&TEXT(J28,"0.00")&")","")&", which gets more clicks. Merge the useful parts into it and 301 this URL.",IF(AA28="Update",MID(IF(U28="Yes","; Clicks down "&TEXT(-P28,"0%")&" on the previous period","")&IF(V28="Yes","; Average position "&TEXT(N28,"0.0")&" on "&TEXT(L28,"#,##0")&" impressions (striking distance)","")&IF(AND(T28="Yes",N(L28)>=Rules!$B$6),"; Thin ("&F28&" words) but has search demand",""),3,400),IF(AA28="Prune","Low value: "&N(K28)&" clicks, "&N(L28)&" impressions, "&N(Q28)&" sessions, no key events. Remove or noindex it and update internal links.",IF(AA28="Redirect","Low value but "&N(AC28)&" referring domains. 301 it to the closest relevant page to keep those links.",IF(AND(Z28="No",Y28="Yes",N(K28)<Rules!$B$5),"Low search traffic but it converts (key events: "&S28&"). Keep it and link to it.",IF(W28="Yes","Stronger than the page it overlaps ("&I28&"). Keep; merge that page into this one.","Healthy: "&N(K28)&" clicks"&IF(ISNUMBER(N28),", average position "&TEXT(N28,"0.0"),"")&". Keep and monitor.")))))))))) | AE28: =IF(A28="","",IF(AD28<>"",AD28,AA28))
A29: =IF(Crawl!A28="","",Crawl!A28) | B29: =IF(A29="","",Crawl!EC28) | C29: =IF(A29="","",IFERROR(INDEX(Crawl!$A28:$DZ28,1,Rules!$H$6),"")) | D29: =IF(A29="","",IFERROR(INDEX(Crawl!$A28:$DZ28,1,Rules!$H$7),"")&"") | E29: =IF(A29="","",IFERROR(INDEX(Crawl!$A28:$DZ28,1,Rules!$H$8),"")&"") | F29: =IF(A29="","",IFERROR(INDEX(Crawl!$A28:$DZ28,1,Rules!$H$9),"")) | G29: =IF(A29="","",IFERROR(INDEX(Crawl!$A28:$DZ28,1,Rules!$H$10),"")) | H29: =IF(A29="","",IFERROR(INDEX(Crawl!$A28:$DZ28,1,Rules!$H$12),"")) | I29: =IF(A29="","",IF(AND(N(H29)>0,IFERROR(INDEX(Crawl!$A28:$DZ28,1,Rules!$H$11),"")&""<>""),IFERROR(INDEX(Crawl!$A28:$DZ28,1,Rules!$H$11),"")&"",IF(AND(ISNUMBER(J29),N(J29)>=Rules!$B$12,IFERROR(INDEX(Crawl!$A28:$DZ28,1,Rules!$H$13),"")&""<>""),IFERROR(INDEX(Crawl!$A28:$DZ28,1,Rules!$H$13),"")&"",""))) | J29: =IF(A29="","",IF(IFERROR(INDEX(Crawl!$A28:$DZ28,1,Rules!$H$14),"")&""="","",IFERROR(INDEX(Crawl!$A28:$DZ28,1,Rules!$H$14),""))) | K29: =IF(A29="","",IFERROR(SUMIFS('GSC current'!$J$2:$J$2001,'GSC current'!$I$2:$I$2001,B29),0)) | L29: =IF(A29="","",IFERROR(SUMIFS('GSC current'!$K$2:$K$2001,'GSC current'!$I$2:$I$2001,B29),0)) | M29: =IF(A29="","",IF(N(L29)>0,K29/L29,"")) | N29: =IF(A29="","",IF(N(L29)>0,SUMIFS('GSC current'!$L$2:$L$2001,'GSC current'!$I$2:$I$2001,B29)/L29,"")) | O29: =IF(A29="","",IFERROR(SUMIFS('GSC previous'!$J$2:$J$2001,'GSC previous'!$I$2:$I$2001,B29),0)) | P29: =IF(A29="","",IF(N(O29)>0,(K29-O29)/O29,"")) | Q29: =IF(A29="","",IFERROR(SUMIFS(GA4!$P$2:$P$2001,GA4!$O$2:$O$2001,B29),0)) | R29: =IF(A29="","",IF(N(Q29)>0,SUMIFS(GA4!$Q$2:$Q$2001,GA4!$O$2:$O$2001,B29)/Q29,"")) | S29: =IF(A29="","",IFERROR(SUMIFS(GA4!$R$2:$R$2001,GA4!$O$2:$O$2001,B29),0)) | T29: =IF(A29="","",IF(AND(ISNUMBER(F29),LEFT(C29&"",1)="2"),IF(F29<Rules!$B$9,"Yes","No"),"No")) | U29: =IF(A29="","",IF(AND(N(O29)>=Rules!$B$8,ISNUMBER(P29)),IF(P29<=-Rules!$B$7,"Yes","No"),"No")) | V29: =IF(A29="","",IF(AND(N(L29)>=Rules!$B$6,ISNUMBER(N29)),IF(AND(N29>=Rules!$B$10,N29<=Rules!$B$11),"Yes","No"),"No")) | W29: =IF(A29="","",IF(I29<>"","Yes","No")) | X29: =IF(I29="","",IF(SUMIFS($K$3:$K$2002,$A$3:$A$2002,SUBSTITUTE(SUBSTITUTE(I29,"?","~?"),"*","~*"))>N(K29),"Yes","No")) | Y29: =IF(A29="","",IF(N(S29)>0,"Yes","No")) | Z29: =IF(A29="","",IF(AND(N(K29)<Rules!$B$5,N(L29)<Rules!$B$6,N(Q29)<Rules!$B$13,Y29="No"),"Yes","No")) | AA29: =IF(A29="","",IF(LEFT(C29&"",1)="3","Redirect",IF(OR(LEFT(C29&"",1)="4",LEFT(C29&"",1)="5"),IF(OR(N(K29)>0,N(AC29)>=Rules!$B$14),"Redirect","Prune"),IF(D29="Non-Indexable","Keep",IF(AND(W29="Yes",X29="Yes",Y29="No"),"Merge",IF(OR(U29="Yes",V29="Yes",AND(T29="Yes",N(L29)>=Rules!$B$6)),"Update",IF(Z29="Yes",IF(N(AC29)>=Rules!$B$14,"Redirect","Prune"),"Keep"))))))) | AB29: =IF(A29="","",IF(LEFT(C29&"",1)="3","Already redirects ("&C29&"). Update internal links to point at the final URL.",IF(OR(LEFT(C29&"",1)="4",LEFT(C29&"",1)="5"),IF(AA29="Redirect","Returns "&C29&" but still has "&N(K29)&" clicks and "&N(AC29)&" referring domains. 301 it to the closest live page.","Returns "&C29&" with no clicks or links. Remove internal links and let it 404 or 410."),IF(D29="Non-Indexable","Non-indexable ("&E29&"). Keep if that is intentional; otherwise fix the canonical or noindex.",IF(AA29="Merge","Overlaps with "&I29&IF(N(J29)>0," (similarity "&TEXT(J29,"0.00")&")","")&", which gets more clicks. Merge the useful parts into it and 301 this URL.",IF(AA29="Update",MID(IF(U29="Yes","; Clicks down "&TEXT(-P29,"0%")&" on the previous period","")&IF(V29="Yes","; Average position "&TEXT(N29,"0.0")&" on "&TEXT(L29,"#,##0")&" impressions (striking distance)","")&IF(AND(T29="Yes",N(L29)>=Rules!$B$6),"; Thin ("&F29&" words) but has search demand",""),3,400),IF(AA29="Prune","Low value: "&N(K29)&" clicks, "&N(L29)&" impressions, "&N(Q29)&" sessions, no key events. Remove or noindex it and update internal links.",IF(AA29="Redirect","Low value but "&N(AC29)&" referring domains. 301 it to the closest relevant page to keep those links.",IF(AND(Z29="No",Y29="Yes",N(K29)<Rules!$B$5),"Low search traffic but it converts (key events: "&S29&"). Keep it and link to it.",IF(W29="Yes","Stronger than the page it overlaps ("&I29&"). Keep; merge that page into this one.","Healthy: "&N(K29)&" clicks"&IF(ISNUMBER(N29),", average position "&TEXT(N29,"0.0"),"")&". Keep and monitor.")))))))))) | AE29: =IF(A29="","",IF(AD29<>"",AD29,AA29))
A30: =IF(Crawl!A29="","",Crawl!A29) | B30: =IF(A30="","",Crawl!EC29) | C30: =IF(A30="","",IFERROR(INDEX(Crawl!$A29:$DZ29,1,Rules!$H$6),"")) | D30: =IF(A30="","",IFERROR(INDEX(Crawl!$A29:$DZ29,1,Rules!$H$7),"")&"") | E30: =IF(A30="","",IFERROR(INDEX(Crawl!$A29:$DZ29,1,Rules!$H$8),"")&"") | F30: =IF(A30="","",IFERROR(INDEX(Crawl!$A29:$DZ29,1,Rules!$H$9),"")) | G30: =IF(A30="","",IFERROR(INDEX(Crawl!$A29:$DZ29,1,Rules!$H$10),"")) | H30: =IF(A30="","",IFERROR(INDEX(Crawl!$A29:$DZ29,1,Rules!$H$12),"")) | I30: =IF(A30="","",IF(AND(N(H30)>0,IFERROR(INDEX(Crawl!$A29:$DZ29,1,Rules!$H$11),"")&""<>""),IFERROR(INDEX(Crawl!$A29:$DZ29,1,Rules!$H$11),"")&"",IF(AND(ISNUMBER(J30),N(J30)>=Rules!$B$12,IFERROR(INDEX(Crawl!$A29:$DZ29,1,Rules!$H$13),"")&""<>""),IFERROR(INDEX(Crawl!$A29:$DZ29,1,Rules!$H$13),"")&"",""))) | J30: =IF(A30="","",IF(IFERROR(INDEX(Crawl!$A29:$DZ29,1,Rules!$H$14),"")&""="","",IFERROR(INDEX(Crawl!$A29:$DZ29,1,Rules!$H$14),""))) | K30: =IF(A30="","",IFERROR(SUMIFS('GSC current'!$J$2:$J$2001,'GSC current'!$I$2:$I$2001,B30),0)) | L30: =IF(A30="","",IFERROR(SUMIFS('GSC current'!$K$2:$K$2001,'GSC current'!$I$2:$I$2001,B30),0)) | M30: =IF(A30="","",IF(N(L30)>0,K30/L30,"")) | N30: =IF(A30="","",IF(N(L30)>0,SUMIFS('GSC current'!$L$2:$L$2001,'GSC current'!$I$2:$I$2001,B30)/L30,"")) | O30: =IF(A30="","",IFERROR(SUMIFS('GSC previous'!$J$2:$J$2001,'GSC previous'!$I$2:$I$2001,B30),0)) | P30: =IF(A30="","",IF(N(O30)>0,(K30-O30)/O30,"")) | Q30: =IF(A30="","",IFERROR(SUMIFS(GA4!$P$2:$P$2001,GA4!$O$2:$O$2001,B30),0)) | R30: =IF(A30="","",IF(N(Q30)>0,SUMIFS(GA4!$Q$2:$Q$2001,GA4!$O$2:$O$2001,B30)/Q30,"")) | S30: =IF(A30="","",IFERROR(SUMIFS(GA4!$R$2:$R$2001,GA4!$O$2:$O$2001,B30),0)) | T30: =IF(A30="","",IF(AND(ISNUMBER(F30),LEFT(C30&"",1)="2"),IF(F30<Rules!$B$9,"Yes","No"),"No")) | U30: =IF(A30="","",IF(AND(N(O30)>=Rules!$B$8,ISNUMBER(P30)),IF(P30<=-Rules!$B$7,"Yes","No"),"No")) | V30: =IF(A30="","",IF(AND(N(L30)>=Rules!$B$6,ISNUMBER(N30)),IF(AND(N30>=Rules!$B$10,N30<=Rules!$B$11),"Yes","No"),"No")) | W30: =IF(A30="","",IF(I30<>"","Yes","No")) | X30: =IF(I30="","",IF(SUMIFS($K$3:$K$2002,$A$3:$A$2002,SUBSTITUTE(SUBSTITUTE(I30,"?","~?"),"*","~*"))>N(K30),"Yes","No")) | Y30: =IF(A30="","",IF(N(S30)>0,"Yes","No")) | Z30: =IF(A30="","",IF(AND(N(K30)<Rules!$B$5,N(L30)<Rules!$B$6,N(Q30)<Rules!$B$13,Y30="No"),"Yes","No")) | AA30: =IF(A30="","",IF(LEFT(C30&"",1)="3","Redirect",IF(OR(LEFT(C30&"",1)="4",LEFT(C30&"",1)="5"),IF(OR(N(K30)>0,N(AC30)>=Rules!$B$14),"Redirect","Prune"),IF(D30="Non-Indexable","Keep",IF(AND(W30="Yes",X30="Yes",Y30="No"),"Merge",IF(OR(U30="Yes",V30="Yes",AND(T30="Yes",N(L30)>=Rules!$B$6)),"Update",IF(Z30="Yes",IF(N(AC30)>=Rules!$B$14,"Redirect","Prune"),"Keep"))))))) | AB30: =IF(A30="","",IF(LEFT(C30&"",1)="3","Already redirects ("&C30&"). Update internal links to point at the final URL.",IF(OR(LEFT(C30&"",1)="4",LEFT(C30&"",1)="5"),IF(AA30="Redirect","Returns "&C30&" but still has "&N(K30)&" clicks and "&N(AC30)&" referring domains. 301 it to the closest live page.","Returns "&C30&" with no clicks or links. Remove internal links and let it 404 or 410."),IF(D30="Non-Indexable","Non-indexable ("&E30&"). Keep if that is intentional; otherwise fix the canonical or noindex.",IF(AA30="Merge","Overlaps with "&I30&IF(N(J30)>0," (similarity "&TEXT(J30,"0.00")&")","")&", which gets more clicks. Merge the useful parts into it and 301 this URL.",IF(AA30="Update",MID(IF(U30="Yes","; Clicks down "&TEXT(-P30,"0%")&" on the previous period","")&IF(V30="Yes","; Average position "&TEXT(N30,"0.0")&" on "&TEXT(L30,"#,##0")&" impressions (striking distance)","")&IF(AND(T30="Yes",N(L30)>=Rules!$B$6),"; Thin ("&F30&" words) but has search demand",""),3,400),IF(AA30="Prune","Low value: "&N(K30)&" clicks, "&N(L30)&" impressions, "&N(Q30)&" sessions, no key events. Remove or noindex it and update internal links.",IF(AA30="Redirect","Low value but "&N(AC30)&" referring domains. 301 it to the closest relevant page to keep those links.",IF(AND(Z30="No",Y30="Yes",N(K30)<Rules!$B$5),"Low search traffic but it converts (key events: "&S30&"). Keep it and link to it.",IF(W30="Yes","Stronger than the page it overlaps ("&I30&"). Keep; merge that page into this one.","Healthy: "&N(K30)&" clicks"&IF(ISNUMBER(N30),", average position "&TEXT(N30,"0.0"),"")&". Keep and monitor.")))))))))) | AE30: =IF(A30="","",IF(AD30<>"",AD30,AA30))
A31: =IF(Crawl!A30="","",Crawl!A30) | B31: =IF(A31="","",Crawl!EC30) | C31: =IF(A31="","",IFERROR(INDEX(Crawl!$A30:$DZ30,1,Rules!$H$6),"")) | D31: =IF(A31="","",IFERROR(INDEX(Crawl!$A30:$DZ30,1,Rules!$H$7),"")&"") | E31: =IF(A31="","",IFERROR(INDEX(Crawl!$A30:$DZ30,1,Rules!$H$8),"")&"") | F31: =IF(A31="","",IFERROR(INDEX(Crawl!$A30:$DZ30,1,Rules!$H$9),"")) | G31: =IF(A31="","",IFERROR(INDEX(Crawl!$A30:$DZ30,1,Rules!$H$10),"")) | H31: =IF(A31="","",IFERROR(INDEX(Crawl!$A30:$DZ30,1,Rules!$H$12),"")) | I31: =IF(A31="","",IF(AND(N(H31)>0,IFERROR(INDEX(Crawl!$A30:$DZ30,1,Rules!$H$11),"")&""<>""),IFERROR(INDEX(Crawl!$A30:$DZ30,1,Rules!$H$11),"")&"",IF(AND(ISNUMBER(J31),N(J31)>=Rules!$B$12,IFERROR(INDEX(Crawl!$A30:$DZ30,1,Rules!$H$13),"")&""<>""),IFERROR(INDEX(Crawl!$A30:$DZ30,1,Rules!$H$13),"")&"",""))) | J31: =IF(A31="","",IF(IFERROR(INDEX(Crawl!$A30:$DZ30,1,Rules!$H$14),"")&""="","",IFERROR(INDEX(Crawl!$A30:$DZ30,1,Rules!$H$14),""))) | K31: =IF(A31="","",IFERROR(SUMIFS('GSC current'!$J$2:$J$2001,'GSC current'!$I$2:$I$2001,B31),0)) | L31: =IF(A31="","",IFERROR(SUMIFS('GSC current'!$K$2:$K$2001,'GSC current'!$I$2:$I$2001,B31),0)) | M31: =IF(A31="","",IF(N(L31)>0,K31/L31,"")) | N31: =IF(A31="","",IF(N(L31)>0,SUMIFS('GSC current'!$L$2:$L$2001,'GSC current'!$I$2:$I$2001,B31)/L31,"")) | O31: =IF(A31="","",IFERROR(SUMIFS('GSC previous'!$J$2:$J$2001,'GSC previous'!$I$2:$I$2001,B31),0)) | P31: =IF(A31="","",IF(N(O31)>0,(K31-O31)/O31,"")) | Q31: =IF(A31="","",IFERROR(SUMIFS(GA4!$P$2:$P$2001,GA4!$O$2:$O$2001,B31),0)) | R31: =IF(A31="","",IF(N(Q31)>0,SUMIFS(GA4!$Q$2:$Q$2001,GA4!$O$2:$O$2001,B31)/Q31,"")) | S31: =IF(A31="","",IFERROR(SUMIFS(GA4!$R$2:$R$2001,GA4!$O$2:$O$2001,B31),0)) | T31: =IF(A31="","",IF(AND(ISNUMBER(F31),LEFT(C31&"",1)="2"),IF(F31<Rules!$B$9,"Yes","No"),"No")) | U31: =IF(A31="","",IF(AND(N(O31)>=Rules!$B$8,ISNUMBER(P31)),IF(P31<=-Rules!$B$7,"Yes","No"),"No")) | V31: =IF(A31="","",IF(AND(N(L31)>=Rules!$B$6,ISNUMBER(N31)),IF(AND(N31>=Rules!$B$10,N31<=Rules!$B$11),"Yes","No"),"No")) | W31: =IF(A31="","",IF(I31<>"","Yes","No")) | X31: =IF(I31="","",IF(SUMIFS($K$3:$K$2002,$A$3:$A$2002,SUBSTITUTE(SUBSTITUTE(I31,"?","~?"),"*","~*"))>N(K31),"Yes","No")) | Y31: =IF(A31="","",IF(N(S31)>0,"Yes","No")) | Z31: =IF(A31="","",IF(AND(N(K31)<Rules!$B$5,N(L31)<Rules!$B$6,N(Q31)<Rules!$B$13,Y31="No"),"Yes","No")) | AA31: =IF(A31="","",IF(LEFT(C31&"",1)="3","Redirect",IF(OR(LEFT(C31&"",1)="4",LEFT(C31&"",1)="5"),IF(OR(N(K31)>0,N(AC31)>=Rules!$B$14),"Redirect","Prune"),IF(D31="Non-Indexable","Keep",IF(AND(W31="Yes",X31="Yes",Y31="No"),"Merge",IF(OR(U31="Yes",V31="Yes",AND(T31="Yes",N(L31)>=Rules!$B$6)),"Update",IF(Z31="Yes",IF(N(AC31)>=Rules!$B$14,"Redirect","Prune"),"Keep"))))))) | AB31: =IF(A31="","",IF(LEFT(C31&"",1)="3","Already redirects ("&C31&"). Update internal links to point at the final URL.",IF(OR(LEFT(C31&"",1)="4",LEFT(C31&"",1)="5"),IF(AA31="Redirect","Returns "&C31&" but still has "&N(K31)&" clicks and "&N(AC31)&" referring domains. 301 it to the closest live page.","Returns "&C31&" with no clicks or links. Remove internal links and let it 404 or 410."),IF(D31="Non-Indexable","Non-indexable ("&E31&"). Keep if that is intentional; otherwise fix the canonical or noindex.",IF(AA31="Merge","Overlaps with "&I31&IF(N(J31)>0," (similarity "&TEXT(J31,"0.00")&")","")&", which gets more clicks. Merge the useful parts into it and 301 this URL.",IF(AA31="Update",MID(IF(U31="Yes","; Clicks down "&TEXT(-P31,"0%")&" on the previous period","")&IF(V31="Yes","; Average position "&TEXT(N31,"0.0")&" on "&TEXT(L31,"#,##0")&" impressions (striking distance)","")&IF(AND(T31="Yes",N(L31)>=Rules!$B$6),"; Thin ("&F31&" words) but has search demand",""),3,400),IF(AA31="Prune","Low value: "&N(K31)&" clicks, "&N(L31)&" impressions, "&N(Q31)&" sessions, no key events. Remove or noindex it and update internal links.",IF(AA31="Redirect","Low value but "&N(AC31)&" referring domains. 301 it to the closest relevant page to keep those links.",IF(AND(Z31="No",Y31="Yes",N(K31)<Rules!$B$5),"Low search traffic but it converts (key events: "&S31&"). Keep it and link to it.",IF(W31="Yes","Stronger than the page it overlaps ("&I31&"). Keep; merge that page into this one.","Healthy: "&N(K31)&" clicks"&IF(ISNUMBER(N31),", average position "&TEXT(N31,"0.0"),"")&". Keep and monitor.")))))))))) | AE31: =IF(A31="","",IF(AD31<>"",AD31,AA31))
A32: =IF(Crawl!A31="","",Crawl!A31) | B32: =IF(A32="","",Crawl!EC31) | C32: =IF(A32="","",IFERROR(INDEX(Crawl!$A31:$DZ31,1,Rules!$H$6),"")) | D32: =IF(A32="","",IFERROR(INDEX(Crawl!$A31:$DZ31,1,Rules!$H$7),"")&"") | E32: =IF(A32="","",IFERROR(INDEX(Crawl!$A31:$DZ31,1,Rules!$H$8),"")&"") | F32: =IF(A32="","",IFERROR(INDEX(Crawl!$A31:$DZ31,1,Rules!$H$9),"")) | G32: =IF(A32="","",IFERROR(INDEX(Crawl!$A31:$DZ31,1,Rules!$H$10),"")) | H32: =IF(A32="","",IFERROR(INDEX(Crawl!$A31:$DZ31,1,Rules!$H$12),"")) | I32: =IF(A32="","",IF(AND(N(H32)>0,IFERROR(INDEX(Crawl!$A31:$DZ31,1,Rules!$H$11),"")&""<>""),IFERROR(INDEX(Crawl!$A31:$DZ31,1,Rules!$H$11),"")&"",IF(AND(ISNUMBER(J32),N(J32)>=Rules!$B$12,IFERROR(INDEX(Crawl!$A31:$DZ31,1,Rules!$H$13),"")&""<>""),IFERROR(INDEX(Crawl!$A31:$DZ31,1,Rules!$H$13),"")&"",""))) | J32: =IF(A32="","",IF(IFERROR(INDEX(Crawl!$A31:$DZ31,1,Rules!$H$14),"")&""="","",IFERROR(INDEX(Crawl!$A31:$DZ31,1,Rules!$H$14),""))) | K32: =IF(A32="","",IFERROR(SUMIFS('GSC current'!$J$2:$J$2001,'GSC current'!$I$2:$I$2001,B32),0)) | L32: =IF(A32="","",IFERROR(SUMIFS('GSC current'!$K$2:$K$2001,'GSC current'!$I$2:$I$2001,B32),0)) | M32: =IF(A32="","",IF(N(L32)>0,K32/L32,"")) | N32: =IF(A32="","",IF(N(L32)>0,SUMIFS('GSC current'!$L$2:$L$2001,'GSC current'!$I$2:$I$2001,B32)/L32,"")) | O32: =IF(A32="","",IFERROR(SUMIFS('GSC previous'!$J$2:$J$2001,'GSC previous'!$I$2:$I$2001,B32),0)) | P32: =IF(A32="","",IF(N(O32)>0,(K32-O32)/O32,"")) | Q32: =IF(A32="","",IFERROR(SUMIFS(GA4!$P$2:$P$2001,GA4!$O$2:$O$2001,B32),0)) | R32: =IF(A32="","",IF(N(Q32)>0,SUMIFS(GA4!$Q$2:$Q$2001,GA4!$O$2:$O$2001,B32)/Q32,"")) | S32: =IF(A32="","",IFERROR(SUMIFS(GA4!$R$2:$R$2001,GA4!$O$2:$O$2001,B32),0)) | T32: =IF(A32="","",IF(AND(ISNUMBER(F32),LEFT(C32&"",1)="2"),IF(F32<Rules!$B$9,"Yes","No"),"No")) | U32: =IF(A32="","",IF(AND(N(O32)>=Rules!$B$8,ISNUMBER(P32)),IF(P32<=-Rules!$B$7,"Yes","No"),"No")) | V32: =IF(A32="","",IF(AND(N(L32)>=Rules!$B$6,ISNUMBER(N32)),IF(AND(N32>=Rules!$B$10,N32<=Rules!$B$11),"Yes","No"),"No")) | W32: =IF(A32="","",IF(I32<>"","Yes","No")) | X32: =IF(I32="","",IF(SUMIFS($K$3:$K$2002,$A$3:$A$2002,SUBSTITUTE(SUBSTITUTE(I32,"?","~?"),"*","~*"))>N(K32),"Yes","No")) | Y32: =IF(A32="","",IF(N(S32)>0,"Yes","No")) | Z32: =IF(A32="","",IF(AND(N(K32)<Rules!$B$5,N(L32)<Rules!$B$6,N(Q32)<Rules!$B$13,Y32="No"),"Yes","No")) | AA32: =IF(A32="","",IF(LEFT(C32&"",1)="3","Redirect",IF(OR(LEFT(C32&"",1)="4",LEFT(C32&"",1)="5"),IF(OR(N(K32)>0,N(AC32)>=Rules!$B$14),"Redirect","Prune"),IF(D32="Non-Indexable","Keep",IF(AND(W32="Yes",X32="Yes",Y32="No"),"Merge",IF(OR(U32="Yes",V32="Yes",AND(T32="Yes",N(L32)>=Rules!$B$6)),"Update",IF(Z32="Yes",IF(N(AC32)>=Rules!$B$14,"Redirect","Prune"),"Keep"))))))) | AB32: =IF(A32="","",IF(LEFT(C32&"",1)="3","Already redirects ("&C32&"). Update internal links to point at the final URL.",IF(OR(LEFT(C32&"",1)="4",LEFT(C32&"",1)="5"),IF(AA32="Redirect","Returns "&C32&" but still has "&N(K32)&" clicks and "&N(AC32)&" referring domains. 301 it to the closest live page.","Returns "&C32&" with no clicks or links. Remove internal links and let it 404 or 410."),IF(D32="Non-Indexable","Non-indexable ("&E32&"). Keep if that is intentional; otherwise fix the canonical or noindex.",IF(AA32="Merge","Overlaps with "&I32&IF(N(J32)>0," (similarity "&TEXT(J32,"0.00")&")","")&", which gets more clicks. Merge the useful parts into it and 301 this URL.",IF(AA32="Update",MID(IF(U32="Yes","; Clicks down "&TEXT(-P32,"0%")&" on the previous period","")&IF(V32="Yes","; Average position "&TEXT(N32,"0.0")&" on "&TEXT(L32,"#,##0")&" impressions (striking distance)","")&IF(AND(T32="Yes",N(L32)>=Rules!$B$6),"; Thin ("&F32&" words) but has search demand",""),3,400),IF(AA32="Prune","Low value: "&N(K32)&" clicks, "&N(L32)&" impressions, "&N(Q32)&" sessions, no key events. Remove or noindex it and update internal links.",IF(AA32="Redirect","Low value but "&N(AC32)&" referring domains. 301 it to the closest relevant page to keep those links.",IF(AND(Z32="No",Y32="Yes",N(K32)<Rules!$B$5),"Low search traffic but it converts (key events: "&S32&"). Keep it and link to it.",IF(W32="Yes","Stronger than the page it overlaps ("&I32&"). Keep; merge that page into this one.","Healthy: "&N(K32)&" clicks"&IF(ISNUMBER(N32),", average position "&TEXT(N32,"0.0"),"")&". Keep and monitor.")))))))))) | AE32: =IF(A32="","",IF(AD32<>"",AD32,AA32))
A33: =IF(Crawl!A32="","",Crawl!A32) | B33: =IF(A33="","",Crawl!EC32) | C33: =IF(A33="","",IFERROR(INDEX(Crawl!$A32:$DZ32,1,Rules!$H$6),"")) | D33: =IF(A33="","",IFERROR(INDEX(Crawl!$A32:$DZ32,1,Rules!$H$7),"")&"") | E33: =IF(A33="","",IFERROR(INDEX(Crawl!$A32:$DZ32,1,Rules!$H$8),"")&"") | F33: =IF(A33="","",IFERROR(INDEX(Crawl!$A32:$DZ32,1,Rules!$H$9),"")) | G33: =IF(A33="","",IFERROR(INDEX(Crawl!$A32:$DZ32,1,Rules!$H$10),"")) | H33: =IF(A33="","",IFERROR(INDEX(Crawl!$A32:$DZ32,1,Rules!$H$12),"")) | I33: =IF(A33="","",IF(AND(N(H33)>0,IFERROR(INDEX(Crawl!$A32:$DZ32,1,Rules!$H$11),"")&""<>""),IFERROR(INDEX(Crawl!$A32:$DZ32,1,Rules!$H$11),"")&"",IF(AND(ISNUMBER(J33),N(J33)>=Rules!$B$12,IFERROR(INDEX(Crawl!$A32:$DZ32,1,Rules!$H$13),"")&""<>""),IFERROR(INDEX(Crawl!$A32:$DZ32,1,Rules!$H$13),"")&"",""))) | J33: =IF(A33="","",IF(IFERROR(INDEX(Crawl!$A32:$DZ32,1,Rules!$H$14),"")&""="","",IFERROR(INDEX(Crawl!$A32:$DZ32,1,Rules!$H$14),""))) | K33: =IF(A33="","",IFERROR(SUMIFS('GSC current'!$J$2:$J$2001,'GSC current'!$I$2:$I$2001,B33),0)) | L33: =IF(A33="","",IFERROR(SUMIFS('GSC current'!$K$2:$K$2001,'GSC current'!$I$2:$I$2001,B33),0)) | M33: =IF(A33="","",IF(N(L33)>0,K33/L33,"")) | N33: =IF(A33="","",IF(N(L33)>0,SUMIFS('GSC current'!$L$2:$L$2001,'GSC current'!$I$2:$I$2001,B33)/L33,"")) | O33: =IF(A33="","",IFERROR(SUMIFS('GSC previous'!$J$2:$J$2001,'GSC previous'!$I$2:$I$2001,B33),0)) | P33: =IF(A33="","",IF(N(O33)>0,(K33-O33)/O33,"")) | Q33: =IF(A33="","",IFERROR(SUMIFS(GA4!$P$2:$P$2001,GA4!$O$2:$O$2001,B33),0)) | R33: =IF(A33="","",IF(N(Q33)>0,SUMIFS(GA4!$Q$2:$Q$2001,GA4!$O$2:$O$2001,B33)/Q33,"")) | S33: =IF(A33="","",IFERROR(SUMIFS(GA4!$R$2:$R$2001,GA4!$O$2:$O$2001,B33),0)) | T33: =IF(A33="","",IF(AND(ISNUMBER(F33),LEFT(C33&"",1)="2"),IF(F33<Rules!$B$9,"Yes","No"),"No")) | U33: =IF(A33="","",IF(AND(N(O33)>=Rules!$B$8,ISNUMBER(P33)),IF(P33<=-Rules!$B$7,"Yes","No"),"No")) | V33: =IF(A33="","",IF(AND(N(L33)>=Rules!$B$6,ISNUMBER(N33)),IF(AND(N33>=Rules!$B$10,N33<=Rules!$B$11),"Yes","No"),"No")) | W33: =IF(A33="","",IF(I33<>"","Yes","No")) | X33: =IF(I33="","",IF(SUMIFS($K$3:$K$2002,$A$3:$A$2002,SUBSTITUTE(SUBSTITUTE(I33,"?","~?"),"*","~*"))>N(K33),"Yes","No")) | Y33: =IF(A33="","",IF(N(S33)>0,"Yes","No")) | Z33: =IF(A33="","",IF(AND(N(K33)<Rules!$B$5,N(L33)<Rules!$B$6,N(Q33)<Rules!$B$13,Y33="No"),"Yes","No")) | AA33: =IF(A33="","",IF(LEFT(C33&"",1)="3","Redirect",IF(OR(LEFT(C33&"",1)="4",LEFT(C33&"",1)="5"),IF(OR(N(K33)>0,N(AC33)>=Rules!$B$14),"Redirect","Prune"),IF(D33="Non-Indexable","Keep",IF(AND(W33="Yes",X33="Yes",Y33="No"),"Merge",IF(OR(U33="Yes",V33="Yes",AND(T33="Yes",N(L33)>=Rules!$B$6)),"Update",IF(Z33="Yes",IF(N(AC33)>=Rules!$B$14,"Redirect","Prune"),"Keep"))))))) | AB33: =IF(A33="","",IF(LEFT(C33&"",1)="3","Already redirects ("&C33&"). Update internal links to point at the final URL.",IF(OR(LEFT(C33&"",1)="4",LEFT(C33&"",1)="5"),IF(AA33="Redirect","Returns "&C33&" but still has "&N(K33)&" clicks and "&N(AC33)&" referring domains. 301 it to the closest live page.","Returns "&C33&" with no clicks or links. Remove internal links and let it 404 or 410."),IF(D33="Non-Indexable","Non-indexable ("&E33&"). Keep if that is intentional; otherwise fix the canonical or noindex.",IF(AA33="Merge","Overlaps with "&I33&IF(N(J33)>0," (similarity "&TEXT(J33,"0.00")&")","")&", which gets more clicks. Merge the useful parts into it and 301 this URL.",IF(AA33="Update",MID(IF(U33="Yes","; Clicks down "&TEXT(-P33,"0%")&" on the previous period","")&IF(V33="Yes","; Average position "&TEXT(N33,"0.0")&" on "&TEXT(L33,"#,##0")&" impressions (striking distance)","")&IF(AND(T33="Yes",N(L33)>=Rules!$B$6),"; Thin ("&F33&" words) but has search demand",""),3,400),IF(AA33="Prune","Low value: "&N(K33)&" clicks, "&N(L33)&" impressions, "&N(Q33)&" sessions, no key events. Remove or noindex it and update internal links.",IF(AA33="Redirect","Low value but "&N(AC33)&" referring domains. 301 it to the closest relevant page to keep those links.",IF(AND(Z33="No",Y33="Yes",N(K33)<Rules!$B$5),"Low search traffic but it converts (key events: "&S33&"). Keep it and link to it.",IF(W33="Yes","Stronger than the page it overlaps ("&I33&"). Keep; merge that page into this one.","Healthy: "&N(K33)&" clicks"&IF(ISNUMBER(N33),", average position "&TEXT(N33,"0.0"),"")&". Keep and monitor.")))))))))) | AE33: =IF(A33="","",IF(AD33<>"",AD33,AA33))
A34: =IF(Crawl!A33="","",Crawl!A33) | B34: =IF(A34="","",Crawl!EC33) | C34: =IF(A34="","",IFERROR(INDEX(Crawl!$A33:$DZ33,1,Rules!$H$6),"")) | D34: =IF(A34="","",IFERROR(INDEX(Crawl!$A33:$DZ33,1,Rules!$H$7),"")&"") | E34: =IF(A34="","",IFERROR(INDEX(Crawl!$A33:$DZ33,1,Rules!$H$8),"")&"") | F34: =IF(A34="","",IFERROR(INDEX(Crawl!$A33:$DZ33,1,Rules!$H$9),"")) | G34: =IF(A34="","",IFERROR(INDEX(Crawl!$A33:$DZ33,1,Rules!$H$10),"")) | H34: =IF(A34="","",IFERROR(INDEX(Crawl!$A33:$DZ33,1,Rules!$H$12),"")) | I34: =IF(A34="","",IF(AND(N(H34)>0,IFERROR(INDEX(Crawl!$A33:$DZ33,1,Rules!$H$11),"")&""<>""),IFERROR(INDEX(Crawl!$A33:$DZ33,1,Rules!$H$11),"")&"",IF(AND(ISNUMBER(J34),N(J34)>=Rules!$B$12,IFERROR(INDEX(Crawl!$A33:$DZ33,1,Rules!$H$13),"")&""<>""),IFERROR(INDEX(Crawl!$A33:$DZ33,1,Rules!$H$13),"")&"",""))) | J34: =IF(A34="","",IF(IFERROR(INDEX(Crawl!$A33:$DZ33,1,Rules!$H$14),"")&""="","",IFERROR(INDEX(Crawl!$A33:$DZ33,1,Rules!$H$14),""))) | K34: =IF(A34="","",IFERROR(SUMIFS('GSC current'!$J$2:$J$2001,'GSC current'!$I$2:$I$2001,B34),0)) | L34: =IF(A34="","",IFERROR(SUMIFS('GSC current'!$K$2:$K$2001,'GSC current'!$I$2:$I$2001,B34),0)) | M34: =IF(A34="","",IF(N(L34)>0,K34/L34,"")) | N34: =IF(A34="","",IF(N(L34)>0,SUMIFS('GSC current'!$L$2:$L$2001,'GSC current'!$I$2:$I$2001,B34)/L34,"")) | O34: =IF(A34="","",IFERROR(SUMIFS('GSC previous'!$J$2:$J$2001,'GSC previous'!$I$2:$I$2001,B34),0)) | P34: =IF(A34="","",IF(N(O34)>0,(K34-O34)/O34,"")) | Q34: =IF(A34="","",IFERROR(SUMIFS(GA4!$P$2:$P$2001,GA4!$O$2:$O$2001,B34),0)) | R34: =IF(A34="","",IF(N(Q34)>0,SUMIFS(GA4!$Q$2:$Q$2001,GA4!$O$2:$O$2001,B34)/Q34,"")) | S34: =IF(A34="","",IFERROR(SUMIFS(GA4!$R$2:$R$2001,GA4!$O$2:$O$2001,B34),0)) | T34: =IF(A34="","",IF(AND(ISNUMBER(F34),LEFT(C34&"",1)="2"),IF(F34<Rules!$B$9,"Yes","No"),"No")) | U34: =IF(A34="","",IF(AND(N(O34)>=Rules!$B$8,ISNUMBER(P34)),IF(P34<=-Rules!$B$7,"Yes","No"),"No")) | V34: =IF(A34="","",IF(AND(N(L34)>=Rules!$B$6,ISNUMBER(N34)),IF(AND(N34>=Rules!$B$10,N34<=Rules!$B$11),"Yes","No"),"No")) | W34: =IF(A34="","",IF(I34<>"","Yes","No")) | X34: =IF(I34="","",IF(SUMIFS($K$3:$K$2002,$A$3:$A$2002,SUBSTITUTE(SUBSTITUTE(I34,"?","~?"),"*","~*"))>N(K34),"Yes","No")) | Y34: =IF(A34="","",IF(N(S34)>0,"Yes","No")) | Z34: =IF(A34="","",IF(AND(N(K34)<Rules!$B$5,N(L34)<Rules!$B$6,N(Q34)<Rules!$B$13,Y34="No"),"Yes","No")) | AA34: =IF(A34="","",IF(LEFT(C34&"",1)="3","Redirect",IF(OR(LEFT(C34&"",1)="4",LEFT(C34&"",1)="5"),IF(OR(N(K34)>0,N(AC34)>=Rules!$B$14),"Redirect","Prune"),IF(D34="Non-Indexable","Keep",IF(AND(W34="Yes",X34="Yes",Y34="No"),"Merge",IF(OR(U34="Yes",V34="Yes",AND(T34="Yes",N(L34)>=Rules!$B$6)),"Update",IF(Z34="Yes",IF(N(AC34)>=Rules!$B$14,"Redirect","Prune"),"Keep"))))))) | AB34: =IF(A34="","",IF(LEFT(C34&"",1)="3","Already redirects ("&C34&"). Update internal links to point at the final URL.",IF(OR(LEFT(C34&"",1)="4",LEFT(C34&"",1)="5"),IF(AA34="Redirect","Returns "&C34&" but still has "&N(K34)&" clicks and "&N(AC34)&" referring domains. 301 it to the closest live page.","Returns "&C34&" with no clicks or links. Remove internal links and let it 404 or 410."),IF(D34="Non-Indexable","Non-indexable ("&E34&"). Keep if that is intentional; otherwise fix the canonical or noindex.",IF(AA34="Merge","Overlaps with "&I34&IF(N(J34)>0," (similarity "&TEXT(J34,"0.00")&")","")&", which gets more clicks. Merge the useful parts into it and 301 this URL.",IF(AA34="Update",MID(IF(U34="Yes","; Clicks down "&TEXT(-P34,"0%")&" on the previous period","")&IF(V34="Yes","; Average position "&TEXT(N34,"0.0")&" on "&TEXT(L34,"#,##0")&" impressions (striking distance)","")&IF(AND(T34="Yes",N(L34)>=Rules!$B$6),"; Thin ("&F34&" words) but has search demand",""),3,400),IF(AA34="Prune","Low value: "&N(K34)&" clicks, "&N(L34)&" impressions, "&N(Q34)&" sessions, no key events. Remove or noindex it and update internal links.",IF(AA34="Redirect","Low value but "&N(AC34)&" referring domains. 301 it to the closest relevant page to keep those links.",IF(AND(Z34="No",Y34="Yes",N(K34)<Rules!$B$5),"Low search traffic but it converts (key events: "&S34&"). Keep it and link to it.",IF(W34="Yes","Stronger than the page it overlaps ("&I34&"). Keep; merge that page into this one.","Healthy: "&N(K34)&" clicks"&IF(ISNUMBER(N34),", average position "&TEXT(N34,"0.0"),"")&". Keep and monitor.")))))))))) | AE34: =IF(A34="","",IF(AD34<>"",AD34,AA34))
A35: =IF(Crawl!A34="","",Crawl!A34) | B35: =IF(A35="","",Crawl!EC34) | C35: =IF(A35="","",IFERROR(INDEX(Crawl!$A34:$DZ34,1,Rules!$H$6),"")) | D35: =IF(A35="","",IFERROR(INDEX(Crawl!$A34:$DZ34,1,Rules!$H$7),"")&"") | E35: =IF(A35="","",IFERROR(INDEX(Crawl!$A34:$DZ34,1,Rules!$H$8),"")&"") | F35: =IF(A35="","",IFERROR(INDEX(Crawl!$A34:$DZ34,1,Rules!$H$9),"")) | G35: =IF(A35="","",IFERROR(INDEX(Crawl!$A34:$DZ34,1,Rules!$H$10),"")) | H35: =IF(A35="","",IFERROR(INDEX(Crawl!$A34:$DZ34,1,Rules!$H$12),"")) | I35: =IF(A35="","",IF(AND(N(H35)>0,IFERROR(INDEX(Crawl!$A34:$DZ34,1,Rules!$H$11),"")&""<>""),IFERROR(INDEX(Crawl!$A34:$DZ34,1,Rules!$H$11),"")&"",IF(AND(ISNUMBER(J35),N(J35)>=Rules!$B$12,IFERROR(INDEX(Crawl!$A34:$DZ34,1,Rules!$H$13),"")&""<>""),IFERROR(INDEX(Crawl!$A34:$DZ34,1,Rules!$H$13),"")&"",""))) | J35: =IF(A35="","",IF(IFERROR(INDEX(Crawl!$A34:$DZ34,1,Rules!$H$14),"")&""="","",IFERROR(INDEX(Crawl!$A34:$DZ34,1,Rules!$H$14),""))) | K35: =IF(A35="","",IFERROR(SUMIFS('GSC current'!$J$2:$J$2001,'GSC current'!$I$2:$I$2001,B35),0)) | L35: =IF(A35="","",IFERROR(SUMIFS('GSC current'!$K$2:$K$2001,'GSC current'!$I$2:$I$2001,B35),0)) | M35: =IF(A35="","",IF(N(L35)>0,K35/L35,"")) | N35: =IF(A35="","",IF(N(L35)>0,SUMIFS('GSC current'!$L$2:$L$2001,'GSC current'!$I$2:$I$2001,B35)/L35,"")) | O35: =IF(A35="","",IFERROR(SUMIFS('GSC previous'!$J$2:$J$2001,'GSC previous'!$I$2:$I$2001,B35),0)) | P35: =IF(A35="","",IF(N(O35)>0,(K35-O35)/O35,"")) | Q35: =IF(A35="","",IFERROR(SUMIFS(GA4!$P$2:$P$2001,GA4!$O$2:$O$2001,B35),0)) | R35: =IF(A35="","",IF(N(Q35)>0,SUMIFS(GA4!$Q$2:$Q$2001,GA4!$O$2:$O$2001,B35)/Q35,"")) | S35: =IF(A35="","",IFERROR(SUMIFS(GA4!$R$2:$R$2001,GA4!$O$2:$O$2001,B35),0)) | T35: =IF(A35="","",IF(AND(ISNUMBER(F35),LEFT(C35&"",1)="2"),IF(F35<Rules!$B$9,"Yes","No"),"No")) | U35: =IF(A35="","",IF(AND(N(O35)>=Rules!$B$8,ISNUMBER(P35)),IF(P35<=-Rules!$B$7,"Yes","No"),"No")) | V35: =IF(A35="","",IF(AND(N(L35)>=Rules!$B$6,ISNUMBER(N35)),IF(AND(N35>=Rules!$B$10,N35<=Rules!$B$11),"Yes","No"),"No")) | W35: =IF(A35="","",IF(I35<>"","Yes","No")) | X35: =IF(I35="","",IF(SUMIFS($K$3:$K$2002,$A$3:$A$2002,SUBSTITUTE(SUBSTITUTE(I35,"?","~?"),"*","~*"))>N(K35),"Yes","No")) | Y35: =IF(A35="","",IF(N(S35)>0,"Yes","No")) | Z35: =IF(A35="","",IF(AND(N(K35)<Rules!$B$5,N(L35)<Rules!$B$6,N(Q35)<Rules!$B$13,Y35="No"),"Yes","No")) | AA35: =IF(A35="","",IF(LEFT(C35&"",1)="3","Redirect",IF(OR(LEFT(C35&"",1)="4",LEFT(C35&"",1)="5"),IF(OR(N(K35)>0,N(AC35)>=Rules!$B$14),"Redirect","Prune"),IF(D35="Non-Indexable","Keep",IF(AND(W35="Yes",X35="Yes",Y35="No"),"Merge",IF(OR(U35="Yes",V35="Yes",AND(T35="Yes",N(L35)>=Rules!$B$6)),"Update",IF(Z35="Yes",IF(N(AC35)>=Rules!$B$14,"Redirect","Prune"),"Keep"))))))) | AB35: =IF(A35="","",IF(LEFT(C35&"",1)="3","Already redirects ("&C35&"). Update internal links to point at the final URL.",IF(OR(LEFT(C35&"",1)="4",LEFT(C35&"",1)="5"),IF(AA35="Redirect","Returns "&C35&" but still has "&N(K35)&" clicks and "&N(AC35)&" referring domains. 301 it to the closest live page.","Returns "&C35&" with no clicks or links. Remove internal links and let it 404 or 410."),IF(D35="Non-Indexable","Non-indexable ("&E35&"). Keep if that is intentional; otherwise fix the canonical or noindex.",IF(AA35="Merge","Overlaps with "&I35&IF(N(J35)>0," (similarity "&TEXT(J35,"0.00")&")","")&", which gets more clicks. Merge the useful parts into it and 301 this URL.",IF(AA35="Update",MID(IF(U35="Yes","; Clicks down "&TEXT(-P35,"0%")&" on the previous period","")&IF(V35="Yes","; Average position "&TEXT(N35,"0.0")&" on "&TEXT(L35,"#,##0")&" impressions (striking distance)","")&IF(AND(T35="Yes",N(L35)>=Rules!$B$6),"; Thin ("&F35&" words) but has search demand",""),3,400),IF(AA35="Prune","Low value: "&N(K35)&" clicks, "&N(L35)&" impressions, "&N(Q35)&" sessions, no key events. Remove or noindex it and update internal links.",IF(AA35="Redirect","Low value but "&N(AC35)&" referring domains. 301 it to the closest relevant page to keep those links.",IF(AND(Z35="No",Y35="Yes",N(K35)<Rules!$B$5),"Low search traffic but it converts (key events: "&S35&"). Keep it and link to it.",IF(W35="Yes","Stronger than the page it overlaps ("&I35&"). Keep; merge that page into this one.","Healthy: "&N(K35)&" clicks"&IF(ISNUMBER(N35),", average position "&TEXT(N35,"0.0"),"")&". Keep and monitor.")))))))))) | AE35: =IF(A35="","",IF(AD35<>"",AD35,AA35))
A36: =IF(Crawl!A35="","",Crawl!A35) | B36: =IF(A36="","",Crawl!EC35) | C36: =IF(A36="","",IFERROR(INDEX(Crawl!$A35:$DZ35,1,Rules!$H$6),"")) | D36: =IF(A36="","",IFERROR(INDEX(Crawl!$A35:$DZ35,1,Rules!$H$7),"")&"") | E36: =IF(A36="","",IFERROR(INDEX(Crawl!$A35:$DZ35,1,Rules!$H$8),"")&"") | F36: =IF(A36="","",IFERROR(INDEX(Crawl!$A35:$DZ35,1,Rules!$H$9),"")) | G36: =IF(A36="","",IFERROR(INDEX(Crawl!$A35:$DZ35,1,Rules!$H$10),"")) | H36: =IF(A36="","",IFERROR(INDEX(Crawl!$A35:$DZ35,1,Rules!$H$12),"")) | I36: =IF(A36="","",IF(AND(N(H36)>0,IFERROR(INDEX(Crawl!$A35:$DZ35,1,Rules!$H$11),"")&""<>""),IFERROR(INDEX(Crawl!$A35:$DZ35,1,Rules!$H$11),"")&"",IF(AND(ISNUMBER(J36),N(J36)>=Rules!$B$12,IFERROR(INDEX(Crawl!$A35:$DZ35,1,Rules!$H$13),"")&""<>""),IFERROR(INDEX(Crawl!$A35:$DZ35,1,Rules!$H$13),"")&"",""))) | J36: =IF(A36="","",IF(IFERROR(INDEX(Crawl!$A35:$DZ35,1,Rules!$H$14),"")&""="","",IFERROR(INDEX(Crawl!$A35:$DZ35,1,Rules!$H$14),""))) | K36: =IF(A36="","",IFERROR(SUMIFS('GSC current'!$J$2:$J$2001,'GSC current'!$I$2:$I$2001,B36),0)) | L36: =IF(A36="","",IFERROR(SUMIFS('GSC current'!$K$2:$K$2001,'GSC current'!$I$2:$I$2001,B36),0)) | M36: =IF(A36="","",IF(N(L36)>0,K36/L36,"")) | N36: =IF(A36="","",IF(N(L36)>0,SUMIFS('GSC current'!$L$2:$L$2001,'GSC current'!$I$2:$I$2001,B36)/L36,"")) | O36: =IF(A36="","",IFERROR(SUMIFS('GSC previous'!$J$2:$J$2001,'GSC previous'!$I$2:$I$2001,B36),0)) | P36: =IF(A36="","",IF(N(O36)>0,(K36-O36)/O36,"")) | Q36: =IF(A36="","",IFERROR(SUMIFS(GA4!$P$2:$P$2001,GA4!$O$2:$O$2001,B36),0)) | R36: =IF(A36="","",IF(N(Q36)>0,SUMIFS(GA4!$Q$2:$Q$2001,GA4!$O$2:$O$2001,B36)/Q36,"")) | S36: =IF(A36="","",IFERROR(SUMIFS(GA4!$R$2:$R$2001,GA4!$O$2:$O$2001,B36),0)) | T36: =IF(A36="","",IF(AND(ISNUMBER(F36),LEFT(C36&"",1)="2"),IF(F36<Rules!$B$9,"Yes","No"),"No")) | U36: =IF(A36="","",IF(AND(N(O36)>=Rules!$B$8,ISNUMBER(P36)),IF(P36<=-Rules!$B$7,"Yes","No"),"No")) | V36: =IF(A36="","",IF(AND(N(L36)>=Rules!$B$6,ISNUMBER(N36)),IF(AND(N36>=Rules!$B$10,N36<=Rules!$B$11),"Yes","No"),"No")) | W36: =IF(A36="","",IF(I36<>"","Yes","No")) | X36: =IF(I36="","",IF(SUMIFS($K$3:$K$2002,$A$3:$A$2002,SUBSTITUTE(SUBSTITUTE(I36,"?","~?"),"*","~*"))>N(K36),"Yes","No")) | Y36: =IF(A36="","",IF(N(S36)>0,"Yes","No")) | Z36: =IF(A36="","",IF(AND(N(K36)<Rules!$B$5,N(L36)<Rules!$B$6,N(Q36)<Rules!$B$13,Y36="No"),"Yes","No")) | AA36: =IF(A36="","",IF(LEFT(C36&"",1)="3","Redirect",IF(OR(LEFT(C36&"",1)="4",LEFT(C36&"",1)="5"),IF(OR(N(K36)>0,N(AC36)>=Rules!$B$14),"Redirect","Prune"),IF(D36="Non-Indexable","Keep",IF(AND(W36="Yes",X36="Yes",Y36="No"),"Merge",IF(OR(U36="Yes",V36="Yes",AND(T36="Yes",N(L36)>=Rules!$B$6)),"Update",IF(Z36="Yes",IF(N(AC36)>=Rules!$B$14,"Redirect","Prune"),"Keep"))))))) | AB36: =IF(A36="","",IF(LEFT(C36&"",1)="3","Already redirects ("&C36&"). Update internal links to point at the final URL.",IF(OR(LEFT(C36&"",1)="4",LEFT(C36&"",1)="5"),IF(AA36="Redirect","Returns "&C36&" but still has "&N(K36)&" clicks and "&N(AC36)&" referring domains. 301 it to the closest live page.","Returns "&C36&" with no clicks or links. Remove internal links and let it 404 or 410."),IF(D36="Non-Indexable","Non-indexable ("&E36&"). Keep if that is intentional; otherwise fix the canonical or noindex.",IF(AA36="Merge","Overlaps with "&I36&IF(N(J36)>0," (similarity "&TEXT(J36,"0.00")&")","")&", which gets more clicks. Merge the useful parts into it and 301 this URL.",IF(AA36="Update",MID(IF(U36="Yes","; Clicks down "&TEXT(-P36,"0%")&" on the previous period","")&IF(V36="Yes","; Average position "&TEXT(N36,"0.0")&" on "&TEXT(L36,"#,##0")&" impressions (striking distance)","")&IF(AND(T36="Yes",N(L36)>=Rules!$B$6),"; Thin ("&F36&" words) but has search demand",""),3,400),IF(AA36="Prune","Low value: "&N(K36)&" clicks, "&N(L36)&" impressions, "&N(Q36)&" sessions, no key events. Remove or noindex it and update internal links.",IF(AA36="Redirect","Low value but "&N(AC36)&" referring domains. 301 it to the closest relevant page to keep those links.",IF(AND(Z36="No",Y36="Yes",N(K36)<Rules!$B$5),"Low search traffic but it converts (key events: "&S36&"). Keep it and link to it.",IF(W36="Yes","Stronger than the page it overlaps ("&I36&"). Keep; merge that page into this one.","Healthy: "&N(K36)&" clicks"&IF(ISNUMBER(N36),", average position "&TEXT(N36,"0.0"),"")&". Keep and monitor.")))))))))) | AE36: =IF(A36="","",IF(AD36<>"",AD36,AA36))
A37: =IF(Crawl!A36="","",Crawl!A36) | B37: =IF(A37="","",Crawl!EC36) | C37: =IF(A37="","",IFERROR(INDEX(Crawl!$A36:$DZ36,1,Rules!$H$6),"")) | D37: =IF(A37="","",IFERROR(INDEX(Crawl!$A36:$DZ36,1,Rules!$H$7),"")&"") | E37: =IF(A37="","",IFERROR(INDEX(Crawl!$A36:$DZ36,1,Rules!$H$8),"")&"") | F37: =IF(A37="","",IFERROR(INDEX(Crawl!$A36:$DZ36,1,Rules!$H$9),"")) | G37: =IF(A37="","",IFERROR(INDEX(Crawl!$A36:$DZ36,1,Rules!$H$10),"")) | H37: =IF(A37="","",IFERROR(INDEX(Crawl!$A36:$DZ36,1,Rules!$H$12),"")) | I37: =IF(A37="","",IF(AND(N(H37)>0,IFERROR(INDEX(Crawl!$A36:$DZ36,1,Rules!$H$11),"")&""<>""),IFERROR(INDEX(Crawl!$A36:$DZ36,1,Rules!$H$11),"")&"",IF(AND(ISNUMBER(J37),N(J37)>=Rules!$B$12,IFERROR(INDEX(Crawl!$A36:$DZ36,1,Rules!$H$13),"")&""<>""),IFERROR(INDEX(Crawl!$A36:$DZ36,1,Rules!$H$13),"")&"",""))) | J37: =IF(A37="","",IF(IFERROR(INDEX(Crawl!$A36:$DZ36,1,Rules!$H$14),"")&""="","",IFERROR(INDEX(Crawl!$A36:$DZ36,1,Rules!$H$14),""))) | K37: =IF(A37="","",IFERROR(SUMIFS('GSC current'!$J$2:$J$2001,'GSC current'!$I$2:$I$2001,B37),0)) | L37: =IF(A37="","",IFERROR(SUMIFS('GSC current'!$K$2:$K$2001,'GSC current'!$I$2:$I$2001,B37),0)) | M37: =IF(A37="","",IF(N(L37)>0,K37/L37,"")) | N37: =IF(A37="","",IF(N(L37)>0,SUMIFS('GSC current'!$L$2:$L$2001,'GSC current'!$I$2:$I$2001,B37)/L37,"")) | O37: =IF(A37="","",IFERROR(SUMIFS('GSC previous'!$J$2:$J$2001,'GSC previous'!$I$2:$I$2001,B37),0)) | P37: =IF(A37="","",IF(N(O37)>0,(K37-O37)/O37,"")) | Q37: =IF(A37="","",IFERROR(SUMIFS(GA4!$P$2:$P$2001,GA4!$O$2:$O$2001,B37),0)) | R37: =IF(A37="","",IF(N(Q37)>0,SUMIFS(GA4!$Q$2:$Q$2001,GA4!$O$2:$O$2001,B37)/Q37,"")) | S37: =IF(A37="","",IFERROR(SUMIFS(GA4!$R$2:$R$2001,GA4!$O$2:$O$2001,B37),0)) | T37: =IF(A37="","",IF(AND(ISNUMBER(F37),LEFT(C37&"",1)="2"),IF(F37<Rules!$B$9,"Yes","No"),"No")) | U37: =IF(A37="","",IF(AND(N(O37)>=Rules!$B$8,ISNUMBER(P37)),IF(P37<=-Rules!$B$7,"Yes","No"),"No")) | V37: =IF(A37="","",IF(AND(N(L37)>=Rules!$B$6,ISNUMBER(N37)),IF(AND(N37>=Rules!$B$10,N37<=Rules!$B$11),"Yes","No"),"No")) | W37: =IF(A37="","",IF(I37<>"","Yes","No")) | X37: =IF(I37="","",IF(SUMIFS($K$3:$K$2002,$A$3:$A$2002,SUBSTITUTE(SUBSTITUTE(I37,"?","~?"),"*","~*"))>N(K37),"Yes","No")) | Y37: =IF(A37="","",IF(N(S37)>0,"Yes","No")) | Z37: =IF(A37="","",IF(AND(N(K37)<Rules!$B$5,N(L37)<Rules!$B$6,N(Q37)<Rules!$B$13,Y37="No"),"Yes","No")) | AA37: =IF(A37="","",IF(LEFT(C37&"",1)="3","Redirect",IF(OR(LEFT(C37&"",1)="4",LEFT(C37&"",1)="5"),IF(OR(N(K37)>0,N(AC37)>=Rules!$B$14),"Redirect","Prune"),IF(D37="Non-Indexable","Keep",IF(AND(W37="Yes",X37="Yes",Y37="No"),"Merge",IF(OR(U37="Yes",V37="Yes",AND(T37="Yes",N(L37)>=Rules!$B$6)),"Update",IF(Z37="Yes",IF(N(AC37)>=Rules!$B$14,"Redirect","Prune"),"Keep"))))))) | AB37: =IF(A37="","",IF(LEFT(C37&"",1)="3","Already redirects ("&C37&"). Update internal links to point at the final URL.",IF(OR(LEFT(C37&"",1)="4",LEFT(C37&"",1)="5"),IF(AA37="Redirect","Returns "&C37&" but still has "&N(K37)&" clicks and "&N(AC37)&" referring domains. 301 it to the closest live page.","Returns "&C37&" with no clicks or links. Remove internal links and let it 404 or 410."),IF(D37="Non-Indexable","Non-indexable ("&E37&"). Keep if that is intentional; otherwise fix the canonical or noindex.",IF(AA37="Merge","Overlaps with "&I37&IF(N(J37)>0," (similarity "&TEXT(J37,"0.00")&")","")&", which gets more clicks. Merge the useful parts into it and 301 this URL.",IF(AA37="Update",MID(IF(U37="Yes","; Clicks down "&TEXT(-P37,"0%")&" on the previous period","")&IF(V37="Yes","; Average position "&TEXT(N37,"0.0")&" on "&TEXT(L37,"#,##0")&" impressions (striking distance)","")&IF(AND(T37="Yes",N(L37)>=Rules!$B$6),"; Thin ("&F37&" words) but has search demand",""),3,400),IF(AA37="Prune","Low value: "&N(K37)&" clicks, "&N(L37)&" impressions, "&N(Q37)&" sessions, no key events. Remove or noindex it and update internal links.",IF(AA37="Redirect","Low value but "&N(AC37)&" referring domains. 301 it to the closest relevant page to keep those links.",IF(AND(Z37="No",Y37="Yes",N(K37)<Rules!$B$5),"Low search traffic but it converts (key events: "&S37&"). Keep it and link to it.",IF(W37="Yes","Stronger than the page it overlaps ("&I37&"). Keep; merge that page into this one.","Healthy: "&N(K37)&" clicks"&IF(ISNUMBER(N37),", average position "&TEXT(N37,"0.0"),"")&". Keep and monitor.")))))))))) | AE37: =IF(A37="","",IF(AD37<>"",AD37,AA37))
A38: =IF(Crawl!A37="","",Crawl!A37) | B38: =IF(A38="","",Crawl!EC37) | C38: =IF(A38="","",IFERROR(INDEX(Crawl!$A37:$DZ37,1,Rules!$H$6),"")) | D38: =IF(A38="","",IFERROR(INDEX(Crawl!$A37:$DZ37,1,Rules!$H$7),"")&"") | E38: =IF(A38="","",IFERROR(INDEX(Crawl!$A37:$DZ37,1,Rules!$H$8),"")&"") | F38: =IF(A38="","",IFERROR(INDEX(Crawl!$A37:$DZ37,1,Rules!$H$9),"")) | G38: =IF(A38="","",IFERROR(INDEX(Crawl!$A37:$DZ37,1,Rules!$H$10),"")) | H38: =IF(A38="","",IFERROR(INDEX(Crawl!$A37:$DZ37,1,Rules!$H$12),"")) | I38: =IF(A38="","",IF(AND(N(H38)>0,IFERROR(INDEX(Crawl!$A37:$DZ37,1,Rules!$H$11),"")&""<>""),IFERROR(INDEX(Crawl!$A37:$DZ37,1,Rules!$H$11),"")&"",IF(AND(ISNUMBER(J38),N(J38)>=Rules!$B$12,IFERROR(INDEX(Crawl!$A37:$DZ37,1,Rules!$H$13),"")&""<>""),IFERROR(INDEX(Crawl!$A37:$DZ37,1,Rules!$H$13),"")&"",""))) | J38: =IF(A38="","",IF(IFERROR(INDEX(Crawl!$A37:$DZ37,1,Rules!$H$14),"")&""="","",IFERROR(INDEX(Crawl!$A37:$DZ37,1,Rules!$H$14),""))) | K38: =IF(A38="","",IFERROR(SUMIFS('GSC current'!$J$2:$J$2001,'GSC current'!$I$2:$I$2001,B38),0)) | L38: =IF(A38="","",IFERROR(SUMIFS('GSC current'!$K$2:$K$2001,'GSC current'!$I$2:$I$2001,B38),0)) | M38: =IF(A38="","",IF(N(L38)>0,K38/L38,"")) | N38: =IF(A38="","",IF(N(L38)>0,SUMIFS('GSC current'!$L$2:$L$2001,'GSC current'!$I$2:$I$2001,B38)/L38,"")) | O38: =IF(A38="","",IFERROR(SUMIFS('GSC previous'!$J$2:$J$2001,'GSC previous'!$I$2:$I$2001,B38),0)) | P38: =IF(A38="","",IF(N(O38)>0,(K38-O38)/O38,"")) | Q38: =IF(A38="","",IFERROR(SUMIFS(GA4!$P$2:$P$2001,GA4!$O$2:$O$2001,B38),0)) | R38: =IF(A38="","",IF(N(Q38)>0,SUMIFS(GA4!$Q$2:$Q$2001,GA4!$O$2:$O$2001,B38)/Q38,"")) | S38: =IF(A38="","",IFERROR(SUMIFS(GA4!$R$2:$R$2001,GA4!$O$2:$O$2001,B38),0)) | T38: =IF(A38="","",IF(AND(ISNUMBER(F38),LEFT(C38&"",1)="2"),IF(F38<Rules!$B$9,"Yes","No"),"No")) | U38: =IF(A38="","",IF(AND(N(O38)>=Rules!$B$8,ISNUMBER(P38)),IF(P38<=-Rules!$B$7,"Yes","No"),"No")) | V38: =IF(A38="","",IF(AND(N(L38)>=Rules!$B$6,ISNUMBER(N38)),IF(AND(N38>=Rules!$B$10,N38<=Rules!$B$11),"Yes","No"),"No")) | W38: =IF(A38="","",IF(I38<>"","Yes","No")) | X38: =IF(I38="","",IF(SUMIFS($K$3:$K$2002,$A$3:$A$2002,SUBSTITUTE(SUBSTITUTE(I38,"?","~?"),"*","~*"))>N(K38),"Yes","No")) | Y38: =IF(A38="","",IF(N(S38)>0,"Yes","No")) | Z38: =IF(A38="","",IF(AND(N(K38)<Rules!$B$5,N(L38)<Rules!$B$6,N(Q38)<Rules!$B$13,Y38="No"),"Yes","No")) | AA38: =IF(A38="","",IF(LEFT(C38&"",1)="3","Redirect",IF(OR(LEFT(C38&"",1)="4",LEFT(C38&"",1)="5"),IF(OR(N(K38)>0,N(AC38)>=Rules!$B$14),"Redirect","Prune"),IF(D38="Non-Indexable","Keep",IF(AND(W38="Yes",X38="Yes",Y38="No"),"Merge",IF(OR(U38="Yes",V38="Yes",AND(T38="Yes",N(L38)>=Rules!$B$6)),"Update",IF(Z38="Yes",IF(N(AC38)>=Rules!$B$14,"Redirect","Prune"),"Keep"))))))) | AB38: =IF(A38="","",IF(LEFT(C38&"",1)="3","Already redirects ("&C38&"). Update internal links to point at the final URL.",IF(OR(LEFT(C38&"",1)="4",LEFT(C38&"",1)="5"),IF(AA38="Redirect","Returns "&C38&" but still has "&N(K38)&" clicks and "&N(AC38)&" referring domains. 301 it to the closest live page.","Returns "&C38&" with no clicks or links. Remove internal links and let it 404 or 410."),IF(D38="Non-Indexable","Non-indexable ("&E38&"). Keep if that is intentional; otherwise fix the canonical or noindex.",IF(AA38="Merge","Overlaps with "&I38&IF(N(J38)>0," (similarity "&TEXT(J38,"0.00")&")","")&", which gets more clicks. Merge the useful parts into it and 301 this URL.",IF(AA38="Update",MID(IF(U38="Yes","; Clicks down "&TEXT(-P38,"0%")&" on the previous period","")&IF(V38="Yes","; Average position "&TEXT(N38,"0.0")&" on "&TEXT(L38,"#,##0")&" impressions (striking distance)","")&IF(AND(T38="Yes",N(L38)>=Rules!$B$6),"; Thin ("&F38&" words) but has search demand",""),3,400),IF(AA38="Prune","Low value: "&N(K38)&" clicks, "&N(L38)&" impressions, "&N(Q38)&" sessions, no key events. Remove or noindex it and update internal links.",IF(AA38="Redirect","Low value but "&N(AC38)&" referring domains. 301 it to the closest relevant page to keep those links.",IF(AND(Z38="No",Y38="Yes",N(K38)<Rules!$B$5),"Low search traffic but it converts (key events: "&S38&"). Keep it and link to it.",IF(W38="Yes","Stronger than the page it overlaps ("&I38&"). Keep; merge that page into this one.","Healthy: "&N(K38)&" clicks"&IF(ISNUMBER(N38),", average position "&TEXT(N38,"0.0"),"")&". Keep and monitor.")))))))))) | AE38: =IF(A38="","",IF(AD38<>"",AD38,AA38))
... A2002: =IF(Crawl!A2001="","",Crawl!A2001) | B2002: =IF(A2002="","",Crawl!EC2001) | C2002: =IF(A2002="","",IFERROR(INDEX(Crawl!$A2001:$DZ2001,1,Rules!$H$6),"")) | D2002: =IF(A2002="","",IFERROR(INDEX(Crawl!$A2001:$DZ2001,1,Rules!$H$7),"")&"") | E2002: =IF(A2002="","",IFERROR(INDEX(Crawl!$A2001:$DZ2001,1,Rules!$H$8),"")&"") | F2002: =IF(A2002="","",IFERROR(INDEX(Crawl!$A2001:$DZ2001,1,Rules!$H$9),"")) | G2002: =IF(A2002="","",IFERROR(INDEX(Crawl!$A2001:$DZ2001,1,Rules!$H$10),"")) | H2002: =IF(A2002="","",IFERROR(INDEX(Crawl!$A2001:$DZ2001,1,Rules!$H$12),"")) | I2002: =IF(A2002="","",IF(AND(N(H2002)>0,IFERROR(INDEX(Crawl!$A2001:$DZ2001,1,Rules!$H$11),"")&""<>""),IFERROR(INDEX(Crawl!$A2001:$DZ2001,1,Rules!$H$11),"")&"",IF(AND(ISNUMBER(J2002),N(J2002)>=Rules!$B$12,IFERROR(INDEX(Crawl!$A2001:$DZ2001,1,Rules!$H$13),"")&""<>""),IFERROR(INDEX(Crawl!$A2001:$DZ2001,1,Rules!$H$13),"")&"",""))) | J2002: =IF(A2002="","",IF(IFERROR(INDEX(Crawl!$A2001:$DZ2001,1,Rules!$H$14),"")&""="","",IFERROR(INDEX(Crawl!$A2001:$DZ2001,1,Rules!$H$14),""))) | K2002: =IF(A2002="","",IFERROR(SUMIFS('GSC current'!$J$2:$J$2001,'GSC current'!$I$2:$I$2001,B2002),0)) | L2002: =IF(A2002="","",IFERROR(SUMIFS('GSC current'!$K$2:$K$2001,'GSC current'!$I$2:$I$2001,B2002),0)) | M2002: =IF(A2002="","",IF(N(L2002)>0,K2002/L2002,"")) | N2002: =IF(A2002="","",IF(N(L2002)>0,SUMIFS('GSC current'!$L$2:$L$2001,'GSC current'!$I$2:$I$2001,B2002)/L2002,"")) | O2002: =IF(A2002="","",IFERROR(SUMIFS('GSC previous'!$J$2:$J$2001,'GSC previous'!$I$2:$I$2001,B2002),0)) | P2002: =IF(A2002="","",IF(N(O2002)>0,(K2002-O2002)/O2002,"")) | Q2002: =IF(A2002="","",IFERROR(SUMIFS(GA4!$P$2:$P$2001,GA4!$O$2:$O$2001,B2002),0)) | R2002: =IF(A2002="","",IF(N(Q2002)>0,SUMIFS(GA4!$Q$2:$Q$2001,GA4!$O$2:$O$2001,B2002)/Q2002,"")) | S2002: =IF(A2002="","",IFERROR(SUMIFS(GA4!$R$2:$R$2001,GA4!$O$2:$O$2001,B2002),0)) | T2002: =IF(A2002="","",IF(AND(ISNUMBER(F2002),LEFT(C2002&"",1)="2"),IF(F2002<Rules!$B$9,"Yes","No"),"No")) | U2002: =IF(A2002="","",IF(AND(N(O2002)>=Rules!$B$8,ISNUMBER(P2002)),IF(P2002<=-Rules!$B$7,"Yes","No"),"No")) | V2002: =IF(A2002="","",IF(AND(N(L2002)>=Rules!$B$6,ISNUMBER(N2002)),IF(AND(N2002>=Rules!$B$10,N2002<=Rules!$B$11),"Yes","No"),"No")) | W2002: =IF(A2002="","",IF(I2002<>"","Yes","No")) | X2002: =IF(I2002="","",IF(SUMIFS($K$3:$K$2002,$A$3:$A$2002,SUBSTITUTE(SUBSTITUTE(I2002,"?","~?"),"*","~*"))>N(K2002),"Yes","No")) | Y2002: =IF(A2002="","",IF(N(S2002)>0,"Yes","No")) | Z2002: =IF(A2002="","",IF(AND(N(K2002)<Rules!$B$5,N(L2002)<Rules!$B$6,N(Q2002)<Rules!$B$13,Y2002="No"),"Yes","No")) | AA2002: =IF(A2002="","",IF(LEFT(C2002&"",1)="3","Redirect",IF(OR(LEFT(C2002&"",1)="4",LEFT(C2002&"",1)="5"),IF(OR(N(K2002)>0,N(AC2002)>=Rules!$B$14),"Redirect","Prune"),IF(D2002="Non-Indexable","Keep",IF(AND(W2002="Yes",X2002="Yes",Y2002="No"),"Merge",IF(OR(U2002="Yes",V2002="Yes",AND(T2002="Yes",N(L2002)>=Rules!$B$6)),"Update",IF(Z2002="Yes",IF(N(AC2002)>=Rules!$B$14,"Redirect","Prune"),"Keep"))))))) | AB2002: =IF(A2002="","",IF(LEFT(C2002&"",1)="3","Already redirects ("&C2002&"). Update internal links to point at the final URL.",IF(OR(LEFT(C2002&"",1)="4",LEFT(C2002&"",1)="5"),IF(AA2002="Redirect","Returns "&C2002&" but still has "&N(K2002)&" clicks and "&N(AC2002)&" referring domains. 301 it to the closest live page.","Returns "&C2002&" with no clicks or links. Remove internal links and let it 404 or 410."),IF(D2002="Non-Indexable","Non-indexable ("&E2002&"). Keep if that is intentional; otherwise fix the canonical or noindex.",IF(AA2002="Merge","Overlaps with "&I2002&IF(N(J2002)>0," (similarity "&TEXT(J2002,"0.00")&")","")&", which gets more clicks. Merge the useful parts into it and 301 this URL.",IF(AA2002="Update",MID(IF(U2002="Yes","; Clicks down "&TEXT(-P2002,"0%")&" on the previous period","")&IF(V2002="Yes","; Average position "&TEXT(N2002,"0.0")&" on "&TEXT(L2002,"#,##0")&" impressions (striking distance)","")&IF(AND(T2002="Yes",N(L2002)>=Rules!$B$6),"; Thin ("&F2002&" words) but has search demand",""),3,400),IF(AA2002="Prune","Low value: "&N(K2002)&" clicks, "&N(L2002)&" impressions, "&N(Q2002)&" sessions, no key events. Remove or noindex it and update internal links.",IF(AA2002="Redirect","Low value but "&N(AC2002)&" referring domains. 301 it to the closest relevant page to keep those links.",IF(AND(Z2002="No",Y2002="Yes",N(K2002)<Rules!$B$5),"Low search traffic but it converts (key events: "&S2002&"). Keep it and link to it.",IF(W2002="Yes","Stronger than the page it overlaps ("&I2002&"). Keep; merge that page into this one.","Healthy: "&N(K2002)&" clicks"&IF(ISNUMBER(N2002),", average position "&TEXT(N2002,"0.0"),"")&". Keep and monitor.")))))))))) | AE2002: =IF(A2002="","",IF(AD2002<>"",AD2002,AA2002))

Sheet Dashboard
A1: Content audit dashboard
A2: Counts follow the Final decision (your overrides included). Clicks are Search Console clicks in the current period.
A4: Decision | B4: URLs | C4: Clicks | D4: Sessions | E4: Suggested (before overrides)
A5: Keep | B5: =COUNTIF(Audit!$AE$3:$AE$2002,A5) | C5: =SUMIFS(Audit!$K$3:$K$2002,Audit!$AE$3:$AE$2002,A5) | D5: =SUMIFS(Audit!$Q$3:$Q$2002,Audit!$AE$3:$AE$2002,A5) | E5: =COUNTIF(Audit!$AA$3:$AA$2002,A5)
A6: Update | B6: =COUNTIF(Audit!$AE$3:$AE$2002,A6) | C6: =SUMIFS(Audit!$K$3:$K$2002,Audit!$AE$3:$AE$2002,A6) | D6: =SUMIFS(Audit!$Q$3:$Q$2002,Audit!$AE$3:$AE$2002,A6) | E6: =COUNTIF(Audit!$AA$3:$AA$2002,A6)
A7: Merge | B7: =COUNTIF(Audit!$AE$3:$AE$2002,A7) | C7: =SUMIFS(Audit!$K$3:$K$2002,Audit!$AE$3:$AE$2002,A7) | D7: =SUMIFS(Audit!$Q$3:$Q$2002,Audit!$AE$3:$AE$2002,A7) | E7: =COUNTIF(Audit!$AA$3:$AA$2002,A7)
A8: Prune | B8: =COUNTIF(Audit!$AE$3:$AE$2002,A8) | C8: =SUMIFS(Audit!$K$3:$K$2002,Audit!$AE$3:$AE$2002,A8) | D8: =SUMIFS(Audit!$Q$3:$Q$2002,Audit!$AE$3:$AE$2002,A8) | E8: =COUNTIF(Audit!$AA$3:$AA$2002,A8)
A9: Redirect | B9: =COUNTIF(Audit!$AE$3:$AE$2002,A9) | C9: =SUMIFS(Audit!$K$3:$K$2002,Audit!$AE$3:$AE$2002,A9) | D9: =SUMIFS(Audit!$Q$3:$Q$2002,Audit!$AE$3:$AE$2002,A9) | E9: =COUNTIF(Audit!$AA$3:$AA$2002,A9)
A10: Total | B10: =SUM(B5:B9) | C10: =SUM(C5:C9) | D10: =SUM(D5:D9) | E10: =SUM(E5:E9)
A12: Check | B12: Count
A13: URLs audited (crawl rows) | B13: =SUMPRODUCT((LEN(Audit!$A$3:$A$2002)>0)*1)
A14: Decaying pages | B14: =COUNTIF(Audit!$U$3:$U$2002,"Yes")
A15: Striking-distance pages | B15: =COUNTIF(Audit!$V$3:$V$2002,"Yes")
A16: Thin pages | B16: =COUNTIF(Audit!$T$3:$T$2002,"Yes")
A17: Pages overlapping another page | B17: =COUNTIF(Audit!$W$3:$W$2002,"Yes")
A18: Pages that convert (key events) | B18: =COUNTIF(Audit!$Y$3:$Y$2002,"Yes")
A19: Overrides you've made | B19: =SUMPRODUCT((LEN(Audit!$AD$3:$AD$2002)>0)*1)
A20: Clicks on pages marked Prune (should be close to 0) | B20: =SUMIFS(Audit!$K$3:$K$2002,Audit!$AE$3:$AE$2002,"Prune")
A21: Search Console pages with clicks that are not in the crawl | B21: =COUNTIFS('GSC current'!$M$2:$M$2001,"No",'GSC current'!$J$2:$J$2001,">0")
A22: Column headers not found on Rules | B22: =COUNTIF(Rules!$H$5:$H$22,"NOT FOUND")

Sheet Rules
A1: Rules: thresholds and column names (edit the yellow cells)
A2: Every decision on the Audit tab reads these cells. Change a number and the whole audit updates.
A4: Threshold | B4: Value | C4: What it does | E4: Tab | F4: Field | G4: Header in your export | H4: Column # found
A5: Low clicks (per period) | B5: 10 | C5: Below this a page counts as low traffic. | E5: Crawl | F5: URL | G5: Address | H5: =IFERROR(MATCH(G5,'Crawl'!$A$1:$DZ$1,0),"NOT FOUND")
A6: Impressions that show demand | B6: 200 | C6: At or above this, a page has search demand worth working on. | E6: Crawl | F6: Status code | G6: Status Code | H6: =IFERROR(MATCH(G6,'Crawl'!$A$1:$DZ$1,0),"NOT FOUND")
A7: Decay: click drop vs previous period | B7: 0.3 | C7: 0.3 = a 30% drop or worse flags decay. | E7: Crawl | F7: Indexability | G7: Indexability | H7: =IFERROR(MATCH(G7,'Crawl'!$A$1:$DZ$1,0),"NOT FOUND")
A8: Decay: minimum previous-period clicks | B8: 20 | C8: Ignore decay on pages that had fewer clicks than this. | E8: Crawl | F8: Indexability status | G8: Indexability Status | H8: =IFERROR(MATCH(G8,'Crawl'!$A$1:$DZ$1,0),"NOT FOUND")
A9: Thin content: word count below | B9: 300 | C9: Screaming Frog Word Count. Lower it for product or category pages. | E9: Crawl | F9: Word count | G9: Word Count | H9: =IFERROR(MATCH(G9,'Crawl'!$A$1:$DZ$1,0),"NOT FOUND")
A10: Striking distance: position from | B10: 4 | C10: Average position range where an update can move the page up. | E10: Crawl | F10: Unique inlinks | G10: Unique Inlinks | H10: =IFERROR(MATCH(G10,'Crawl'!$A$1:$DZ$1,0),"NOT FOUND")
A11: Striking distance: position to | B11: 20 | E11: Crawl | F11: Near-duplicate match | G11: Closest Near Duplicate Match | H11: =IFERROR(MATCH(G11,'Crawl'!$A$1:$DZ$1,0),"NOT FOUND")
A12: Overlap: semantic similarity at least | B12: 0.9 | C12: Screaming Frog Semantic Similarity Score (0-1). Near-duplicates always count. | E12: Crawl | F12: Near-duplicate count | G12: No. Near Duplicates | H12: =IFERROR(MATCH(G12,'Crawl'!$A$1:$DZ$1,0),"NOT FOUND")
A13: Low sessions (GA4) | B13: 20 | C13: Below this, GA4 traffic from all channels counts as low. | E13: Crawl | F13: Semantic match | G13: Closest Semantically Similar Address | H13: =IFERROR(MATCH(G13,'Crawl'!$A$1:$DZ$1,0),"NOT FOUND")
A14: Referring domains worth keeping | B14: 1 | C14: Pages being removed with at least this many referring domains get a 301 instead. | E14: Crawl | F14: Semantic score | G14: Semantic Similarity Score | H14: =IFERROR(MATCH(G14,'Crawl'!$A$1:$DZ$1,0),"NOT FOUND")
E15: GSC current | F15: Page | G15: Top pages | H15: =IFERROR(MATCH(G15,'GSC current'!$A$1:$E$1,0),"NOT FOUND")
E16: GSC current | F16: Clicks | G16: Clicks | H16: =IFERROR(MATCH(G16,'GSC current'!$A$1:$E$1,0),"NOT FOUND")
E17: GSC current | F17: Impressions | G17: Impressions | H17: =IFERROR(MATCH(G17,'GSC current'!$A$1:$E$1,0),"NOT FOUND")
E18: GSC current | F18: Position | G18: Position | H18: =IFERROR(MATCH(G18,'GSC current'!$A$1:$E$1,0),"NOT FOUND")
E19: GA4 | F19: Landing page | G19: Landing page + query string | H19: =IFERROR(MATCH(G19,'GA4'!$A$1:$K$1,0),"NOT FOUND")
E20: GA4 | F20: Sessions | G20: Sessions | H20: =IFERROR(MATCH(G20,'GA4'!$A$1:$K$1,0),"NOT FOUND")
E21: GA4 | F21: Avg engagement time (s) | G21: Average engagement time per session | H21: =IFERROR(MATCH(G21,'GA4'!$A$1:$K$1,0),"NOT FOUND")
E22: GA4 | F22: Key events | G22: Key events | H22: =IFERROR(MATCH(G22,'GA4'!$A$1:$K$1,0),"NOT FOUND")
E24: If a header shows NOT FOUND, type the exact header from your export in column G. 'GSC previous' uses the same headers as 'GSC current'.
E25: Near-duplicate and semantic columns only fill when those Screaming Frog features are on. Without them, Merge never triggers.
A27: Decision order (first rule that matches wins)
A28: 1. Status 3xx → Redirect (already redirects: update internal links to the final URL).
A29: 2. Status 4xx/5xx → Redirect if it still gets clicks or has referring domains, otherwise Prune.
A30: 3. Non-indexable (noindex, canonicalised) → Keep, with a note to confirm it's intentional.
A31: 4. Overlaps a page with more clicks (near-duplicate, or semantic score at/above the threshold) and no key events → Merge.
A32: 5. Decaying, or in striking distance, or thin with search demand → Update.
A33: 6. Low value (low clicks, impressions and sessions, no key events) → Prune, or Redirect if it has referring domains.
A34: 7. Everything else → Keep. Your Override column always wins.

Sheet Crawl
A1: Address | B1: Content Type | C1: Status Code | D1: Status | E1: Indexability | F1: Indexability Status | G1: Title 1 | H1: Title 1 Length | I1: Title 1 Pixel Width | J1: Meta Description 1 | K1: Meta Description 1 Length | L1: Meta Description 1 Pixel Width | M1: Meta Keywords 1 | N1: Meta Keywords 1 Length | O1: H1-1 | P1: H1-1 Length | Q1: H1-2 | R1: H1-2 Length | S1: H2-1 | T1: H2-1 Length | U1: H2-2 | V1: H2-2 Length | W1: Meta Robots 1 | X1: X-Robots-Tag 1 | Y1: Meta Refresh 1 | Z1: Canonical Link Element 1 | AA1: rel="next" 1 | AB1: rel="prev" 1 | AC1: HTTP rel="next" 1 | AD1: HTTP rel="prev" 1 | AE1: amphtml Link Element | AF1: Size (Bytes) | AG1: Transferred (Bytes) | AH1: Total Transferred (Bytes) | AI1: CO2 (mg) | AJ1: Carbon Rating | AK1: Word Count | AL1: Sentence Count | AM1: Average Words Per Sentence | AN1: Flesch Reading Ease Score | AO1: Readability | AP1: Text Ratio | AQ1: Crawl Depth | AR1: Folder Depth | AS1: Link Score | AT1: Inlinks | AU1: Unique Inlinks | AV1: Unique JS Inlinks | AW1: % of Total | AX1: Outlinks | AY1: Unique Outlinks | AZ1: Unique JS Outlinks | BA1: External Outlinks | BB1: Unique External Outlinks | BC1: Unique External JS Outlinks | BD1: Closest Near Duplicate Match | BE1: No. Near Duplicates | BF1: Spelling Errors | BG1: Grammar Errors | BH1: Hash | BI1: Response Time | BJ1: Last Modified | BK1: Redirect URL | BL1: Redirect Type | BM1: Cookies | BN1: Language | BO1: HTTP Version | BP1: Mobile Alternate Link | BQ1: Closest Semantically Similar Address | BR1: Semantic Similarity Score | BS1: No. Semantically Similar | BT1: Semantic Relevance Score | BU1: URL Encoded Address | BV1: Crawl Timestamp | EA1: Path (helper) | EB1: Path, no query (helper) | EC1: Key (helper)
A2: https://www.stride-example.com/ | B2: text/html; charset=UTF-8 | C2: 200 | D2: OK | E2: Indexable | G2: Stride & Co: running shoes and gait analysis | H2: 44 | Z2: https://www.stride-example.com/ | AK2: 850 | AQ2: 1 | AR2: 0 | AT2: 240 | AU2: 120 | BE2: 0 | BN2: en-GB | BO2: 1.1 | BS2: 0 | BU2: https://www.stride-example.com/ | BV2: 2026-10-20 09:14:03 | EA2: =IF(A2="","",IF(LEFT(A2,4)="http",IFERROR(MID(A2,FIND("/",A2,FIND("//",A2)+2),2000),"/"),A2)) | EB2: =IF(EA2="","",IFERROR(LEFT(SUBSTITUTE(EA2,"#","?"),FIND("?",SUBSTITUTE(EA2,"#","?"))-1),EA2)) | EC2: =IF(EB2="","",LOWER(IF(AND(LEN(EB2)>1,RIGHT(EB2,1)="/"),LEFT(EB2,LEN(EB2)-1),EB2)))
A3: https://www.stride-example.com/trail-running-shoes/ | B3: text/html; charset=UTF-8 | C3: 200 | D3: OK | E3: Indexable | G3: Trail running shoes | H3: 19 | Z3: https://www.stride-example.com/trail-running-shoes/ | AK3: 610 | AQ3: 1 | AR3: 1 | AT3: 170 | AU3: 85 | BE3: 0 | BN3: en-GB | BO3: 1.1 | BS3: 0 | BU3: https://www.stride-example.com/trail-running-shoes/ | BV3: 2026-10-20 09:14:03 | EA3: =IF(A3="","",IF(LEFT(A3,4)="http",IFERROR(MID(A3,FIND("/",A3,FIND("//",A3)+2),2000),"/"),A3)) | EB3: =IF(EA3="","",IFERROR(LEFT(SUBSTITUTE(EA3,"#","?"),FIND("?",SUBSTITUTE(EA3,"#","?"))-1),EA3)) | EC3: =IF(EB3="","",LOWER(IF(AND(LEN(EB3)>1,RIGHT(EB3,1)="/"),LEFT(EB3,LEN(EB3)-1),EB3)))
A4: https://www.stride-example.com/road-running-shoes/ | B4: text/html; charset=UTF-8 | C4: 200 | D4: OK | E4: Indexable | G4: Road running shoes | H4: 18 | Z4: https://www.stride-example.com/road-running-shoes/ | AK4: 560 | AQ4: 1 | AR4: 1 | AT4: 160 | AU4: 80 | BE4: 0 | BN4: en-GB | BO4: 1.1 | BS4: 0 | BU4: https://www.stride-example.com/road-running-shoes/ | BV4: 2026-10-20 09:14:03 | EA4: =IF(A4="","",IF(LEFT(A4,4)="http",IFERROR(MID(A4,FIND("/",A4,FIND("//",A4)+2),2000),"/"),A4)) | EB4: =IF(EA4="","",IFERROR(LEFT(SUBSTITUTE(EA4,"#","?"),FIND("?",SUBSTITUTE(EA4,"#","?"))-1),EA4)) | EC4: =IF(EB4="","",LOWER(IF(AND(LEN(EB4)>1,RIGHT(EB4,1)="/"),LEFT(EB4,LEN(EB4)-1),EB4)))
A5: https://www.stride-example.com/blog/best-trail-running-shoes/ | B5: text/html; charset=UTF-8 | C5: 200 | D5: OK | E5: Indexable | G5: The best trail running shoes | H5: 28 | Z5: https://www.stride-example.com/blog/best-trail-running-shoes/ | AK5: 2300 | AQ5: 2 | AR5: 2 | AT5: 44 | AU5: 22 | BE5: 0 | BN5: en-GB | BO5: 1.1 | BS5: 0 | BU5: https://www.stride-example.com/blog/best-trail-running-shoes/ | BV5: 2026-10-20 09:14:03 | EA5: =IF(A5="","",IF(LEFT(A5,4)="http",IFERROR(MID(A5,FIND("/",A5,FIND("//",A5)+2),2000),"/"),A5)) | EB5: =IF(EA5="","",IFERROR(LEFT(SUBSTITUTE(EA5,"#","?"),FIND("?",SUBSTITUTE(EA5,"#","?"))-1),EA5)) | EC5: =IF(EB5="","",LOWER(IF(AND(LEN(EB5)>1,RIGHT(EB5,1)="/"),LEFT(EB5,LEN(EB5)-1),EB5)))
A6: https://www.stride-example.com/blog/trail-running-for-beginners/ | B6: text/html; charset=UTF-8 | C6: 200 | D6: OK | E6: Indexable | G6: Trail running for beginners | H6: 27 | Z6: https://www.stride-example.com/blog/trail-running-for-beginners/ | AK6: 1650 | AQ6: 2 | AR6: 2 | AT6: 24 | AU6: 12 | BE6: 0 | BN6: en-GB | BO6: 1.1 | BS6: 0 | BU6: https://www.stride-example.com/blog/trail-running-for-beginners/ | BV6: 2026-10-20 09:14:03 | EA6: =IF(A6="","",IF(LEFT(A6,4)="http",IFERROR(MID(A6,FIND("/",A6,FIND("//",A6)+2),2000),"/"),A6)) | EB6: =IF(EA6="","",IFERROR(LEFT(SUBSTITUTE(EA6,"#","?"),FIND("?",SUBSTITUTE(EA6,"#","?"))-1),EA6)) | EC6: =IF(EB6="","",LOWER(IF(AND(LEN(EB6)>1,RIGHT(EB6,1)="/"),LEFT(EB6,LEN(EB6)-1),EB6)))
A7: https://www.stride-example.com/blog/wide-feet-guide/ | B7: text/html; charset=UTF-8 | C7: 200 | D7: OK | E7: Indexable | G7: Running shoes for wide feet: a fitting guide | H7: 44 | Z7: https://www.stride-example.com/blog/wide-feet-guide/ | AK7: 1400 | AQ7: 2 | AR7: 2 | AT7: 36 | AU7: 18 | BE7: 0 | BN7: en-GB | BO7: 1.1 | BS7: 0 | BU7: https://www.stride-example.com/blog/wide-feet-guide/ | BV7: 2026-10-20 09:14:03 | EA7: =IF(A7="","",IF(LEFT(A7,4)="http",IFERROR(MID(A7,FIND("/",A7,FIND("//",A7)+2),2000),"/"),A7)) | EB7: =IF(EA7="","",IFERROR(LEFT(SUBSTITUTE(EA7,"#","?"),FIND("?",SUBSTITUTE(EA7,"#","?"))-1),EA7)) | EC7: =IF(EB7="","",LOWER(IF(AND(LEN(EB7)>1,RIGHT(EB7,1)="/"),LEFT(EB7,LEN(EB7)-1),EB7)))
A8: https://www.stride-example.com/wide-fit-running-shoes/ | B8: text/html; charset=UTF-8 | C8: 200 | D8: OK | E8: Indexable | G8: Wide fit running shoes | H8: 22 | Z8: https://www.stride-example.com/wide-fit-running-shoes/ | AK8: 520 | AQ8: 1 | AR8: 1 | AT8: 128 | AU8: 64 | BE8: 0 | BN8: en-GB | BO8: 1.1 | BS8: 0 | BU8: https://www.stride-example.com/wide-fit-running-shoes/ | BV8: 2026-10-20 09:14:03 | EA8: =IF(A8="","",IF(LEFT(A8,4)="http",IFERROR(MID(A8,FIND("/",A8,FIND("//",A8)+2),2000),"/"),A8)) | EB8: =IF(EA8="","",IFERROR(LEFT(SUBSTITUTE(EA8,"#","?"),FIND("?",SUBSTITUTE(EA8,"#","?"))-1),EA8)) | EC8: =IF(EB8="","",LOWER(IF(AND(LEN(EB8)>1,RIGHT(EB8,1)="/"),LEFT(EB8,LEN(EB8)-1),EB8)))
A9: https://www.stride-example.com/blog/hoka-vs-brooks/ | B9: text/html; charset=UTF-8 | C9: 200 | D9: OK | E9: Indexable | G9: Hoka vs Brooks | H9: 14 | Z9: https://www.stride-example.com/blog/hoka-vs-brooks/ | AK9: 1900 | AQ9: 2 | AR9: 2 | AT9: 30 | AU9: 15 | BD9: https://www.stride-example.com/blog/hoka-vs-brooks-2023/ | BE9: 1 | BN9: en-GB | BO9: 1.1 | BS9: 0 | BU9: https://www.stride-example.com/blog/hoka-vs-brooks/ | BV9: 2026-10-20 09:14:03 | EA9: =IF(A9="","",IF(LEFT(A9,4)="http",IFERROR(MID(A9,FIND("/",A9,FIND("//",A9)+2),2000),"/"),A9)) | EB9: =IF(EA9="","",IFERROR(LEFT(SUBSTITUTE(EA9,"#","?"),FIND("?",SUBSTITUTE(EA9,"#","?"))-1),EA9)) | EC9: =IF(EB9="","",LOWER(IF(AND(LEN(EB9)>1,RIGHT(EB9,1)="/"),LEFT(EB9,LEN(EB9)-1),EB9)))
A10: https://www.stride-example.com/blog/hoka-vs-brooks-2023/ | B10: text/html; charset=UTF-8 | C10: 200 | D10: OK | E10: Indexable | G10: Hoka vs Brooks (2023) | H10: 21 | Z10: https://www.stride-example.com/blog/hoka-vs-brooks-2023/ | AK10: 1750 | AQ10: 2 | AR10: 2 | AT10: 6 | AU10: 3 | BD10: https://www.stride-example.com/blog/hoka-vs-brooks/ | BE10: 1 | BN10: en-GB | BO10: 1.1 | BS10: 0 | BU10: https://www.stride-example.com/blog/hoka-vs-brooks-2023/ | BV10: 2026-10-20 09:14:03 | EA10: =IF(A10="","",IF(LEFT(A10,4)="http",IFERROR(MID(A10,FIND("/",A10,FIND("//",A10)+2),2000),"/"),A10)) | EB10: =IF(EA10="","",IFERROR(LEFT(SUBSTITUTE(EA10,"#","?"),FIND("?",SUBSTITUTE(EA10,"#","?"))-1),EA10)) | EC10: =IF(EB10="","",LOWER(IF(AND(LEN(EB10)>1,RIGHT(EB10,1)="/"),LEFT(EB10,LEN(EB10)-1),EB10)))
A11: https://www.stride-example.com/blog/best-marathon-shoes-2022/ | B11: text/html; charset=UTF-8 | C11: 200 | D11: OK | E11: Indexable | G11: Best marathon shoes 2022 | H11: 24 | Z11: https://www.stride-example.com/blog/best-marathon-shoes-2022/ | AK11: 900 | AQ11: 2 | AR11: 2 | AT11: 8 | AU11: 4 | BE11: 0 | BN11: en-GB | BO11: 1.1 | BQ11: https://www.stride-example.com/marathon-running-shoes/ | BR11: 0.93 | BS11: 1 | BU11: https://www.stride-example.com/blog/best-marathon-shoes-2022/ | BV11: 2026-10-20 09:14:03 | EA11: =IF(A11="","",IF(LEFT(A11,4)="http",IFERROR(MID(A11,FIND("/",A11,FIND("//",A11)+2),2000),"/"),A11)) | EB11: =IF(EA11="","",IFERROR(LEFT(SUBSTITUTE(EA11,"#","?"),FIND("?",SUBSTITUTE(EA11,"#","?"))-1),EA11)) | EC11: =IF(EB11="","",LOWER(IF(AND(LEN(EB11)>1,RIGHT(EB11,1)="/"),LEFT(EB11,LEN(EB11)-1),EB11)))
A12: https://www.stride-example.com/marathon-running-shoes/ | B12: text/html; charset=UTF-8 | C12: 200 | D12: OK | E12: Indexable | G12: Marathon running shoes | H12: 22 | Z12: https://www.stride-example.com/marathon-running-shoes/ | AK12: 640 | AQ12: 1 | AR12: 1 | AT12: 140 | AU12: 70 | BE12: 0 | BN12: en-GB | BO12: 1.1 | BQ12: https://www.stride-example.com/blog/best-marathon-shoes-2022/ | BR12: 0.93 | BS12: 1 | BU12: https://www.stride-example.com/marathon-running-shoes/ | BV12: 2026-10-20 09:14:03 | EA12: =IF(A12="","",IF(LEFT(A12,4)="http",IFERROR(MID(A12,FIND("/",A12,FIND("//",A12)+2),2000),"/"),A12)) | EB12: =IF(EA12="","",IFERROR(LEFT(SUBSTITUTE(EA12,"#","?"),FIND("?",SUBSTITUTE(EA12,"#","?"))-1),EA12)) | EC12: =IF(EB12="","",LOWER(IF(AND(LEN(EB12)>1,RIGHT(EB12,1)="/"),LEFT(EB12,LEN(EB12)-1),EB12)))
A13: https://www.stride-example.com/blog/running-shoe-sizing-chart/ | B13: text/html; charset=UTF-8 | C13: 200 | D13: OK | E13: Indexable | G13: Running shoe sizing chart | H13: 25 | Z13: https://www.stride-example.com/blog/running-shoe-sizing-chart/ | AK13: 220 | AQ13: 2 | AR13: 2 | AT13: 18 | AU13: 9 | BE13: 0 | BN13: en-GB | BO13: 1.1 | BS13: 0 | BU13: https://www.stride-example.com/blog/running-shoe-sizing-chart/ | BV13: 2026-10-20 09:14:03 | EA13: =IF(A13="","",IF(LEFT(A13,4)="http",IFERROR(MID(A13,FIND("/",A13,FIND("//",A13)+2),2000),"/"),A13)) | EB13: =IF(EA13="","",IFERROR(LEFT(SUBSTITUTE(EA13,"#","?"),FIND("?",SUBSTITUTE(EA13,"#","?"))-1),EA13)) | EC13: =IF(EB13="","",LOWER(IF(AND(LEN(EB13)>1,RIGHT(EB13,1)="/"),LEFT(EB13,LEN(EB13)-1),EB13)))
A14: https://www.stride-example.com/blog/london-store-opening-2019/ | B14: text/html; charset=UTF-8 | C14: 200 | D14: OK | E14: Indexable | G14: Our London store is open | H14: 24 | Z14: https://www.stride-example.com/blog/london-store-opening-2019/ | AK14: 180 | AQ14: 2 | AR14: 2 | AT14: 4 | AU14: 2 | BE14: 0 | BN14: en-GB | BO14: 1.1 | BS14: 0 | BU14: https://www.stride-example.com/blog/london-store-opening-2019/ | BV14: 2026-10-20 09:14:03 | EA14: =IF(A14="","",IF(LEFT(A14,4)="http",IFERROR(MID(A14,FIND("/",A14,FIND("//",A14)+2),2000),"/"),A14)) | EB14: =IF(EA14="","",IFERROR(LEFT(SUBSTITUTE(EA14,"#","?"),FIND("?",SUBSTITUTE(EA14,"#","?"))-1),EA14)) | EC14: =IF(EB14="","",LOWER(IF(AND(LEN(EB14)>1,RIGHT(EB14,1)="/"),LEFT(EB14,LEN(EB14)-1),EB14)))
A15: https://www.stride-example.com/blog/staff-picks-may-2020/ | B15: text/html; charset=UTF-8 | C15: 200 | D15: OK | E15: Indexable | G15: Staff picks: May 2020 | H15: 21 | Z15: https://www.stride-example.com/blog/staff-picks-may-2020/ | AK15: 240 | AQ15: 2 | AR15: 2 | AT15: 4 | AU15: 2 | BE15: 0 | BN15: en-GB | BO15: 1.1 | BS15: 0 | BU15: https://www.stride-example.com/blog/staff-picks-may-2020/ | BV15: 2026-10-20 09:14:03 | EA15: =IF(A15="","",IF(LEFT(A15,4)="http",IFERROR(MID(A15,FIND("/",A15,FIND("//",A15)+2),2000),"/"),A15)) | EB15: =IF(EA15="","",IFERROR(LEFT(SUBSTITUTE(EA15,"#","?"),FIND("?",SUBSTITUTE(EA15,"#","?"))-1),EA15)) | EC15: =IF(EB15="","",LOWER(IF(AND(LEN(EB15)>1,RIGHT(EB15,1)="/"),LEFT(EB15,LEN(EB15)-1),EB15)))
A16: https://www.stride-example.com/tag/shoes/ | B16: text/html; charset=UTF-8 | C16: 200 | D16: OK | E16: Non-Indexable | F16: noindex | G16: Shoes archive | H16: 13 | W16: noindex, follow | Z16: https://www.stride-example.com/tag/shoes/ | AK16: 90 | AQ16: 2 | AR16: 2 | AT16: 60 | AU16: 30 | BE16: 0 | BN16: en-GB | BO16: 1.1 | BS16: 0 | BU16: https://www.stride-example.com/tag/shoes/ | BV16: 2026-10-20 09:14:03 | EA16: =IF(A16="","",IF(LEFT(A16,4)="http",IFERROR(MID(A16,FIND("/",A16,FIND("//",A16)+2),2000),"/"),A16)) | EB16: =IF(EA16="","",IFERROR(LEFT(SUBSTITUTE(EA16,"#","?"),FIND("?",SUBSTITUTE(EA16,"#","?"))-1),EA16)) | EC16: =IF(EB16="","",LOWER(IF(AND(LEN(EB16)>1,RIGHT(EB16,1)="/"),LEFT(EB16,LEN(EB16)-1),EB16)))
A17: https://www.stride-example.com/old-sale/ | B17: text/html; charset=UTF-8 | C17: 301 | D17: Moved Permanently | E17: Non-Indexable | F17: Redirected | H17: 0 | AK17: 0 | AQ17: 1 | AR17: 1 | AT17: 12 | AU17: 6 | BE17: 0 | BK17: https://www.stride-example.com/sale/ | BL17: HTTP Redirect | BN17: en-GB | BO17: 1.1 | BS17: 0 | BU17: https://www.stride-example.com/old-sale/ | BV17: 2026-10-20 09:14:03 | EA17: =IF(A17="","",IF(LEFT(A17,4)="http",IFERROR(MID(A17,FIND("/",A17,FIND("//",A17)+2),2000),"/"),A17)) | EB17: =IF(EA17="","",IFERROR(LEFT(SUBSTITUTE(EA17,"#","?"),FIND("?",SUBSTITUTE(EA17,"#","?"))-1),EA17)) | EC17: =IF(EB17="","",LOWER(IF(AND(LEN(EB17)>1,RIGHT(EB17,1)="/"),LEFT(EB17,LEN(EB17)-1),EB17)))
A18: https://www.stride-example.com/blog/how-to-lace-running-shoes/ | B18: text/html; charset=UTF-8 | C18: 404 | D18: Not Found | E18: Non-Indexable | F18: Client Error | H18: 0 | AK18: 0 | AQ18: 2 | AR18: 2 | AT18: 10 | AU18: 5 | BE18: 0 | BN18: en-GB | BO18: 1.1 | BS18: 0 | BU18: https://www.stride-example.com/blog/how-to-lace-running-shoes/ | BV18: 2026-10-20 09:14:03 | EA18: =IF(A18="","",IF(LEFT(A18,4)="http",IFERROR(MID(A18,FIND("/",A18,FIND("//",A18)+2),2000),"/"),A18)) | EB18: =IF(EA18="","",IFERROR(LEFT(SUBSTITUTE(EA18,"#","?"),FIND("?",SUBSTITUTE(EA18,"#","?"))-1),EA18)) | EC18: =IF(EB18="","",LOWER(IF(AND(LEN(EB18)>1,RIGHT(EB18,1)="/"),LEFT(EB18,LEN(EB18)-1),EB18)))
A19: https://www.stride-example.com/blog/cushioning-explained/ | B19: text/html; charset=UTF-8 | C19: 404 | D19: Not Found | E19: Non-Indexable | F19: Client Error | H19: 0 | AK19: 0 | AQ19: 2 | AR19: 2 | AT19: 2 | AU19: 1 | BE19: 0 | BN19: en-GB | BO19: 1.1 | BS19: 0 | BU19: https://www.stride-example.com/blog/cushioning-explained/ | BV19: 2026-10-20 09:14:03 | EA19: =IF(A19="","",IF(LEFT(A19,4)="http",IFERROR(MID(A19,FIND("/",A19,FIND("//",A19)+2),2000),"/"),A19)) | EB19: =IF(EA19="","",IFERROR(LEFT(SUBSTITUTE(EA19,"#","?"),FIND("?",SUBSTITUTE(EA19,"#","?"))-1),EA19)) | EC19: =IF(EB19="","",LOWER(IF(AND(LEN(EB19)>1,RIGHT(EB19,1)="/"),LEFT(EB19,LEN(EB19)-1),EB19)))
A20: https://www.stride-example.com/services/gait-analysis/ | B20: text/html; charset=UTF-8 | C20: 200 | D20: OK | E20: Indexable | G20: Free gait analysis | H20: 18 | Z20: https://www.stride-example.com/services/gait-analysis/ | AK20: 780 | AQ20: 2 | AR20: 2 | AT20: 110 | AU20: 55 | BE20: 0 | BN20: en-GB | BO20: 1.1 | BS20: 0 | BU20: https://www.stride-example.com/services/gait-analysis/ | BV20: 2026-10-20 09:14:03 | EA20: =IF(A20="","",IF(LEFT(A20,4)="http",IFERROR(MID(A20,FIND("/",A20,FIND("//",A20)+2),2000),"/"),A20)) | EB20: =IF(EA20="","",IFERROR(LEFT(SUBSTITUTE(EA20,"#","?"),FIND("?",SUBSTITUTE(EA20,"#","?"))-1),EA20)) | EC20: =IF(EB20="","",LOWER(IF(AND(LEN(EB20)>1,RIGHT(EB20,1)="/"),LEFT(EB20,LEN(EB20)-1),EB20)))
A21: https://www.stride-example.com/blog/replace-running-shoes/ | B21: text/html; charset=UTF-8 | C21: 200 | D21: OK | E21: Indexable | G21: How often should you replace running shoes? | H21: 43 | Z21: https://www.stride-example.com/blog/replace-running-shoes/ | AK21: 1550 | AQ21: 2 | AR21: 2 | AT21: 32 | AU21: 16 | BE21: 0 | BN21: en-GB | BO21: 1.1 | BS21: 0 | BU21: https://www.stride-example.com/blog/replace-running-shoes/ | BV21: 2026-10-20 09:14:03 | EA21: =IF(A21="","",IF(LEFT(A21,4)="http",IFERROR(MID(A21,FIND("/",A21,FIND("//",A21)+2),2000),"/"),A21)) | EB21: =IF(EA21="","",IFERROR(LEFT(SUBSTITUTE(EA21,"#","?"),FIND("?",SUBSTITUTE(EA21,"#","?"))-1),EA21)) | EC21: =IF(EB21="","",LOWER(IF(AND(LEN(EB21)>1,RIGHT(EB21,1)="/"),LEFT(EB21,LEN(EB21)-1),EB21)))
A22: https://www.stride-example.com/stores/london/ | B22: text/html; charset=UTF-8 | C22: 200 | D22: OK | E22: Indexable | G22: Stride & Co London | H22: 18 | Z22: https://www.stride-example.com/stores/london/ | AK22: 420 | AQ22: 2 | AR22: 2 | AT22: 80 | AU22: 40 | BE22: 0 | BN22: en-GB | BO22: 1.1 | BS22: 0 | BU22: https://www.stride-example.com/stores/london/ | BV22: 2026-10-20 09:14:03 | EA22: =IF(A22="","",IF(LEFT(A22,4)="http",IFERROR(MID(A22,FIND("/",A22,FIND("//",A22)+2),2000),"/"),A22)) | EB22: =IF(EA22="","",IFERROR(LEFT(SUBSTITUTE(EA22,"#","?"),FIND("?",SUBSTITUTE(EA22,"#","?"))-1),EA22)) | EC22: =IF(EB22="","",LOWER(IF(AND(LEN(EB22)>1,RIGHT(EB22,1)="/"),LEFT(EB22,LEN(EB22)-1),EB22)))
A23: https://www.stride-example.com/blog/running-glossary/ | B23: text/html; charset=UTF-8 | C23: 200 | D23: OK | E23: Non-Indexable | F23: Canonicalised | G23: Running glossary | H23: 16 | Z23: https://www.stride-example.com/glossary/ | AK23: 2600 | AQ23: 2 | AR23: 2 | AT23: 14 | AU23: 7 | BE23: 0 | BN23: en-GB | BO23: 1.1 | BS23: 0 | BU23: https://www.stride-example.com/blog/running-glossary/ | BV23: 2026-10-20 09:14:03 | EA23: =IF(A23="","",IF(LEFT(A23,4)="http",IFERROR(MID(A23,FIND("/",A23,FIND("//",A23)+2),2000),"/"),A23)) | EB23: =IF(EA23="","",IFERROR(LEFT(SUBSTITUTE(EA23,"#","?"),FIND("?",SUBSTITUTE(EA23,"#","?"))-1),EA23)) | EC23: =IF(EB23="","",LOWER(IF(AND(LEN(EB23)>1,RIGHT(EB23,1)="/"),LEFT(EB23,LEN(EB23)-1),EB23)))
A24: https://www.stride-example.com/blog/winter-running-tips/ | B24: text/html; charset=UTF-8 | C24: 200 | D24: OK | E24: Indexable | G24: Winter running tips | H24: 19 | Z24: https://www.stride-example.com/blog/winter-running-tips/ | AK24: 1100 | AQ24: 2 | AR24: 2 | AT24: 12 | AU24: 6 | BE24: 0 | BN24: en-GB | BO24: 1.1 | BS24: 0 | BU24: https://www.stride-example.com/blog/winter-running-tips/ | BV24: 2026-10-20 09:14:03 | EA24: =IF(A24="","",IF(LEFT(A24,4)="http",IFERROR(MID(A24,FIND("/",A24,FIND("//",A24)+2),2000),"/"),A24)) | EB24: =IF(EA24="","",IFERROR(LEFT(SUBSTITUTE(EA24,"#","?"),FIND("?",SUBSTITUTE(EA24,"#","?"))-1),EA24)) | EC24: =IF(EB24="","",LOWER(IF(AND(LEN(EB24)>1,RIGHT(EB24,1)="/"),LEFT(EB24,LEN(EB24)-1),EB24)))
A25: https://www.stride-example.com/blog/parkrun-guide/ | B25: text/html; charset=UTF-8 | C25: 200 | D25: OK | E25: Indexable | G25: A beginner's guide to parkrun | H25: 29 | Z25: https://www.stride-example.com/blog/parkrun-guide/ | AK25: 1250 | AQ25: 2 | AR25: 2 | AT25: 22 | AU25: 11 | BE25: 0 | BN25: en-GB | BO25: 1.1 | BS25: 0 | BU25: https://www.stride-example.com/blog/parkrun-guide/ | BV25: 2026-10-20 09:14:03 | EA25: =IF(A25="","",IF(LEFT(A25,4)="http",IFERROR(MID(A25,FIND("/",A25,FIND("//",A25)+2),2000),"/"),A25)) | EB25: =IF(EA25="","",IFERROR(LEFT(SUBSTITUTE(EA25,"#","?"),FIND("?",SUBSTITUTE(EA25,"#","?"))-1),EA25)) | EC25: =IF(EB25="","",LOWER(IF(AND(LEN(EB25)>1,RIGHT(EB25,1)="/"),LEFT(EB25,LEN(EB25)-1),EB25)))
EA26: =IF(A26="","",IF(LEFT(A26,4)="http",IFERROR(MID(A26,FIND("/",A26,FIND("//",A26)+2),2000),"/"),A26)) | EB26: =IF(EA26="","",IFERROR(LEFT(SUBSTITUTE(EA26,"#","?"),FIND("?",SUBSTITUTE(EA26,"#","?"))-1),EA26)) | EC26: =IF(EB26="","",LOWER(IF(AND(LEN(EB26)>1,RIGHT(EB26,1)="/"),LEFT(EB26,LEN(EB26)-1),EB26)))
EA27: =IF(A27="","",IF(LEFT(A27,4)="http",IFERROR(MID(A27,FIND("/",A27,FIND("//",A27)+2),2000),"/"),A27)) | EB27: =IF(EA27="","",IFERROR(LEFT(SUBSTITUTE(EA27,"#","?"),FIND("?",SUBSTITUTE(EA27,"#","?"))-1),EA27)) | EC27: =IF(EB27="","",LOWER(IF(AND(LEN(EB27)>1,RIGHT(EB27,1)="/"),LEFT(EB27,LEN(EB27)-1),EB27)))
EA28: =IF(A28="","",IF(LEFT(A28,4)="http",IFERROR(MID(A28,FIND("/",A28,FIND("//",A28)+2),2000),"/"),A28)) | EB28: =IF(EA28="","",IFERROR(LEFT(SUBSTITUTE(EA28,"#","?"),FIND("?",SUBSTITUTE(EA28,"#","?"))-1),EA28)) | EC28: =IF(EB28="","",LOWER(IF(AND(LEN(EB28)>1,RIGHT(EB28,1)="/"),LEFT(EB28,LEN(EB28)-1),EB28)))
EA29: =IF(A29="","",IF(LEFT(A29,4)="http",IFERROR(MID(A29,FIND("/",A29,FIND("//",A29)+2),2000),"/"),A29)) | EB29: =IF(EA29="","",IFERROR(LEFT(SUBSTITUTE(EA29,"#","?"),FIND("?",SUBSTITUTE(EA29,"#","?"))-1),EA29)) | EC29: =IF(EB29="","",LOWER(IF(AND(LEN(EB29)>1,RIGHT(EB29,1)="/"),LEFT(EB29,LEN(EB29)-1),EB29)))
EA30: =IF(A30="","",IF(LEFT(A30,4)="http",IFERROR(MID(A30,FIND("/",A30,FIND("//",A30)+2),2000),"/"),A30)) | EB30: =IF(EA30="","",IFERROR(LEFT(SUBSTITUTE(EA30,"#","?"),FIND("?",SUBSTITUTE(EA30,"#","?"))-1),EA30)) | EC30: =IF(EB30="","",LOWER(IF(AND(LEN(EB30)>1,RIGHT(EB30,1)="/"),LEFT(EB30,LEN(EB30)-1),EB30)))
EA31: =IF(A31="","",IF(LEFT(A31,4)="http",IFERROR(MID(A31,FIND("/",A31,FIND("//",A31)+2),2000),"/"),A31)) | EB31: =IF(EA31="","",IFERROR(LEFT(SUBSTITUTE(EA31,"#","?"),FIND("?",SUBSTITUTE(EA31,"#","?"))-1),EA31)) | EC31: =IF(EB31="","",LOWER(IF(AND(LEN(EB31)>1,RIGHT(EB31,1)="/"),LEFT(EB31,LEN(EB31)-1),EB31)))
EA32: =IF(A32="","",IF(LEFT(A32,4)="http",IFERROR(MID(A32,FIND("/",A32,FIND("//",A32)+2),2000),"/"),A32)) | EB32: =IF(EA32="","",IFERROR(LEFT(SUBSTITUTE(EA32,"#","?"),FIND("?",SUBSTITUTE(EA32,"#","?"))-1),EA32)) | EC32: =IF(EB32="","",LOWER(IF(AND(LEN(EB32)>1,RIGHT(EB32,1)="/"),LEFT(EB32,LEN(EB32)-1),EB32)))
EA33: =IF(A33="","",IF(LEFT(A33,4)="http",IFERROR(MID(A33,FIND("/",A33,FIND("//",A33)+2),2000),"/"),A33)) | EB33: =IF(EA33="","",IFERROR(LEFT(SUBSTITUTE(EA33,"#","?"),FIND("?",SUBSTITUTE(EA33,"#","?"))-1),EA33)) | EC33: =IF(EB33="","",LOWER(IF(AND(LEN(EB33)>1,RIGHT(EB33,1)="/"),LEFT(EB33,LEN(EB33)-1),EB33)))
EA34: =IF(A34="","",IF(LEFT(A34,4)="http",IFERROR(MID(A34,FIND("/",A34,FIND("//",A34)+2),2000),"/"),A34)) | EB34: =IF(EA34="","",IFERROR(LEFT(SUBSTITUTE(EA34,"#","?"),FIND("?",SUBSTITUTE(EA34,"#","?"))-1),EA34)) | EC34: =IF(EB34="","",LOWER(IF(AND(LEN(EB34)>1,RIGHT(EB34,1)="/"),LEFT(EB34,LEN(EB34)-1),EB34)))
EA35: =IF(A35="","",IF(LEFT(A35,4)="http",IFERROR(MID(A35,FIND("/",A35,FIND("//",A35)+2),2000),"/"),A35)) | EB35: =IF(EA35="","",IFERROR(LEFT(SUBSTITUTE(EA35,"#","?"),FIND("?",SUBSTITUTE(EA35,"#","?"))-1),EA35)) | EC35: =IF(EB35="","",LOWER(IF(AND(LEN(EB35)>1,RIGHT(EB35,1)="/"),LEFT(EB35,LEN(EB35)-1),EB35)))
EA36: =IF(A36="","",IF(LEFT(A36,4)="http",IFERROR(MID(A36,FIND("/",A36,FIND("//",A36)+2),2000),"/"),A36)) | EB36: =IF(EA36="","",IFERROR(LEFT(SUBSTITUTE(EA36,"#","?"),FIND("?",SUBSTITUTE(EA36,"#","?"))-1),EA36)) | EC36: =IF(EB36="","",LOWER(IF(AND(LEN(EB36)>1,RIGHT(EB36,1)="/"),LEFT(EB36,LEN(EB36)-1),EB36)))
EA37: =IF(A37="","",IF(LEFT(A37,4)="http",IFERROR(MID(A37,FIND("/",A37,FIND("//",A37)+2),2000),"/"),A37)) | EB37: =IF(EA37="","",IFERROR(LEFT(SUBSTITUTE(EA37,"#","?"),FIND("?",SUBSTITUTE(EA37,"#","?"))-1),EA37)) | EC37: =IF(EB37="","",LOWER(IF(AND(LEN(EB37)>1,RIGHT(EB37,1)="/"),LEFT(EB37,LEN(EB37)-1),EB37)))
... EA2001: =IF(A2001="","",IF(LEFT(A2001,4)="http",IFERROR(MID(A2001,FIND("/",A2001,FIND("//",A2001)+2),2000),"/"),A2001)) | EB2001: =IF(EA2001="","",IFERROR(LEFT(SUBSTITUTE(EA2001,"#","?"),FIND("?",SUBSTITUTE(EA2001,"#","?"))-1),EA2001)) | EC2001: =IF(EB2001="","",LOWER(IF(AND(LEN(EB2001)>1,RIGHT(EB2001,1)="/"),LEFT(EB2001,LEN(EB2001)-1),EB2001)))

Sheet GSC current
A1: Top pages | B1: Clicks | C1: Impressions | D1: CTR | E1: Position | G1: Path (helper) | H1: Path, no query (helper) | I1: Key (helper) | J1: Clicks (helper) | K1: Impressions (helper) | L1: Position × impressions (helper) | M1: In crawl? (helper)
A2: https://www.stride-example.com/ | B2: 1240 | C2: 30200 | D2: 4.11% | E2: 3.1 | G2: =IF(A2="","",IF(LEFT(A2,4)="http",IFERROR(MID(A2,FIND("/",A2,FIND("//",A2)+2),2000),"/"),A2)) | H2: =IF(G2="","",IFERROR(LEFT(SUBSTITUTE(G2,"#","?"),FIND("?",SUBSTITUTE(G2,"#","?"))-1),G2)) | I2: =IF(H2="","",LOWER(IF(AND(LEN(H2)>1,RIGHT(H2,1)="/"),LEFT(H2,LEN(H2)-1),H2))) | J2: =IF(I2="","",IFERROR(N(INDEX($A2:$E2,1,Rules!$H$16)),0)) | K2: =IF(I2="","",IFERROR(N(INDEX($A2:$E2,1,Rules!$H$17)),0)) | L2: =IF(I2="","",IFERROR(N(INDEX($A2:$E2,1,Rules!$H$18))*K2,0)) | M2: =IF(I2="","",IF(COUNTIF(Crawl!$EC$2:$EC$2001,I2)>0,"Yes","No"))
A3: https://www.stride-example.com/trail-running-shoes/ | B3: 905 | C3: 41000 | D3: 2.21% | E3: 6.2 | G3: =IF(A3="","",IF(LEFT(A3,4)="http",IFERROR(MID(A3,FIND("/",A3,FIND("//",A3)+2),2000),"/"),A3)) | H3: =IF(G3="","",IFERROR(LEFT(SUBSTITUTE(G3,"#","?"),FIND("?",SUBSTITUTE(G3,"#","?"))-1),G3)) | I3: =IF(H3="","",LOWER(IF(AND(LEN(H3)>1,RIGHT(H3,1)="/"),LEFT(H3,LEN(H3)-1),H3))) | J3: =IF(I3="","",IFERROR(N(INDEX($A3:$E3,1,Rules!$H$16)),0)) | K3: =IF(I3="","",IFERROR(N(INDEX($A3:$E3,1,Rules!$H$17)),0)) | L3: =IF(I3="","",IFERROR(N(INDEX($A3:$E3,1,Rules!$H$18))*K3,0)) | M3: =IF(I3="","",IF(COUNTIF(Crawl!$EC$2:$EC$2001,I3)>0,"Yes","No"))
A4: https://www.stride-example.com/road-running-shoes/ | B4: 640 | C4: 12100 | D4: 5.29% | E4: 3.4 | G4: =IF(A4="","",IF(LEFT(A4,4)="http",IFERROR(MID(A4,FIND("/",A4,FIND("//",A4)+2),2000),"/"),A4)) | H4: =IF(G4="","",IFERROR(LEFT(SUBSTITUTE(G4,"#","?"),FIND("?",SUBSTITUTE(G4,"#","?"))-1),G4)) | I4: =IF(H4="","",LOWER(IF(AND(LEN(H4)>1,RIGHT(H4,1)="/"),LEFT(H4,LEN(H4)-1),H4))) | J4: =IF(I4="","",IFERROR(N(INDEX($A4:$E4,1,Rules!$H$16)),0)) | K4: =IF(I4="","",IFERROR(N(INDEX($A4:$E4,1,Rules!$H$17)),0)) | L4: =IF(I4="","",IFERROR(N(INDEX($A4:$E4,1,Rules!$H$18))*K4,0)) | M4: =IF(I4="","",IF(COUNTIF(Crawl!$EC$2:$EC$2001,I4)>0,"Yes","No"))
A5: https://www.stride-example.com/blog/replace-running-shoes/ | B5: 450 | C5: 11200 | D5: 4.02% | E5: 2.9 | G5: =IF(A5="","",IF(LEFT(A5,4)="http",IFERROR(MID(A5,FIND("/",A5,FIND("//",A5)+2),2000),"/"),A5)) | H5: =IF(G5="","",IFERROR(LEFT(SUBSTITUTE(G5,"#","?"),FIND("?",SUBSTITUTE(G5,"#","?"))-1),G5)) | I5: =IF(H5="","",LOWER(IF(AND(LEN(H5)>1,RIGHT(H5,1)="/"),LEFT(H5,LEN(H5)-1),H5))) | J5: =IF(I5="","",IFERROR(N(INDEX($A5:$E5,1,Rules!$H$16)),0)) | K5: =IF(I5="","",IFERROR(N(INDEX($A5:$E5,1,Rules!$H$17)),0)) | L5: =IF(I5="","",IFERROR(N(INDEX($A5:$E5,1,Rules!$H$18))*K5,0)) | M5: =IF(I5="","",IF(COUNTIF(Crawl!$EC$2:$EC$2001,I5)>0,"Yes","No"))
A6: https://www.stride-example.com/wide-fit-running-shoes/ | B6: 380 | C6: 8100 | D6: 4.69% | E6: 3.9 | G6: =IF(A6="","",IF(LEFT(A6,4)="http",IFERROR(MID(A6,FIND("/",A6,FIND("//",A6)+2),2000),"/"),A6)) | H6: =IF(G6="","",IFERROR(LEFT(SUBSTITUTE(G6,"#","?"),FIND("?",SUBSTITUTE(G6,"#","?"))-1),G6)) | I6: =IF(H6="","",LOWER(IF(AND(LEN(H6)>1,RIGHT(H6,1)="/"),LEFT(H6,LEN(H6)-1),H6))) | J6: =IF(I6="","",IFERROR(N(INDEX($A6:$E6,1,Rules!$H$16)),0)) | K6: =IF(I6="","",IFERROR(N(INDEX($A6:$E6,1,Rules!$H$17)),0)) | L6: =IF(I6="","",IFERROR(N(INDEX($A6:$E6,1,Rules!$H$18))*K6,0)) | M6: =IF(I6="","",IF(COUNTIF(Crawl!$EC$2:$EC$2001,I6)>0,"Yes","No"))
A7: https://www.stride-example.com/marathon-running-shoes/ | B7: 300 | C7: 9400 | D7: 3.19% | E7: 3.6 | G7: =IF(A7="","",IF(LEFT(A7,4)="http",IFERROR(MID(A7,FIND("/",A7,FIND("//",A7)+2),2000),"/"),A7)) | H7: =IF(G7="","",IFERROR(LEFT(SUBSTITUTE(G7,"#","?"),FIND("?",SUBSTITUTE(G7,"#","?"))-1),G7)) | I7: =IF(H7="","",LOWER(IF(AND(LEN(H7)>1,RIGHT(H7,1)="/"),LEFT(H7,LEN(H7)-1),H7))) | J7: =IF(I7="","",IFERROR(N(INDEX($A7:$E7,1,Rules!$H$16)),0)) | K7: =IF(I7="","",IFERROR(N(INDEX($A7:$E7,1,Rules!$H$17)),0)) | L7: =IF(I7="","",IFERROR(N(INDEX($A7:$E7,1,Rules!$H$18))*K7,0)) | M7: =IF(I7="","",IF(COUNTIF(Crawl!$EC$2:$EC$2001,I7)>0,"Yes","No"))
A8: https://www.stride-example.com/blog/best-trail-running-shoes/ | B8: 210 | C8: 9800 | D8: 2.14% | E8: 7.9 | G8: =IF(A8="","",IF(LEFT(A8,4)="http",IFERROR(MID(A8,FIND("/",A8,FIND("//",A8)+2),2000),"/"),A8)) | H8: =IF(G8="","",IFERROR(LEFT(SUBSTITUTE(G8,"#","?"),FIND("?",SUBSTITUTE(G8,"#","?"))-1),G8)) | I8: =IF(H8="","",LOWER(IF(AND(LEN(H8)>1,RIGHT(H8,1)="/"),LEFT(H8,LEN(H8)-1),H8))) | J8: =IF(I8="","",IFERROR(N(INDEX($A8:$E8,1,Rules!$H$16)),0)) | K8: =IF(I8="","",IFERROR(N(INDEX($A8:$E8,1,Rules!$H$17)),0)) | L8: =IF(I8="","",IFERROR(N(INDEX($A8:$E8,1,Rules!$H$18))*K8,0)) | M8: =IF(I8="","",IF(COUNTIF(Crawl!$EC$2:$EC$2001,I8)>0,"Yes","No"))
A9: https://www.stride-example.com/blog/wide-feet-guide/ | B9: 160 | C9: 5200 | D9: 3.08% | E9: 2.8 | G9: =IF(A9="","",IF(LEFT(A9,4)="http",IFERROR(MID(A9,FIND("/",A9,FIND("//",A9)+2),2000),"/"),A9)) | H9: =IF(G9="","",IFERROR(LEFT(SUBSTITUTE(G9,"#","?"),FIND("?",SUBSTITUTE(G9,"#","?"))-1),G9)) | I9: =IF(H9="","",LOWER(IF(AND(LEN(H9)>1,RIGHT(H9,1)="/"),LEFT(H9,LEN(H9)-1),H9))) | J9: =IF(I9="","",IFERROR(N(INDEX($A9:$E9,1,Rules!$H$16)),0)) | K9: =IF(I9="","",IFERROR(N(INDEX($A9:$E9,1,Rules!$H$17)),0)) | L9: =IF(I9="","",IFERROR(N(INDEX($A9:$E9,1,Rules!$H$18))*K9,0)) | M9: =IF(I9="","",IF(COUNTIF(Crawl!$EC$2:$EC$2001,I9)>0,"Yes","No"))
A10: https://www.stride-example.com/stores/london/ | B10: 150 | C10: 3100 | D10: 4.84% | E10: 2.2 | G10: =IF(A10="","",IF(LEFT(A10,4)="http",IFERROR(MID(A10,FIND("/",A10,FIND("//",A10)+2),2000),"/"),A10)) | H10: =IF(G10="","",IFERROR(LEFT(SUBSTITUTE(G10,"#","?"),FIND("?",SUBSTITUTE(G10,"#","?"))-1),G10)) | I10: =IF(H10="","",LOWER(IF(AND(LEN(H10)>1,RIGHT(H10,1)="/"),LEFT(H10,LEN(H10)-1),H10))) | J10: =IF(I10="","",IFERROR(N(INDEX($A10:$E10,1,Rules!$H$16)),0)) | K10: =IF(I10="","",IFERROR(N(INDEX($A10:$E10,1,Rules!$H$17)),0)) | L10: =IF(I10="","",IFERROR(N(INDEX($A10:$E10,1,Rules!$H$18))*K10,0)) | M10: =IF(I10="","",IF(COUNTIF(Crawl!$EC$2:$EC$2001,I10)>0,"Yes","No"))
