Workbook

Sheet Start here
A1: Topical Map Template + Generator (EAV-based)
A2: Entity → attributes → values → pillar, cluster and supporting pages · by Lazarina Stoy · MLforSEO
A4: What it does
A5: You describe one central entity, the attributes people use to describe or filter it, and the values each attribute takes.
A6: The Topical Map tab turns that into a pillar page, one cluster (hub) page per attribute and one supporting page per value,
A7: with a suggested title, slug, intent, format, internal links (up, across and down), coverage against your existing URLs
A8: and a priority score. Combinations crosses two attributes for long-tail ideas.
A10: EAV (entity, attribute, variable or value) is a data-modelling pattern borrowed from database design. I use it here as a
A11: planning lens: a structured way to list what your audience wants to know about an entity and to spot gaps. It is not a
A12: claim about how any search engine ranks pages.
A14: How to use it
A15: 1. Entity: name the central entity and adjust the three title patterns ({entity}, {attribute}, {value}).
... A32: Legend
A33: Dark header | B33: Input column: paste or type here.
A34: Purple header | B34: Calculated column: formulas, please don't type over them.
A35: Lavender band | B35: Readability banding and paste zones.
A36: Yellow cell | B36: A flag that needs a human look, or an editable setting.
A37: Soft red | B37: A stronger warning (for example cannibalisation or a prune decision).
A38: Credits
A39: Template by Lazarina Stoy · MLforSEO (mlforseo.com). Free to use and adapt; please keep this credit.
A40: Read: What is the EAV model in SEO? (MLforSEO)
A41: Course: Semantic ML-enabled Keyword Research (MLforSEO Academy)
A42: Read: What does a good semantic keyword universe look like? (MLforSEO)
A43: Read: What is a knowledge graph? How to use it for keyword strategy (MLforSEO)

Sheet Entity
A1: 1. Entity: start with one central entity
A2: Yellow cells are yours. Patterns use {entity}, {attribute} and {value} as placeholders.
A3: Central entity | B3: Running shoes | C3: The one entity the map is about: your main product category, service or topic.
A4: Entity type | B4: Product | C4: Person, Place, Organisation, Product, Event, Creative work or Concept.
A5: Site root URL | B5: https://www.stride-example.com/ | C5: Used only for reference.
A6: Pillar page URL (if it exists) | B6: https://www.stride-example.com/running-shoes/ | C6: Leave blank if the pillar is still a gap.
A7: Pillar title pattern | B7: {entity}: the complete guide | C7: {entity} is replaced by the central entity.
A8: Cluster title pattern (default) | B8: {entity} by {attribute} | C8: Used when an attribute has no cluster title of its own.
A9: Supporting title pattern (default) | B9: {entity} for {value} | C9: Used when an attribute has no pattern of its own.
A10: Audience / notes | B10: Recreational and club runners in the UK
A13: Calculated
A14: Attributes included | B14: =MAX(Attributes!$P$3:$P$52)
A15: Values kept | B15: =MAX(Values!$J$3:$J$502)
A16: Rows on the topical map | B16: =1+B14+B15

Sheet Attributes
A1: 2. ATTRIBUTES: the ways people describe or filter the entity | K1: SAMPLE: fictional running shoe shop. Clear A-J and add your own.
A2: Attribute | B2: Attribute type | C2: Cutoff rule | D2: Typical intent | E2: Business relevance (1-3) | F2: Include? | G2: Cluster page title (optional) | H2: Supporting title pattern (optional) | I2: Cluster / hub page URL (if it exists) | J2: Notes | K2: Values listed | L2: Values kept | M2: Values covered | N2: Coverage | O2: Check | P2: Map order (helper)
A3: Terrain | B3: Finite | D3: Commercial | E3: 3 | F3: Yes | H3: {value} {entity} | K3: =IF(A3="","",COUNTIF(Values!$A$3:$A$502,SUBSTITUTE(SUBSTITUTE(A3,"?","~?"),"*","~*"))) | L3: =IF(A3="","",COUNTIFS(Values!$A$3:$A$502,SUBSTITUTE(SUBSTITUTE(A3,"?","~?"),"*","~*"),Values!$I$3:$I$502,"Yes")) | M3: =IF(A3="","",SUMPRODUCT((Values!$A$3:$A$502=A3)*(Values!$I$3:$I$502="Yes")*(LEN(Values!$F$3:$F$502)>0))) | N3: =IF(A3="","",IF(L3=0,"",M3/L3)) | O3: =IF(A3="","",IF(AND(B3="Infinite",F3="Yes"),"Infinite attribute included: add a cutoff or exclude it",IF(AND(B3="Finite with a cutoff",C3=""),"Add the cutoff rule",IF(AND(F3="Yes",L3=0),"No values kept yet","")))) | P3: =IF(AND(A3<>"",F3="Yes"),SUMPRODUCT(($F$3:F3="Yes")*(LEN($A$3:A3)>0)),"")
A4: Distance | B4: Finite | D4: Commercial | E4: 3 | F4: Yes | H4: {entity} for {value} | K4: =IF(A4="","",COUNTIF(Values!$A$3:$A$502,SUBSTITUTE(SUBSTITUTE(A4,"?","~?"),"*","~*"))) | L4: =IF(A4="","",COUNTIFS(Values!$A$3:$A$502,SUBSTITUTE(SUBSTITUTE(A4,"?","~?"),"*","~*"),Values!$I$3:$I$502,"Yes")) | M4: =IF(A4="","",SUMPRODUCT((Values!$A$3:$A$502=A4)*(Values!$I$3:$I$502="Yes")*(LEN(Values!$F$3:$F$502)>0))) | N4: =IF(A4="","",IF(L4=0,"",M4/L4)) | O4: =IF(A4="","",IF(AND(B4="Infinite",F4="Yes"),"Infinite attribute included: add a cutoff or exclude it",IF(AND(B4="Finite with a cutoff",C4=""),"Add the cutoff rule",IF(AND(F4="Yes",L4=0),"No values kept yet","")))) | P4: =IF(AND(A4<>"",F4="Yes"),SUMPRODUCT(($F$3:F4="Yes")*(LEN($A$3:A4)>0)),"")
A5: Foot type | B5: Finite | D5: Commercial | E5: 3 | F5: Yes | G5: Running shoes for every foot type | H5: {entity} for {value} | K5: =IF(A5="","",COUNTIF(Values!$A$3:$A$502,SUBSTITUTE(SUBSTITUTE(A5,"?","~?"),"*","~*"))) | L5: =IF(A5="","",COUNTIFS(Values!$A$3:$A$502,SUBSTITUTE(SUBSTITUTE(A5,"?","~?"),"*","~*"),Values!$I$3:$I$502,"Yes")) | M5: =IF(A5="","",SUMPRODUCT((Values!$A$3:$A$502=A5)*(Values!$I$3:$I$502="Yes")*(LEN(Values!$F$3:$F$502)>0))) | N5: =IF(A5="","",IF(L5=0,"",M5/L5)) | O5: =IF(A5="","",IF(AND(B5="Infinite",F5="Yes"),"Infinite attribute included: add a cutoff or exclude it",IF(AND(B5="Finite with a cutoff",C5=""),"Add the cutoff rule",IF(AND(F5="Yes",L5=0),"No values kept yet","")))) | P5: =IF(AND(A5<>"",F5="Yes"),SUMPRODUCT(($F$3:F5="Yes")*(LEN($A$3:A5)>0)),"")
A6: Cushioning | B6: Finite | D6: Informational | E6: 2 | F6: Yes | H6: {value} {entity} | K6: =IF(A6="","",COUNTIF(Values!$A$3:$A$502,SUBSTITUTE(SUBSTITUTE(A6,"?","~?"),"*","~*"))) | L6: =IF(A6="","",COUNTIFS(Values!$A$3:$A$502,SUBSTITUTE(SUBSTITUTE(A6,"?","~?"),"*","~*"),Values!$I$3:$I$502,"Yes")) | M6: =IF(A6="","",SUMPRODUCT((Values!$A$3:$A$502=A6)*(Values!$I$3:$I$502="Yes")*(LEN(Values!$F$3:$F$502)>0))) | N6: =IF(A6="","",IF(L6=0,"",M6/L6)) | O6: =IF(A6="","",IF(AND(B6="Infinite",F6="Yes"),"Infinite attribute included: add a cutoff or exclude it",IF(AND(B6="Finite with a cutoff",C6=""),"Add the cutoff rule",IF(AND(F6="Yes",L6=0),"No values kept yet","")))) | P6: =IF(AND(A6<>"",F6="Yes"),SUMPRODUCT(($F$3:F6="Yes")*(LEN($A$3:A6)>0)),"")
A7: Brand | B7: Finite with a cutoff | C7: Brands we stock (12) | D7: Commercial | E7: 2 | F7: Yes | G7: Running shoe brands | H7: {value} {entity} | I7: https://www.stride-example.com/brands/ | K7: =IF(A7="","",COUNTIF(Values!$A$3:$A$502,SUBSTITUTE(SUBSTITUTE(A7,"?","~?"),"*","~*"))) | L7: =IF(A7="","",COUNTIFS(Values!$A$3:$A$502,SUBSTITUTE(SUBSTITUTE(A7,"?","~?"),"*","~*"),Values!$I$3:$I$502,"Yes")) | M7: =IF(A7="","",SUMPRODUCT((Values!$A$3:$A$502=A7)*(Values!$I$3:$I$502="Yes")*(LEN(Values!$F$3:$F$502)>0))) | N7: =IF(A7="","",IF(L7=0,"",M7/L7)) | O7: =IF(A7="","",IF(AND(B7="Infinite",F7="Yes"),"Infinite attribute included: add a cutoff or exclude it",IF(AND(B7="Finite with a cutoff",C7=""),"Add the cutoff rule",IF(AND(F7="Yes",L7=0),"No values kept yet","")))) | P7: =IF(AND(A7<>"",F7="Yes"),SUMPRODUCT(($F$3:F7="Yes")*(LEN($A$3:A7)>0)),"")
A8: Runner level | B8: Finite | D8: Informational | E8: 2 | F8: Yes | H8: {entity} for {value} | K8: =IF(A8="","",COUNTIF(Values!$A$3:$A$502,SUBSTITUTE(SUBSTITUTE(A8,"?","~?"),"*","~*"))) | L8: =IF(A8="","",COUNTIFS(Values!$A$3:$A$502,SUBSTITUTE(SUBSTITUTE(A8,"?","~?"),"*","~*"),Values!$I$3:$I$502,"Yes")) | M8: =IF(A8="","",SUMPRODUCT((Values!$A$3:$A$502=A8)*(Values!$I$3:$I$502="Yes")*(LEN(Values!$F$3:$F$502)>0))) | N8: =IF(A8="","",IF(L8=0,"",M8/L8)) | O8: =IF(A8="","",IF(AND(B8="Infinite",F8="Yes"),"Infinite attribute included: add a cutoff or exclude it",IF(AND(B8="Finite with a cutoff",C8=""),"Add the cutoff rule",IF(AND(F8="Yes",L8=0),"No values kept yet","")))) | P8: =IF(AND(A8<>"",F8="Yes"),SUMPRODUCT(($F$3:F8="Yes")*(LEN($A$3:A8)>0)),"")
A9: Price | B9: Finite with a cutoff | C9: Three bands: under £80, £80-£140, over £140 | D9: Transactional | E9: 1 | F9: Yes | H9: {entity} {value} | K9: =IF(A9="","",COUNTIF(Values!$A$3:$A$502,SUBSTITUTE(SUBSTITUTE(A9,"?","~?"),"*","~*"))) | L9: =IF(A9="","",COUNTIFS(Values!$A$3:$A$502,SUBSTITUTE(SUBSTITUTE(A9,"?","~?"),"*","~*"),Values!$I$3:$I$502,"Yes")) | M9: =IF(A9="","",SUMPRODUCT((Values!$A$3:$A$502=A9)*(Values!$I$3:$I$502="Yes")*(LEN(Values!$F$3:$F$502)>0))) | N9: =IF(A9="","",IF(L9=0,"",M9/L9)) | O9: =IF(A9="","",IF(AND(B9="Infinite",F9="Yes"),"Infinite attribute included: add a cutoff or exclude it",IF(AND(B9="Finite with a cutoff",C9=""),"Add the cutoff rule",IF(AND(F9="Yes",L9=0),"No values kept yet","")))) | P9: =IF(AND(A9<>"",F9="Yes"),SUMPRODUCT(($F$3:F9="Yes")*(LEN($A$3:A9)>0)),"")
A10: Runner name | B10: Infinite | D10: Navigational | E10: 1 | F10: No | J10: Excluded: a page per runner has no reason to exist | K10: =IF(A10="","",COUNTIF(Values!$A$3:$A$502,SUBSTITUTE(SUBSTITUTE(A10,"?","~?"),"*","~*"))) | L10: =IF(A10="","",COUNTIFS(Values!$A$3:$A$502,SUBSTITUTE(SUBSTITUTE(A10,"?","~?"),"*","~*"),Values!$I$3:$I$502,"Yes")) | M10: =IF(A10="","",SUMPRODUCT((Values!$A$3:$A$502=A10)*(Values!$I$3:$I$502="Yes")*(LEN(Values!$F$3:$F$502)>0))) | N10: =IF(A10="","",IF(L10=0,"",M10/L10)) | O10: =IF(A10="","",IF(AND(B10="Infinite",F10="Yes"),"Infinite attribute included: add a cutoff or exclude it",IF(AND(B10="Finite with a cutoff",C10=""),"Add the cutoff rule",IF(AND(F10="Yes",L10=0),"No values kept yet","")))) | P10: =IF(AND(A10<>"",F10="Yes"),SUMPRODUCT(($F$3:F10="Yes")*(LEN($A$3:A10)>0)),"")
K11: =IF(A11="","",COUNTIF(Values!$A$3:$A$502,SUBSTITUTE(SUBSTITUTE(A11,"?","~?"),"*","~*"))) | L11: =IF(A11="","",COUNTIFS(Values!$A$3:$A$502,SUBSTITUTE(SUBSTITUTE(A11,"?","~?"),"*","~*"),Values!$I$3:$I$502,"Yes")) | M11: =IF(A11="","",SUMPRODUCT((Values!$A$3:$A$502=A11)*(Values!$I$3:$I$502="Yes")*(LEN(Values!$F$3:$F$502)>0))) | N11: =IF(A11="","",IF(L11=0,"",M11/L11)) | O11: =IF(A11="","",IF(AND(B11="Infinite",F11="Yes"),"Infinite attribute included: add a cutoff or exclude it",IF(AND(B11="Finite with a cutoff",C11=""),"Add the cutoff rule",IF(AND(F11="Yes",L11=0),"No values kept yet","")))) | P11: =IF(AND(A11<>"",F11="Yes"),SUMPRODUCT(($F$3:F11="Yes")*(LEN($A$3:A11)>0)),"")
K12: =IF(A12="","",COUNTIF(Values!$A$3:$A$502,SUBSTITUTE(SUBSTITUTE(A12,"?","~?"),"*","~*"))) | L12: =IF(A12="","",COUNTIFS(Values!$A$3:$A$502,SUBSTITUTE(SUBSTITUTE(A12,"?","~?"),"*","~*"),Values!$I$3:$I$502,"Yes")) | M12: =IF(A12="","",SUMPRODUCT((Values!$A$3:$A$502=A12)*(Values!$I$3:$I$502="Yes")*(LEN(Values!$F$3:$F$502)>0))) | N12: =IF(A12="","",IF(L12=0,"",M12/L12)) | O12: =IF(A12="","",IF(AND(B12="Infinite",F12="Yes"),"Infinite attribute included: add a cutoff or exclude it",IF(AND(B12="Finite with a cutoff",C12=""),"Add the cutoff rule",IF(AND(F12="Yes",L12=0),"No values kept yet","")))) | P12: =IF(AND(A12<>"",F12="Yes"),SUMPRODUCT(($F$3:F12="Yes")*(LEN($A$3:A12)>0)),"")
K13: =IF(A13="","",COUNTIF(Values!$A$3:$A$502,SUBSTITUTE(SUBSTITUTE(A13,"?","~?"),"*","~*"))) | L13: =IF(A13="","",COUNTIFS(Values!$A$3:$A$502,SUBSTITUTE(SUBSTITUTE(A13,"?","~?"),"*","~*"),Values!$I$3:$I$502,"Yes")) | M13: =IF(A13="","",SUMPRODUCT((Values!$A$3:$A$502=A13)*(Values!$I$3:$I$502="Yes")*(LEN(Values!$F$3:$F$502)>0))) | N13: =IF(A13="","",IF(L13=0,"",M13/L13)) | O13: =IF(A13="","",IF(AND(B13="Infinite",F13="Yes"),"Infinite attribute included: add a cutoff or exclude it",IF(AND(B13="Finite with a cutoff",C13=""),"Add the cutoff rule",IF(AND(F13="Yes",L13=0),"No values kept yet","")))) | P13: =IF(AND(A13<>"",F13="Yes"),SUMPRODUCT(($F$3:F13="Yes")*(LEN($A$3:A13)>0)),"")
K14: =IF(A14="","",COUNTIF(Values!$A$3:$A$502,SUBSTITUTE(SUBSTITUTE(A14,"?","~?"),"*","~*"))) | L14: =IF(A14="","",COUNTIFS(Values!$A$3:$A$502,SUBSTITUTE(SUBSTITUTE(A14,"?","~?"),"*","~*"),Values!$I$3:$I$502,"Yes")) | M14: =IF(A14="","",SUMPRODUCT((Values!$A$3:$A$502=A14)*(Values!$I$3:$I$502="Yes")*(LEN(Values!$F$3:$F$502)>0))) | N14: =IF(A14="","",IF(L14=0,"",M14/L14)) | O14: =IF(A14="","",IF(AND(B14="Infinite",F14="Yes"),"Infinite attribute included: add a cutoff or exclude it",IF(AND(B14="Finite with a cutoff",C14=""),"Add the cutoff rule",IF(AND(F14="Yes",L14=0),"No values kept yet","")))) | P14: =IF(AND(A14<>"",F14="Yes"),SUMPRODUCT(($F$3:F14="Yes")*(LEN($A$3:A14)>0)),"")
K15: =IF(A15="","",COUNTIF(Values!$A$3:$A$502,SUBSTITUTE(SUBSTITUTE(A15,"?","~?"),"*","~*"))) | L15: =IF(A15="","",COUNTIFS(Values!$A$3:$A$502,SUBSTITUTE(SUBSTITUTE(A15,"?","~?"),"*","~*"),Values!$I$3:$I$502,"Yes")) | M15: =IF(A15="","",SUMPRODUCT((Values!$A$3:$A$502=A15)*(Values!$I$3:$I$502="Yes")*(LEN(Values!$F$3:$F$502)>0))) | N15: =IF(A15="","",IF(L15=0,"",M15/L15)) | O15: =IF(A15="","",IF(AND(B15="Infinite",F15="Yes"),"Infinite attribute included: add a cutoff or exclude it",IF(AND(B15="Finite with a cutoff",C15=""),"Add the cutoff rule",IF(AND(F15="Yes",L15=0),"No values kept yet","")))) | P15: =IF(AND(A15<>"",F15="Yes"),SUMPRODUCT(($F$3:F15="Yes")*(LEN($A$3:A15)>0)),"")
K16: =IF(A16="","",COUNTIF(Values!$A$3:$A$502,SUBSTITUTE(SUBSTITUTE(A16,"?","~?"),"*","~*"))) | L16: =IF(A16="","",COUNTIFS(Values!$A$3:$A$502,SUBSTITUTE(SUBSTITUTE(A16,"?","~?"),"*","~*"),Values!$I$3:$I$502,"Yes")) | M16: =IF(A16="","",SUMPRODUCT((Values!$A$3:$A$502=A16)*(Values!$I$3:$I$502="Yes")*(LEN(Values!$F$3:$F$502)>0))) | N16: =IF(A16="","",IF(L16=0,"",M16/L16)) | O16: =IF(A16="","",IF(AND(B16="Infinite",F16="Yes"),"Infinite attribute included: add a cutoff or exclude it",IF(AND(B16="Finite with a cutoff",C16=""),"Add the cutoff rule",IF(AND(F16="Yes",L16=0),"No values kept yet","")))) | P16: =IF(AND(A16<>"",F16="Yes"),SUMPRODUCT(($F$3:F16="Yes")*(LEN($A$3:A16)>0)),"")
K17: =IF(A17="","",COUNTIF(Values!$A$3:$A$502,SUBSTITUTE(SUBSTITUTE(A17,"?","~?"),"*","~*"))) | L17: =IF(A17="","",COUNTIFS(Values!$A$3:$A$502,SUBSTITUTE(SUBSTITUTE(A17,"?","~?"),"*","~*"),Values!$I$3:$I$502,"Yes")) | M17: =IF(A17="","",SUMPRODUCT((Values!$A$3:$A$502=A17)*(Values!$I$3:$I$502="Yes")*(LEN(Values!$F$3:$F$502)>0))) | N17: =IF(A17="","",IF(L17=0,"",M17/L17)) | O17: =IF(A17="","",IF(AND(B17="Infinite",F17="Yes"),"Infinite attribute included: add a cutoff or exclude it",IF(AND(B17="Finite with a cutoff",C17=""),"Add the cutoff rule",IF(AND(F17="Yes",L17=0),"No values kept yet","")))) | P17: =IF(AND(A17<>"",F17="Yes"),SUMPRODUCT(($F$3:F17="Yes")*(LEN($A$3:A17)>0)),"")
K18: =IF(A18="","",COUNTIF(Values!$A$3:$A$502,SUBSTITUTE(SUBSTITUTE(A18,"?","~?"),"*","~*"))) | L18: =IF(A18="","",COUNTIFS(Values!$A$3:$A$502,SUBSTITUTE(SUBSTITUTE(A18,"?","~?"),"*","~*"),Values!$I$3:$I$502,"Yes")) | M18: =IF(A18="","",SUMPRODUCT((Values!$A$3:$A$502=A18)*(Values!$I$3:$I$502="Yes")*(LEN(Values!$F$3:$F$502)>0))) | N18: =IF(A18="","",IF(L18=0,"",M18/L18)) | O18: =IF(A18="","",IF(AND(B18="Infinite",F18="Yes"),"Infinite attribute included: add a cutoff or exclude it",IF(AND(B18="Finite with a cutoff",C18=""),"Add the cutoff rule",IF(AND(F18="Yes",L18=0),"No values kept yet","")))) | P18: =IF(AND(A18<>"",F18="Yes"),SUMPRODUCT(($F$3:F18="Yes")*(LEN($A$3:A18)>0)),"")
K19: =IF(A19="","",COUNTIF(Values!$A$3:$A$502,SUBSTITUTE(SUBSTITUTE(A19,"?","~?"),"*","~*"))) | L19: =IF(A19="","",COUNTIFS(Values!$A$3:$A$502,SUBSTITUTE(SUBSTITUTE(A19,"?","~?"),"*","~*"),Values!$I$3:$I$502,"Yes")) | M19: =IF(A19="","",SUMPRODUCT((Values!$A$3:$A$502=A19)*(Values!$I$3:$I$502="Yes")*(LEN(Values!$F$3:$F$502)>0))) | N19: =IF(A19="","",IF(L19=0,"",M19/L19)) | O19: =IF(A19="","",IF(AND(B19="Infinite",F19="Yes"),"Infinite attribute included: add a cutoff or exclude it",IF(AND(B19="Finite with a cutoff",C19=""),"Add the cutoff rule",IF(AND(F19="Yes",L19=0),"No values kept yet","")))) | P19: =IF(AND(A19<>"",F19="Yes"),SUMPRODUCT(($F$3:F19="Yes")*(LEN($A$3:A19)>0)),"")
K20: =IF(A20="","",COUNTIF(Values!$A$3:$A$502,SUBSTITUTE(SUBSTITUTE(A20,"?","~?"),"*","~*"))) | L20: =IF(A20="","",COUNTIFS(Values!$A$3:$A$502,SUBSTITUTE(SUBSTITUTE(A20,"?","~?"),"*","~*"),Values!$I$3:$I$502,"Yes")) | M20: =IF(A20="","",SUMPRODUCT((Values!$A$3:$A$502=A20)*(Values!$I$3:$I$502="Yes")*(LEN(Values!$F$3:$F$502)>0))) | N20: =IF(A20="","",IF(L20=0,"",M20/L20)) | O20: =IF(A20="","",IF(AND(B20="Infinite",F20="Yes"),"Infinite attribute included: add a cutoff or exclude it",IF(AND(B20="Finite with a cutoff",C20=""),"Add the cutoff rule",IF(AND(F20="Yes",L20=0),"No values kept yet","")))) | P20: =IF(AND(A20<>"",F20="Yes"),SUMPRODUCT(($F$3:F20="Yes")*(LEN($A$3:A20)>0)),"")
K21: =IF(A21="","",COUNTIF(Values!$A$3:$A$502,SUBSTITUTE(SUBSTITUTE(A21,"?","~?"),"*","~*"))) | L21: =IF(A21="","",COUNTIFS(Values!$A$3:$A$502,SUBSTITUTE(SUBSTITUTE(A21,"?","~?"),"*","~*"),Values!$I$3:$I$502,"Yes")) | M21: =IF(A21="","",SUMPRODUCT((Values!$A$3:$A$502=A21)*(Values!$I$3:$I$502="Yes")*(LEN(Values!$F$3:$F$502)>0))) | N21: =IF(A21="","",IF(L21=0,"",M21/L21)) | O21: =IF(A21="","",IF(AND(B21="Infinite",F21="Yes"),"Infinite attribute included: add a cutoff or exclude it",IF(AND(B21="Finite with a cutoff",C21=""),"Add the cutoff rule",IF(AND(F21="Yes",L21=0),"No values kept yet","")))) | P21: =IF(AND(A21<>"",F21="Yes"),SUMPRODUCT(($F$3:F21="Yes")*(LEN($A$3:A21)>0)),"")
K22: =IF(A22="","",COUNTIF(Values!$A$3:$A$502,SUBSTITUTE(SUBSTITUTE(A22,"?","~?"),"*","~*"))) | L22: =IF(A22="","",COUNTIFS(Values!$A$3:$A$502,SUBSTITUTE(SUBSTITUTE(A22,"?","~?"),"*","~*"),Values!$I$3:$I$502,"Yes")) | M22: =IF(A22="","",SUMPRODUCT((Values!$A$3:$A$502=A22)*(Values!$I$3:$I$502="Yes")*(LEN(Values!$F$3:$F$502)>0))) | N22: =IF(A22="","",IF(L22=0,"",M22/L22)) | O22: =IF(A22="","",IF(AND(B22="Infinite",F22="Yes"),"Infinite attribute included: add a cutoff or exclude it",IF(AND(B22="Finite with a cutoff",C22=""),"Add the cutoff rule",IF(AND(F22="Yes",L22=0),"No values kept yet","")))) | P22: =IF(AND(A22<>"",F22="Yes"),SUMPRODUCT(($F$3:F22="Yes")*(LEN($A$3:A22)>0)),"")
... K52: =IF(A52="","",COUNTIF(Values!$A$3:$A$502,SUBSTITUTE(SUBSTITUTE(A52,"?","~?"),"*","~*"))) | L52: =IF(A52="","",COUNTIFS(Values!$A$3:$A$502,SUBSTITUTE(SUBSTITUTE(A52,"?","~?"),"*","~*"),Values!$I$3:$I$502,"Yes")) | M52: =IF(A52="","",SUMPRODUCT((Values!$A$3:$A$502=A52)*(Values!$I$3:$I$502="Yes")*(LEN(Values!$F$3:$F$502)>0))) | N52: =IF(A52="","",IF(L52=0,"",M52/L52)) | O52: =IF(A52="","",IF(AND(B52="Infinite",F52="Yes"),"Infinite attribute included: add a cutoff or exclude it",IF(AND(B52="Finite with a cutoff",C52=""),"Add the cutoff rule",IF(AND(F52="Yes",L52=0),"No values kept yet","")))) | P52: =IF(AND(A52<>"",F52="Yes"),SUMPRODUCT(($F$3:F52="Yes")*(LEN($A$3:A52)>0)),"")

Sheet Values
A1: 3. VALUES: the specific values each attribute takes (sub-entities welcome) | H1: SAMPLE values. Clear A-G and add your own (one value per row).
A2: Attribute | B2: Value / sub-entity | C2: Is it an entity itself? | D2: Real user benefit? | E2: Search volume (optional) | F2: Existing URL (coverage) | G2: Notes | H2: Attribute included? | I2: Keep? | J2: Map order (helper) | K2: Position in attribute | L2: Key (helper) | M2: Kept in attribute | N2: Sibling value | O2: Sibling map order (helper)
A3: Terrain | B3: road | C3: No | D3: Yes | E3: 6600 | F3: https://www.stride-example.com/road-running-shoes/ | H3: =IF(A3="","",IFERROR(INDEX(Attributes!$F$3:$F$52,MATCH(A3,Attributes!$A$3:$A$52,0))&"","Unknown attribute")) | I3: =IF(OR(A3="",B3=""),"",IF(AND(H3="Yes",D3<>"No"),"Yes","No")) | J3: =IF(I3="Yes",COUNTIF($I$3:I3,"Yes"),"") | K3: =IF(I3<>"Yes","",COUNTIFS($A$3:A3,SUBSTITUTE(SUBSTITUTE(A3,"?","~?"),"*","~*"),$I$3:I3,"Yes")) | L3: =IF(K3="","",A3&"|"&K3) | M3: =IF(I3<>"Yes","",COUNTIFS(Values!$A$3:$A$502,SUBSTITUTE(SUBSTITUTE(A3,"?","~?"),"*","~*"),Values!$I$3:$I$502,"Yes")) | N3: =IF(I3<>"Yes","",IF(M3<2,"",INDEX(Values!$B$3:$B$502,MATCH(A3&"|"&IF(K3=M3,1,K3+1),Values!$L$3:$L$502,0)))) | O3: =IF(N3="","",INDEX(Values!$J$3:$J$502,MATCH(A3&"|"&IF(K3=M3,1,K3+1),Values!$L$3:$L$502,0)))
A4: Terrain | B4: trail | C4: No | D4: Yes | E4: 9900 | F4: https://www.stride-example.com/trail-running-shoes/ | H4: =IF(A4="","",IFERROR(INDEX(Attributes!$F$3:$F$52,MATCH(A4,Attributes!$A$3:$A$52,0))&"","Unknown attribute")) | I4: =IF(OR(A4="",B4=""),"",IF(AND(H4="Yes",D4<>"No"),"Yes","No")) | J4: =IF(I4="Yes",COUNTIF($I$3:I4,"Yes"),"") | K4: =IF(I4<>"Yes","",COUNTIFS($A$3:A4,SUBSTITUTE(SUBSTITUTE(A4,"?","~?"),"*","~*"),$I$3:I4,"Yes")) | L4: =IF(K4="","",A4&"|"&K4) | M4: =IF(I4<>"Yes","",COUNTIFS(Values!$A$3:$A$502,SUBSTITUTE(SUBSTITUTE(A4,"?","~?"),"*","~*"),Values!$I$3:$I$502,"Yes")) | N4: =IF(I4<>"Yes","",IF(M4<2,"",INDEX(Values!$B$3:$B$502,MATCH(A4&"|"&IF(K4=M4,1,K4+1),Values!$L$3:$L$502,0)))) | O4: =IF(N4="","",INDEX(Values!$J$3:$J$502,MATCH(A4&"|"&IF(K4=M4,1,K4+1),Values!$L$3:$L$502,0)))
A5: Terrain | B5: track | C5: No | D5: Yes | E5: 320 | H5: =IF(A5="","",IFERROR(INDEX(Attributes!$F$3:$F$52,MATCH(A5,Attributes!$A$3:$A$52,0))&"","Unknown attribute")) | I5: =IF(OR(A5="",B5=""),"",IF(AND(H5="Yes",D5<>"No"),"Yes","No")) | J5: =IF(I5="Yes",COUNTIF($I$3:I5,"Yes"),"") | K5: =IF(I5<>"Yes","",COUNTIFS($A$3:A5,SUBSTITUTE(SUBSTITUTE(A5,"?","~?"),"*","~*"),$I$3:I5,"Yes")) | L5: =IF(K5="","",A5&"|"&K5) | M5: =IF(I5<>"Yes","",COUNTIFS(Values!$A$3:$A$502,SUBSTITUTE(SUBSTITUTE(A5,"?","~?"),"*","~*"),Values!$I$3:$I$502,"Yes")) | N5: =IF(I5<>"Yes","",IF(M5<2,"",INDEX(Values!$B$3:$B$502,MATCH(A5&"|"&IF(K5=M5,1,K5+1),Values!$L$3:$L$502,0)))) | O5: =IF(N5="","",INDEX(Values!$J$3:$J$502,MATCH(A5&"|"&IF(K5=M5,1,K5+1),Values!$L$3:$L$502,0)))
A6: Terrain | B6: treadmill | C6: No | D6: Unsure | E6: 590 | G6: Check the SERP: mostly treadmill reviews? | H6: =IF(A6="","",IFERROR(INDEX(Attributes!$F$3:$F$52,MATCH(A6,Attributes!$A$3:$A$52,0))&"","Unknown attribute")) | I6: =IF(OR(A6="",B6=""),"",IF(AND(H6="Yes",D6<>"No"),"Yes","No")) | J6: =IF(I6="Yes",COUNTIF($I$3:I6,"Yes"),"") | K6: =IF(I6<>"Yes","",COUNTIFS($A$3:A6,SUBSTITUTE(SUBSTITUTE(A6,"?","~?"),"*","~*"),$I$3:I6,"Yes")) | L6: =IF(K6="","",A6&"|"&K6) | M6: =IF(I6<>"Yes","",COUNTIFS(Values!$A$3:$A$502,SUBSTITUTE(SUBSTITUTE(A6,"?","~?"),"*","~*"),Values!$I$3:$I$502,"Yes")) | N6: =IF(I6<>"Yes","",IF(M6<2,"",INDEX(Values!$B$3:$B$502,MATCH(A6&"|"&IF(K6=M6,1,K6+1),Values!$L$3:$L$502,0)))) | O6: =IF(N6="","",INDEX(Values!$J$3:$J$502,MATCH(A6&"|"&IF(K6=M6,1,K6+1),Values!$L$3:$L$502,0)))
A7: Distance | B7: 5K | C7: No | D7: Yes | E7: 210 | H7: =IF(A7="","",IFERROR(INDEX(Attributes!$F$3:$F$52,MATCH(A7,Attributes!$A$3:$A$52,0))&"","Unknown attribute")) | I7: =IF(OR(A7="",B7=""),"",IF(AND(H7="Yes",D7<>"No"),"Yes","No")) | J7: =IF(I7="Yes",COUNTIF($I$3:I7,"Yes"),"") | K7: =IF(I7<>"Yes","",COUNTIFS($A$3:A7,SUBSTITUTE(SUBSTITUTE(A7,"?","~?"),"*","~*"),$I$3:I7,"Yes")) | L7: =IF(K7="","",A7&"|"&K7) | M7: =IF(I7<>"Yes","",COUNTIFS(Values!$A$3:$A$502,SUBSTITUTE(SUBSTITUTE(A7,"?","~?"),"*","~*"),Values!$I$3:$I$502,"Yes")) | N7: =IF(I7<>"Yes","",IF(M7<2,"",INDEX(Values!$B$3:$B$502,MATCH(A7&"|"&IF(K7=M7,1,K7+1),Values!$L$3:$L$502,0)))) | O7: =IF(N7="","",INDEX(Values!$J$3:$J$502,MATCH(A7&"|"&IF(K7=M7,1,K7+1),Values!$L$3:$L$502,0)))
A8: Distance | B8: half marathon | C8: No | D8: Yes | E8: 480 | H8: =IF(A8="","",IFERROR(INDEX(Attributes!$F$3:$F$52,MATCH(A8,Attributes!$A$3:$A$52,0))&"","Unknown attribute")) | I8: =IF(OR(A8="",B8=""),"",IF(AND(H8="Yes",D8<>"No"),"Yes","No")) | J8: =IF(I8="Yes",COUNTIF($I$3:I8,"Yes"),"") | K8: =IF(I8<>"Yes","",COUNTIFS($A$3:A8,SUBSTITUTE(SUBSTITUTE(A8,"?","~?"),"*","~*"),$I$3:I8,"Yes")) | L8: =IF(K8="","",A8&"|"&K8) | M8: =IF(I8<>"Yes","",COUNTIFS(Values!$A$3:$A$502,SUBSTITUTE(SUBSTITUTE(A8,"?","~?"),"*","~*"),Values!$I$3:$I$502,"Yes")) | N8: =IF(I8<>"Yes","",IF(M8<2,"",INDEX(Values!$B$3:$B$502,MATCH(A8&"|"&IF(K8=M8,1,K8+1),Values!$L$3:$L$502,0)))) | O8: =IF(N8="","",INDEX(Values!$J$3:$J$502,MATCH(A8&"|"&IF(K8=M8,1,K8+1),Values!$L$3:$L$502,0)))
A9: Distance | B9: marathon | C9: No | D9: Yes | E9: 2400 | F9: https://www.stride-example.com/marathon-running-shoes/ | H9: =IF(A9="","",IFERROR(INDEX(Attributes!$F$3:$F$52,MATCH(A9,Attributes!$A$3:$A$52,0))&"","Unknown attribute")) | I9: =IF(OR(A9="",B9=""),"",IF(AND(H9="Yes",D9<>"No"),"Yes","No")) | J9: =IF(I9="Yes",COUNTIF($I$3:I9,"Yes"),"") | K9: =IF(I9<>"Yes","",COUNTIFS($A$3:A9,SUBSTITUTE(SUBSTITUTE(A9,"?","~?"),"*","~*"),$I$3:I9,"Yes")) | L9: =IF(K9="","",A9&"|"&K9) | M9: =IF(I9<>"Yes","",COUNTIFS(Values!$A$3:$A$502,SUBSTITUTE(SUBSTITUTE(A9,"?","~?"),"*","~*"),Values!$I$3:$I$502,"Yes")) | N9: =IF(I9<>"Yes","",IF(M9<2,"",INDEX(Values!$B$3:$B$502,MATCH(A9&"|"&IF(K9=M9,1,K9+1),Values!$L$3:$L$502,0)))) | O9: =IF(N9="","",INDEX(Values!$J$3:$J$502,MATCH(A9&"|"&IF(K9=M9,1,K9+1),Values!$L$3:$L$502,0)))
A10: Distance | B10: ultramarathon | C10: No | D10: Yes | E10: 390 | H10: =IF(A10="","",IFERROR(INDEX(Attributes!$F$3:$F$52,MATCH(A10,Attributes!$A$3:$A$52,0))&"","Unknown attribute")) | I10: =IF(OR(A10="",B10=""),"",IF(AND(H10="Yes",D10<>"No"),"Yes","No")) | J10: =IF(I10="Yes",COUNTIF($I$3:I10,"Yes"),"") | K10: =IF(I10<>"Yes","",COUNTIFS($A$3:A10,SUBSTITUTE(SUBSTITUTE(A10,"?","~?"),"*","~*"),$I$3:I10,"Yes")) | L10: =IF(K10="","",A10&"|"&K10) | M10: =IF(I10<>"Yes","",COUNTIFS(Values!$A$3:$A$502,SUBSTITUTE(SUBSTITUTE(A10,"?","~?"),"*","~*"),Values!$I$3:$I$502,"Yes")) | N10: =IF(I10<>"Yes","",IF(M10<2,"",INDEX(Values!$B$3:$B$502,MATCH(A10&"|"&IF(K10=M10,1,K10+1),Values!$L$3:$L$502,0)))) | O10: =IF(N10="","",INDEX(Values!$J$3:$J$502,MATCH(A10&"|"&IF(K10=M10,1,K10+1),Values!$L$3:$L$502,0)))
A11: Foot type | B11: wide feet | C11: No | D11: Yes | E11: 1900 | F11: https://www.stride-example.com/wide-fit-running-shoes/ | H11: =IF(A11="","",IFERROR(INDEX(Attributes!$F$3:$F$52,MATCH(A11,Attributes!$A$3:$A$52,0))&"","Unknown attribute")) | I11: =IF(OR(A11="",B11=""),"",IF(AND(H11="Yes",D11<>"No"),"Yes","No")) | J11: =IF(I11="Yes",COUNTIF($I$3:I11,"Yes"),"") | K11: =IF(I11<>"Yes","",COUNTIFS($A$3:A11,SUBSTITUTE(SUBSTITUTE(A11,"?","~?"),"*","~*"),$I$3:I11,"Yes")) | L11: =IF(K11="","",A11&"|"&K11) | M11: =IF(I11<>"Yes","",COUNTIFS(Values!$A$3:$A$502,SUBSTITUTE(SUBSTITUTE(A11,"?","~?"),"*","~*"),Values!$I$3:$I$502,"Yes")) | N11: =IF(I11<>"Yes","",IF(M11<2,"",INDEX(Values!$B$3:$B$502,MATCH(A11&"|"&IF(K11=M11,1,K11+1),Values!$L$3:$L$502,0)))) | O11: =IF(N11="","",INDEX(Values!$J$3:$J$502,MATCH(A11&"|"&IF(K11=M11,1,K11+1),Values!$L$3:$L$502,0)))
A12: Foot type | B12: narrow feet | C12: No | D12: Yes | E12: 590 | H12: =IF(A12="","",IFERROR(INDEX(Attributes!$F$3:$F$52,MATCH(A12,Attributes!$A$3:$A$52,0))&"","Unknown attribute")) | I12: =IF(OR(A12="",B12=""),"",IF(AND(H12="Yes",D12<>"No"),"Yes","No")) | J12: =IF(I12="Yes",COUNTIF($I$3:I12,"Yes"),"") | K12: =IF(I12<>"Yes","",COUNTIFS($A$3:A12,SUBSTITUTE(SUBSTITUTE(A12,"?","~?"),"*","~*"),$I$3:I12,"Yes")) | L12: =IF(K12="","",A12&"|"&K12) | M12: =IF(I12<>"Yes","",COUNTIFS(Values!$A$3:$A$502,SUBSTITUTE(SUBSTITUTE(A12,"?","~?"),"*","~*"),Values!$I$3:$I$502,"Yes")) | N12: =IF(I12<>"Yes","",IF(M12<2,"",INDEX(Values!$B$3:$B$502,MATCH(A12&"|"&IF(K12=M12,1,K12+1),Values!$L$3:$L$502,0)))) | O12: =IF(N12="","",INDEX(Values!$J$3:$J$502,MATCH(A12&"|"&IF(K12=M12,1,K12+1),Values!$L$3:$L$502,0)))
A13: Foot type | B13: flat feet | C13: No | D13: Yes | E13: 1600 | H13: =IF(A13="","",IFERROR(INDEX(Attributes!$F$3:$F$52,MATCH(A13,Attributes!$A$3:$A$52,0))&"","Unknown attribute")) | I13: =IF(OR(A13="",B13=""),"",IF(AND(H13="Yes",D13<>"No"),"Yes","No")) | J13: =IF(I13="Yes",COUNTIF($I$3:I13,"Yes"),"") | K13: =IF(I13<>"Yes","",COUNTIFS($A$3:A13,SUBSTITUTE(SUBSTITUTE(A13,"?","~?"),"*","~*"),$I$3:I13,"Yes")) | L13: =IF(K13="","",A13&"|"&K13) | M13: =IF(I13<>"Yes","",COUNTIFS(Values!$A$3:$A$502,SUBSTITUTE(SUBSTITUTE(A13,"?","~?"),"*","~*"),Values!$I$3:$I$502,"Yes")) | N13: =IF(I13<>"Yes","",IF(M13<2,"",INDEX(Values!$B$3:$B$502,MATCH(A13&"|"&IF(K13=M13,1,K13+1),Values!$L$3:$L$502,0)))) | O13: =IF(N13="","",INDEX(Values!$J$3:$J$502,MATCH(A13&"|"&IF(K13=M13,1,K13+1),Values!$L$3:$L$502,0)))
A14: Foot type | B14: high arches | C14: No | D14: Yes | E14: 880 | H14: =IF(A14="","",IFERROR(INDEX(Attributes!$F$3:$F$52,MATCH(A14,Attributes!$A$3:$A$52,0))&"","Unknown attribute")) | I14: =IF(OR(A14="",B14=""),"",IF(AND(H14="Yes",D14<>"No"),"Yes","No")) | J14: =IF(I14="Yes",COUNTIF($I$3:I14,"Yes"),"") | K14: =IF(I14<>"Yes","",COUNTIFS($A$3:A14,SUBSTITUTE(SUBSTITUTE(A14,"?","~?"),"*","~*"),$I$3:I14,"Yes")) | L14: =IF(K14="","",A14&"|"&K14) | M14: =IF(I14<>"Yes","",COUNTIFS(Values!$A$3:$A$502,SUBSTITUTE(SUBSTITUTE(A14,"?","~?"),"*","~*"),Values!$I$3:$I$502,"Yes")) | N14: =IF(I14<>"Yes","",IF(M14<2,"",INDEX(Values!$B$3:$B$502,MATCH(A14&"|"&IF(K14=M14,1,K14+1),Values!$L$3:$L$502,0)))) | O14: =IF(N14="","",INDEX(Values!$J$3:$J$502,MATCH(A14&"|"&IF(K14=M14,1,K14+1),Values!$L$3:$L$502,0)))
A15: Foot type | B15: overpronation | C15: Yes | D15: Yes | E15: 1300 | G15: A concept entity in its own right | H15: =IF(A15="","",IFERROR(INDEX(Attributes!$F$3:$F$52,MATCH(A15,Attributes!$A$3:$A$52,0))&"","Unknown attribute")) | I15: =IF(OR(A15="",B15=""),"",IF(AND(H15="Yes",D15<>"No"),"Yes","No")) | J15: =IF(I15="Yes",COUNTIF($I$3:I15,"Yes"),"") | K15: =IF(I15<>"Yes","",COUNTIFS($A$3:A15,SUBSTITUTE(SUBSTITUTE(A15,"?","~?"),"*","~*"),$I$3:I15,"Yes")) | L15: =IF(K15="","",A15&"|"&K15) | M15: =IF(I15<>"Yes","",COUNTIFS(Values!$A$3:$A$502,SUBSTITUTE(SUBSTITUTE(A15,"?","~?"),"*","~*"),Values!$I$3:$I$502,"Yes")) | N15: =IF(I15<>"Yes","",IF(M15<2,"",INDEX(Values!$B$3:$B$502,MATCH(A15&"|"&IF(K15=M15,1,K15+1),Values!$L$3:$L$502,0)))) | O15: =IF(N15="","",INDEX(Values!$J$3:$J$502,MATCH(A15&"|"&IF(K15=M15,1,K15+1),Values!$L$3:$L$502,0)))
A16: Cushioning | B16: minimalist | C16: No | D16: Yes | E16: 720 | H16: =IF(A16="","",IFERROR(INDEX(Attributes!$F$3:$F$52,MATCH(A16,Attributes!$A$3:$A$52,0))&"","Unknown attribute")) | I16: =IF(OR(A16="",B16=""),"",IF(AND(H16="Yes",D16<>"No"),"Yes","No")) | J16: =IF(I16="Yes",COUNTIF($I$3:I16,"Yes"),"") | K16: =IF(I16<>"Yes","",COUNTIFS($A$3:A16,SUBSTITUTE(SUBSTITUTE(A16,"?","~?"),"*","~*"),$I$3:I16,"Yes")) | L16: =IF(K16="","",A16&"|"&K16) | M16: =IF(I16<>"Yes","",COUNTIFS(Values!$A$3:$A$502,SUBSTITUTE(SUBSTITUTE(A16,"?","~?"),"*","~*"),Values!$I$3:$I$502,"Yes")) | N16: =IF(I16<>"Yes","",IF(M16<2,"",INDEX(Values!$B$3:$B$502,MATCH(A16&"|"&IF(K16=M16,1,K16+1),Values!$L$3:$L$502,0)))) | O16: =IF(N16="","",INDEX(Values!$J$3:$J$502,MATCH(A16&"|"&IF(K16=M16,1,K16+1),Values!$L$3:$L$502,0)))
A17: Cushioning | B17: max-cushion | C17: No | D17: Yes | E17: 1000 | H17: =IF(A17="","",IFERROR(INDEX(Attributes!$F$3:$F$52,MATCH(A17,Attributes!$A$3:$A$52,0))&"","Unknown attribute")) | I17: =IF(OR(A17="",B17=""),"",IF(AND(H17="Yes",D17<>"No"),"Yes","No")) | J17: =IF(I17="Yes",COUNTIF($I$3:I17,"Yes"),"") | K17: =IF(I17<>"Yes","",COUNTIFS($A$3:A17,SUBSTITUTE(SUBSTITUTE(A17,"?","~?"),"*","~*"),$I$3:I17,"Yes")) | L17: =IF(K17="","",A17&"|"&K17) | M17: =IF(I17<>"Yes","",COUNTIFS(Values!$A$3:$A$502,SUBSTITUTE(SUBSTITUTE(A17,"?","~?"),"*","~*"),Values!$I$3:$I$502,"Yes")) | N17: =IF(I17<>"Yes","",IF(M17<2,"",INDEX(Values!$B$3:$B$502,MATCH(A17&"|"&IF(K17=M17,1,K17+1),Values!$L$3:$L$502,0)))) | O17: =IF(N17="","",INDEX(Values!$J$3:$J$502,MATCH(A17&"|"&IF(K17=M17,1,K17+1),Values!$L$3:$L$502,0)))
A18: Cushioning | B18: carbon-plate | C18: Yes | D18: Yes | E18: 1000 | G18: Technology entity: explain what it is | H18: =IF(A18="","",IFERROR(INDEX(Attributes!$F$3:$F$52,MATCH(A18,Attributes!$A$3:$A$52,0))&"","Unknown attribute")) | I18: =IF(OR(A18="",B18=""),"",IF(AND(H18="Yes",D18<>"No"),"Yes","No")) | J18: =IF(I18="Yes",COUNTIF($I$3:I18,"Yes"),"") | K18: =IF(I18<>"Yes","",COUNTIFS($A$3:A18,SUBSTITUTE(SUBSTITUTE(A18,"?","~?"),"*","~*"),$I$3:I18,"Yes")) | L18: =IF(K18="","",A18&"|"&K18) | M18: =IF(I18<>"Yes","",COUNTIFS(Values!$A$3:$A$502,SUBSTITUTE(SUBSTITUTE(A18,"?","~?"),"*","~*"),Values!$I$3:$I$502,"Yes")) | N18: =IF(I18<>"Yes","",IF(M18<2,"",INDEX(Values!$B$3:$B$502,MATCH(A18&"|"&IF(K18=M18,1,K18+1),Values!$L$3:$L$502,0)))) | O18: =IF(N18="","",INDEX(Values!$J$3:$J$502,MATCH(A18&"|"&IF(K18=M18,1,K18+1),Values!$L$3:$L$502,0)))
A19: Brand | B19: Hoka | C19: Yes | D19: Yes | E19: 12100 | F19: https://www.stride-example.com/brands/hoka/ | H19: =IF(A19="","",IFERROR(INDEX(Attributes!$F$3:$F$52,MATCH(A19,Attributes!$A$3:$A$52,0))&"","Unknown attribute")) | I19: =IF(OR(A19="",B19=""),"",IF(AND(H19="Yes",D19<>"No"),"Yes","No")) | J19: =IF(I19="Yes",COUNTIF($I$3:I19,"Yes"),"") | K19: =IF(I19<>"Yes","",COUNTIFS($A$3:A19,SUBSTITUTE(SUBSTITUTE(A19,"?","~?"),"*","~*"),$I$3:I19,"Yes")) | L19: =IF(K19="","",A19&"|"&K19) | M19: =IF(I19<>"Yes","",COUNTIFS(Values!$A$3:$A$502,SUBSTITUTE(SUBSTITUTE(A19,"?","~?"),"*","~*"),Values!$I$3:$I$502,"Yes")) | N19: =IF(I19<>"Yes","",IF(M19<2,"",INDEX(Values!$B$3:$B$502,MATCH(A19&"|"&IF(K19=M19,1,K19+1),Values!$L$3:$L$502,0)))) | O19: =IF(N19="","",INDEX(Values!$J$3:$J$502,MATCH(A19&"|"&IF(K19=M19,1,K19+1),Values!$L$3:$L$502,0)))
A20: Brand | B20: Brooks | C20: Yes | D20: Yes | E20: 8100 | H20: =IF(A20="","",IFERROR(INDEX(Attributes!$F$3:$F$52,MATCH(A20,Attributes!$A$3:$A$52,0))&"","Unknown attribute")) | I20: =IF(OR(A20="",B20=""),"",IF(AND(H20="Yes",D20<>"No"),"Yes","No")) | J20: =IF(I20="Yes",COUNTIF($I$3:I20,"Yes"),"") | K20: =IF(I20<>"Yes","",COUNTIFS($A$3:A20,SUBSTITUTE(SUBSTITUTE(A20,"?","~?"),"*","~*"),$I$3:I20,"Yes")) | L20: =IF(K20="","",A20&"|"&K20) | M20: =IF(I20<>"Yes","",COUNTIFS(Values!$A$3:$A$502,SUBSTITUTE(SUBSTITUTE(A20,"?","~?"),"*","~*"),Values!$I$3:$I$502,"Yes")) | N20: =IF(I20<>"Yes","",IF(M20<2,"",INDEX(Values!$B$3:$B$502,MATCH(A20&"|"&IF(K20=M20,1,K20+1),Values!$L$3:$L$502,0)))) | O20: =IF(N20="","",INDEX(Values!$J$3:$J$502,MATCH(A20&"|"&IF(K20=M20,1,K20+1),Values!$L$3:$L$502,0)))
A21: Brand | B21: Asics | C21: Yes | D21: Yes | E21: 9900 | F21: https://www.stride-example.com/brands/asics/ | H21: =IF(A21="","",IFERROR(INDEX(Attributes!$F$3:$F$52,MATCH(A21,Attributes!$A$3:$A$52,0))&"","Unknown attribute")) | I21: =IF(OR(A21="",B21=""),"",IF(AND(H21="Yes",D21<>"No"),"Yes","No")) | J21: =IF(I21="Yes",COUNTIF($I$3:I21,"Yes"),"") | K21: =IF(I21<>"Yes","",COUNTIFS($A$3:A21,SUBSTITUTE(SUBSTITUTE(A21,"?","~?"),"*","~*"),$I$3:I21,"Yes")) | L21: =IF(K21="","",A21&"|"&K21) | M21: =IF(I21<>"Yes","",COUNTIFS(Values!$A$3:$A$502,SUBSTITUTE(SUBSTITUTE(A21,"?","~?"),"*","~*"),Values!$I$3:$I$502,"Yes")) | N21: =IF(I21<>"Yes","",IF(M21<2,"",INDEX(Values!$B$3:$B$502,MATCH(A21&"|"&IF(K21=M21,1,K21+1),Values!$L$3:$L$502,0)))) | O21: =IF(N21="","",INDEX(Values!$J$3:$J$502,MATCH(A21&"|"&IF(K21=M21,1,K21+1),Values!$L$3:$L$502,0)))
A22: Brand | B22: Saucony | C22: Yes | D22: Yes | E22: 4400 | H22: =IF(A22="","",IFERROR(INDEX(Attributes!$F$3:$F$52,MATCH(A22,Attributes!$A$3:$A$52,0))&"","Unknown attribute")) | I22: =IF(OR(A22="",B22=""),"",IF(AND(H22="Yes",D22<>"No"),"Yes","No")) | J22: =IF(I22="Yes",COUNTIF($I$3:I22,"Yes"),"") | K22: =IF(I22<>"Yes","",COUNTIFS($A$3:A22,SUBSTITUTE(SUBSTITUTE(A22,"?","~?"),"*","~*"),$I$3:I22,"Yes")) | L22: =IF(K22="","",A22&"|"&K22) | M22: =IF(I22<>"Yes","",COUNTIFS(Values!$A$3:$A$502,SUBSTITUTE(SUBSTITUTE(A22,"?","~?"),"*","~*"),Values!$I$3:$I$502,"Yes")) | N22: =IF(I22<>"Yes","",IF(M22<2,"",INDEX(Values!$B$3:$B$502,MATCH(A22&"|"&IF(K22=M22,1,K22+1),Values!$L$3:$L$502,0)))) | O22: =IF(N22="","",INDEX(Values!$J$3:$J$502,MATCH(A22&"|"&IF(K22=M22,1,K22+1),Values!$L$3:$L$502,0)))
A23: Brand | B23: On | C23: Yes | D23: Yes | E23: 6600 | H23: =IF(A23="","",IFERROR(INDEX(Attributes!$F$3:$F$52,MATCH(A23,Attributes!$A$3:$A$52,0))&"","Unknown attribute")) | I23: =IF(OR(A23="",B23=""),"",IF(AND(H23="Yes",D23<>"No"),"Yes","No")) | J23: =IF(I23="Yes",COUNTIF($I$3:I23,"Yes"),"") | K23: =IF(I23<>"Yes","",COUNTIFS($A$3:A23,SUBSTITUTE(SUBSTITUTE(A23,"?","~?"),"*","~*"),$I$3:I23,"Yes")) | L23: =IF(K23="","",A23&"|"&K23) | M23: =IF(I23<>"Yes","",COUNTIFS(Values!$A$3:$A$502,SUBSTITUTE(SUBSTITUTE(A23,"?","~?"),"*","~*"),Values!$I$3:$I$502,"Yes")) | N23: =IF(I23<>"Yes","",IF(M23<2,"",INDEX(Values!$B$3:$B$502,MATCH(A23&"|"&IF(K23=M23,1,K23+1),Values!$L$3:$L$502,0)))) | O23: =IF(N23="","",INDEX(Values!$J$3:$J$502,MATCH(A23&"|"&IF(K23=M23,1,K23+1),Values!$L$3:$L$502,0)))
A24: Runner level | B24: beginners | C24: No | D24: Yes | E24: 1300 | H24: =IF(A24="","",IFERROR(INDEX(Attributes!$F$3:$F$52,MATCH(A24,Attributes!$A$3:$A$52,0))&"","Unknown attribute")) | I24: =IF(OR(A24="",B24=""),"",IF(AND(H24="Yes",D24<>"No"),"Yes","No")) | J24: =IF(I24="Yes",COUNTIF($I$3:I24,"Yes"),"") | K24: =IF(I24<>"Yes","",COUNTIFS($A$3:A24,SUBSTITUTE(SUBSTITUTE(A24,"?","~?"),"*","~*"),$I$3:I24,"Yes")) | L24: =IF(K24="","",A24&"|"&K24) | M24: =IF(I24<>"Yes","",COUNTIFS(Values!$A$3:$A$502,SUBSTITUTE(SUBSTITUTE(A24,"?","~?"),"*","~*"),Values!$I$3:$I$502,"Yes")) | N24: =IF(I24<>"Yes","",IF(M24<2,"",INDEX(Values!$B$3:$B$502,MATCH(A24&"|"&IF(K24=M24,1,K24+1),Values!$L$3:$L$502,0)))) | O24: =IF(N24="","",INDEX(Values!$J$3:$J$502,MATCH(A24&"|"&IF(K24=M24,1,K24+1),Values!$L$3:$L$502,0)))
A25: Runner level | B25: returning from injury | C25: No | D25: Yes | E25: 90 | G25: Low volume, real need | H25: =IF(A25="","",IFERROR(INDEX(Attributes!$F$3:$F$52,MATCH(A25,Attributes!$A$3:$A$52,0))&"","Unknown attribute")) | I25: =IF(OR(A25="",B25=""),"",IF(AND(H25="Yes",D25<>"No"),"Yes","No")) | J25: =IF(I25="Yes",COUNTIF($I$3:I25,"Yes"),"") | K25: =IF(I25<>"Yes","",COUNTIFS($A$3:A25,SUBSTITUTE(SUBSTITUTE(A25,"?","~?"),"*","~*"),$I$3:I25,"Yes")) | L25: =IF(K25="","",A25&"|"&K25) | M25: =IF(I25<>"Yes","",COUNTIFS(Values!$A$3:$A$502,SUBSTITUTE(SUBSTITUTE(A25,"?","~?"),"*","~*"),Values!$I$3:$I$502,"Yes")) | N25: =IF(I25<>"Yes","",IF(M25<2,"",INDEX(Values!$B$3:$B$502,MATCH(A25&"|"&IF(K25=M25,1,K25+1),Values!$L$3:$L$502,0)))) | O25: =IF(N25="","",INDEX(Values!$J$3:$J$502,MATCH(A25&"|"&IF(K25=M25,1,K25+1),Values!$L$3:$L$502,0)))
A26: Runner level | B26: intermediate runners | C26: No | D26: Unsure | E26: 50 | H26: =IF(A26="","",IFERROR(INDEX(Attributes!$F$3:$F$52,MATCH(A26,Attributes!$A$3:$A$52,0))&"","Unknown attribute")) | I26: =IF(OR(A26="",B26=""),"",IF(AND(H26="Yes",D26<>"No"),"Yes","No")) | J26: =IF(I26="Yes",COUNTIF($I$3:I26,"Yes"),"") | K26: =IF(I26<>"Yes","",COUNTIFS($A$3:A26,SUBSTITUTE(SUBSTITUTE(A26,"?","~?"),"*","~*"),$I$3:I26,"Yes")) | L26: =IF(K26="","",A26&"|"&K26) | M26: =IF(I26<>"Yes","",COUNTIFS(Values!$A$3:$A$502,SUBSTITUTE(SUBSTITUTE(A26,"?","~?"),"*","~*"),Values!$I$3:$I$502,"Yes")) | N26: =IF(I26<>"Yes","",IF(M26<2,"",INDEX(Values!$B$3:$B$502,MATCH(A26&"|"&IF(K26=M26,1,K26+1),Values!$L$3:$L$502,0)))) | O26: =IF(N26="","",INDEX(Values!$J$3:$J$502,MATCH(A26&"|"&IF(K26=M26,1,K26+1),Values!$L$3:$L$502,0)))
A27: Price | B27: under £80 | C27: No | D27: Yes | E27: 880 | F27: https://www.stride-example.com/sale/ | H27: =IF(A27="","",IFERROR(INDEX(Attributes!$F$3:$F$52,MATCH(A27,Attributes!$A$3:$A$52,0))&"","Unknown attribute")) | I27: =IF(OR(A27="",B27=""),"",IF(AND(H27="Yes",D27<>"No"),"Yes","No")) | J27: =IF(I27="Yes",COUNTIF($I$3:I27,"Yes"),"") | K27: =IF(I27<>"Yes","",COUNTIFS($A$3:A27,SUBSTITUTE(SUBSTITUTE(A27,"?","~?"),"*","~*"),$I$3:I27,"Yes")) | L27: =IF(K27="","",A27&"|"&K27) | M27: =IF(I27<>"Yes","",COUNTIFS(Values!$A$3:$A$502,SUBSTITUTE(SUBSTITUTE(A27,"?","~?"),"*","~*"),Values!$I$3:$I$502,"Yes")) | N27: =IF(I27<>"Yes","",IF(M27<2,"",INDEX(Values!$B$3:$B$502,MATCH(A27&"|"&IF(K27=M27,1,K27+1),Values!$L$3:$L$502,0)))) | O27: =IF(N27="","",INDEX(Values!$J$3:$J$502,MATCH(A27&"|"&IF(K27=M27,1,K27+1),Values!$L$3:$L$502,0)))
A28: Price | B28: £80 to £140 | C28: No | D28: No | E28: 20 | G28: Nobody searches this band | H28: =IF(A28="","",IFERROR(INDEX(Attributes!$F$3:$F$52,MATCH(A28,Attributes!$A$3:$A$52,0))&"","Unknown attribute")) | I28: =IF(OR(A28="",B28=""),"",IF(AND(H28="Yes",D28<>"No"),"Yes","No")) | J28: =IF(I28="Yes",COUNTIF($I$3:I28,"Yes"),"") | K28: =IF(I28<>"Yes","",COUNTIFS($A$3:A28,SUBSTITUTE(SUBSTITUTE(A28,"?","~?"),"*","~*"),$I$3:I28,"Yes")) | L28: =IF(K28="","",A28&"|"&K28) | M28: =IF(I28<>"Yes","",COUNTIFS(Values!$A$3:$A$502,SUBSTITUTE(SUBSTITUTE(A28,"?","~?"),"*","~*"),Values!$I$3:$I$502,"Yes")) | N28: =IF(I28<>"Yes","",IF(M28<2,"",INDEX(Values!$B$3:$B$502,MATCH(A28&"|"&IF(K28=M28,1,K28+1),Values!$L$3:$L$502,0)))) | O28: =IF(N28="","",INDEX(Values!$J$3:$J$502,MATCH(A28&"|"&IF(K28=M28,1,K28+1),Values!$L$3:$L$502,0)))
A29: Price | B29: over £140 | C29: No | D29: Unsure | E29: 40 | H29: =IF(A29="","",IFERROR(INDEX(Attributes!$F$3:$F$52,MATCH(A29,Attributes!$A$3:$A$52,0))&"","Unknown attribute")) | I29: =IF(OR(A29="",B29=""),"",IF(AND(H29="Yes",D29<>"No"),"Yes","No")) | J29: =IF(I29="Yes",COUNTIF($I$3:I29,"Yes"),"") | K29: =IF(I29<>"Yes","",COUNTIFS($A$3:A29,SUBSTITUTE(SUBSTITUTE(A29,"?","~?"),"*","~*"),$I$3:I29,"Yes")) | L29: =IF(K29="","",A29&"|"&K29) | M29: =IF(I29<>"Yes","",COUNTIFS(Values!$A$3:$A$502,SUBSTITUTE(SUBSTITUTE(A29,"?","~?"),"*","~*"),Values!$I$3:$I$502,"Yes")) | N29: =IF(I29<>"Yes","",IF(M29<2,"",INDEX(Values!$B$3:$B$502,MATCH(A29&"|"&IF(K29=M29,1,K29+1),Values!$L$3:$L$502,0)))) | O29: =IF(N29="","",INDEX(Values!$J$3:$J$502,MATCH(A29&"|"&IF(K29=M29,1,K29+1),Values!$L$3:$L$502,0)))
A30: Runner name | B30: Eliud Kipchoge | C30: Yes | D30: No | E30: 2900 | G30: Infinite attribute, excluded | H30: =IF(A30="","",IFERROR(INDEX(Attributes!$F$3:$F$52,MATCH(A30,Attributes!$A$3:$A$52,0))&"","Unknown attribute")) | I30: =IF(OR(A30="",B30=""),"",IF(AND(H30="Yes",D30<>"No"),"Yes","No")) | J30: =IF(I30="Yes",COUNTIF($I$3:I30,"Yes"),"") | K30: =IF(I30<>"Yes","",COUNTIFS($A$3:A30,SUBSTITUTE(SUBSTITUTE(A30,"?","~?"),"*","~*"),$I$3:I30,"Yes")) | L30: =IF(K30="","",A30&"|"&K30) | M30: =IF(I30<>"Yes","",COUNTIFS(Values!$A$3:$A$502,SUBSTITUTE(SUBSTITUTE(A30,"?","~?"),"*","~*"),Values!$I$3:$I$502,"Yes")) | N30: =IF(I30<>"Yes","",IF(M30<2,"",INDEX(Values!$B$3:$B$502,MATCH(A30&"|"&IF(K30=M30,1,K30+1),Values!$L$3:$L$502,0)))) | O30: =IF(N30="","",INDEX(Values!$J$3:$J$502,MATCH(A30&"|"&IF(K30=M30,1,K30+1),Values!$L$3:$L$502,0)))
H31: =IF(A31="","",IFERROR(INDEX(Attributes!$F$3:$F$52,MATCH(A31,Attributes!$A$3:$A$52,0))&"","Unknown attribute")) | I31: =IF(OR(A31="",B31=""),"",IF(AND(H31="Yes",D31<>"No"),"Yes","No")) | J31: =IF(I31="Yes",COUNTIF($I$3:I31,"Yes"),"") | K31: =IF(I31<>"Yes","",COUNTIFS($A$3:A31,SUBSTITUTE(SUBSTITUTE(A31,"?","~?"),"*","~*"),$I$3:I31,"Yes")) | L31: =IF(K31="","",A31&"|"&K31) | M31: =IF(I31<>"Yes","",COUNTIFS(Values!$A$3:$A$502,SUBSTITUTE(SUBSTITUTE(A31,"?","~?"),"*","~*"),Values!$I$3:$I$502,"Yes")) | N31: =IF(I31<>"Yes","",IF(M31<2,"",INDEX(Values!$B$3:$B$502,MATCH(A31&"|"&IF(K31=M31,1,K31+1),Values!$L$3:$L$502,0)))) | O31: =IF(N31="","",INDEX(Values!$J$3:$J$502,MATCH(A31&"|"&IF(K31=M31,1,K31+1),Values!$L$3:$L$502,0)))
H32: =IF(A32="","",IFERROR(INDEX(Attributes!$F$3:$F$52,MATCH(A32,Attributes!$A$3:$A$52,0))&"","Unknown attribute")) | I32: =IF(OR(A32="",B32=""),"",IF(AND(H32="Yes",D32<>"No"),"Yes","No")) | J32: =IF(I32="Yes",COUNTIF($I$3:I32,"Yes"),"") | K32: =IF(I32<>"Yes","",COUNTIFS($A$3:A32,SUBSTITUTE(SUBSTITUTE(A32,"?","~?"),"*","~*"),$I$3:I32,"Yes")) | L32: =IF(K32="","",A32&"|"&K32) | M32: =IF(I32<>"Yes","",COUNTIFS(Values!$A$3:$A$502,SUBSTITUTE(SUBSTITUTE(A32,"?","~?"),"*","~*"),Values!$I$3:$I$502,"Yes")) | N32: =IF(I32<>"Yes","",IF(M32<2,"",INDEX(Values!$B$3:$B$502,MATCH(A32&"|"&IF(K32=M32,1,K32+1),Values!$L$3:$L$502,0)))) | O32: =IF(N32="","",INDEX(Values!$J$3:$J$502,MATCH(A32&"|"&IF(K32=M32,1,K32+1),Values!$L$3:$L$502,0)))
H33: =IF(A33="","",IFERROR(INDEX(Attributes!$F$3:$F$52,MATCH(A33,Attributes!$A$3:$A$52,0))&"","Unknown attribute")) | I33: =IF(OR(A33="",B33=""),"",IF(AND(H33="Yes",D33<>"No"),"Yes","No")) | J33: =IF(I33="Yes",COUNTIF($I$3:I33,"Yes"),"") | K33: =IF(I33<>"Yes","",COUNTIFS($A$3:A33,SUBSTITUTE(SUBSTITUTE(A33,"?","~?"),"*","~*"),$I$3:I33,"Yes")) | L33: =IF(K33="","",A33&"|"&K33) | M33: =IF(I33<>"Yes","",COUNTIFS(Values!$A$3:$A$502,SUBSTITUTE(SUBSTITUTE(A33,"?","~?"),"*","~*"),Values!$I$3:$I$502,"Yes")) | N33: =IF(I33<>"Yes","",IF(M33<2,"",INDEX(Values!$B$3:$B$502,MATCH(A33&"|"&IF(K33=M33,1,K33+1),Values!$L$3:$L$502,0)))) | O33: =IF(N33="","",INDEX(Values!$J$3:$J$502,MATCH(A33&"|"&IF(K33=M33,1,K33+1),Values!$L$3:$L$502,0)))
H34: =IF(A34="","",IFERROR(INDEX(Attributes!$F$3:$F$52,MATCH(A34,Attributes!$A$3:$A$52,0))&"","Unknown attribute")) | I34: =IF(OR(A34="",B34=""),"",IF(AND(H34="Yes",D34<>"No"),"Yes","No")) | J34: =IF(I34="Yes",COUNTIF($I$3:I34,"Yes"),"") | K34: =IF(I34<>"Yes","",COUNTIFS($A$3:A34,SUBSTITUTE(SUBSTITUTE(A34,"?","~?"),"*","~*"),$I$3:I34,"Yes")) | L34: =IF(K34="","",A34&"|"&K34) | M34: =IF(I34<>"Yes","",COUNTIFS(Values!$A$3:$A$502,SUBSTITUTE(SUBSTITUTE(A34,"?","~?"),"*","~*"),Values!$I$3:$I$502,"Yes")) | N34: =IF(I34<>"Yes","",IF(M34<2,"",INDEX(Values!$B$3:$B$502,MATCH(A34&"|"&IF(K34=M34,1,K34+1),Values!$L$3:$L$502,0)))) | O34: =IF(N34="","",INDEX(Values!$J$3:$J$502,MATCH(A34&"|"&IF(K34=M34,1,K34+1),Values!$L$3:$L$502,0)))
H35: =IF(A35="","",IFERROR(INDEX(Attributes!$F$3:$F$52,MATCH(A35,Attributes!$A$3:$A$52,0))&"","Unknown attribute")) | I35: =IF(OR(A35="",B35=""),"",IF(AND(H35="Yes",D35<>"No"),"Yes","No")) | J35: =IF(I35="Yes",COUNTIF($I$3:I35,"Yes"),"") | K35: =IF(I35<>"Yes","",COUNTIFS($A$3:A35,SUBSTITUTE(SUBSTITUTE(A35,"?","~?"),"*","~*"),$I$3:I35,"Yes")) | L35: =IF(K35="","",A35&"|"&K35) | M35: =IF(I35<>"Yes","",COUNTIFS(Values!$A$3:$A$502,SUBSTITUTE(SUBSTITUTE(A35,"?","~?"),"*","~*"),Values!$I$3:$I$502,"Yes")) | N35: =IF(I35<>"Yes","",IF(M35<2,"",INDEX(Values!$B$3:$B$502,MATCH(A35&"|"&IF(K35=M35,1,K35+1),Values!$L$3:$L$502,0)))) | O35: =IF(N35="","",INDEX(Values!$J$3:$J$502,MATCH(A35&"|"&IF(K35=M35,1,K35+1),Values!$L$3:$L$502,0)))
H36: =IF(A36="","",IFERROR(INDEX(Attributes!$F$3:$F$52,MATCH(A36,Attributes!$A$3:$A$52,0))&"","Unknown attribute")) | I36: =IF(OR(A36="",B36=""),"",IF(AND(H36="Yes",D36<>"No"),"Yes","No")) | J36: =IF(I36="Yes",COUNTIF($I$3:I36,"Yes"),"") | K36: =IF(I36<>"Yes","",COUNTIFS($A$3:A36,SUBSTITUTE(SUBSTITUTE(A36,"?","~?"),"*","~*"),$I$3:I36,"Yes")) | L36: =IF(K36="","",A36&"|"&K36) | M36: =IF(I36<>"Yes","",COUNTIFS(Values!$A$3:$A$502,SUBSTITUTE(SUBSTITUTE(A36,"?","~?"),"*","~*"),Values!$I$3:$I$502,"Yes")) | N36: =IF(I36<>"Yes","",IF(M36<2,"",INDEX(Values!$B$3:$B$502,MATCH(A36&"|"&IF(K36=M36,1,K36+1),Values!$L$3:$L$502,0)))) | O36: =IF(N36="","",INDEX(Values!$J$3:$J$502,MATCH(A36&"|"&IF(K36=M36,1,K36+1),Values!$L$3:$L$502,0)))
H37: =IF(A37="","",IFERROR(INDEX(Attributes!$F$3:$F$52,MATCH(A37,Attributes!$A$3:$A$52,0))&"","Unknown attribute")) | I37: =IF(OR(A37="",B37=""),"",IF(AND(H37="Yes",D37<>"No"),"Yes","No")) | J37: =IF(I37="Yes",COUNTIF($I$3:I37,"Yes"),"") | K37: =IF(I37<>"Yes","",COUNTIFS($A$3:A37,SUBSTITUTE(SUBSTITUTE(A37,"?","~?"),"*","~*"),$I$3:I37,"Yes")) | L37: =IF(K37="","",A37&"|"&K37) | M37: =IF(I37<>"Yes","",COUNTIFS(Values!$A$3:$A$502,SUBSTITUTE(SUBSTITUTE(A37,"?","~?"),"*","~*"),Values!$I$3:$I$502,"Yes")) | N37: =IF(I37<>"Yes","",IF(M37<2,"",INDEX(Values!$B$3:$B$502,MATCH(A37&"|"&IF(K37=M37,1,K37+1),Values!$L$3:$L$502,0)))) | O37: =IF(N37="","",INDEX(Values!$J$3:$J$502,MATCH(A37&"|"&IF(K37=M37,1,K37+1),Values!$L$3:$L$502,0)))
H38: =IF(A38="","",IFERROR(INDEX(Attributes!$F$3:$F$52,MATCH(A38,Attributes!$A$3:$A$52,0))&"","Unknown attribute")) | I38: =IF(OR(A38="",B38=""),"",IF(AND(H38="Yes",D38<>"No"),"Yes","No")) | J38: =IF(I38="Yes",COUNTIF($I$3:I38,"Yes"),"") | K38: =IF(I38<>"Yes","",COUNTIFS($A$3:A38,SUBSTITUTE(SUBSTITUTE(A38,"?","~?"),"*","~*"),$I$3:I38,"Yes")) | L38: =IF(K38="","",A38&"|"&K38) | M38: =IF(I38<>"Yes","",COUNTIFS(Values!$A$3:$A$502,SUBSTITUTE(SUBSTITUTE(A38,"?","~?"),"*","~*"),Values!$I$3:$I$502,"Yes")) | N38: =IF(I38<>"Yes","",IF(M38<2,"",INDEX(Values!$B$3:$B$502,MATCH(A38&"|"&IF(K38=M38,1,K38+1),Values!$L$3:$L$502,0)))) | O38: =IF(N38="","",INDEX(Values!$J$3:$J$502,MATCH(A38&"|"&IF(K38=M38,1,K38+1),Values!$L$3:$L$502,0)))
H39: =IF(A39="","",IFERROR(INDEX(Attributes!$F$3:$F$52,MATCH(A39,Attributes!$A$3:$A$52,0))&"","Unknown attribute")) | I39: =IF(OR(A39="",B39=""),"",IF(AND(H39="Yes",D39<>"No"),"Yes","No")) | J39: =IF(I39="Yes",COUNTIF($I$3:I39,"Yes"),"") | K39: =IF(I39<>"Yes","",COUNTIFS($A$3:A39,SUBSTITUTE(SUBSTITUTE(A39,"?","~?"),"*","~*"),$I$3:I39,"Yes")) | L39: =IF(K39="","",A39&"|"&K39) | M39: =IF(I39<>"Yes","",COUNTIFS(Values!$A$3:$A$502,SUBSTITUTE(SUBSTITUTE(A39,"?","~?"),"*","~*"),Values!$I$3:$I$502,"Yes")) | N39: =IF(I39<>"Yes","",IF(M39<2,"",INDEX(Values!$B$3:$B$502,MATCH(A39&"|"&IF(K39=M39,1,K39+1),Values!$L$3:$L$502,0)))) | O39: =IF(N39="","",INDEX(Values!$J$3:$J$502,MATCH(A39&"|"&IF(K39=M39,1,K39+1),Values!$L$3:$L$502,0)))
H40: =IF(A40="","",IFERROR(INDEX(Attributes!$F$3:$F$52,MATCH(A40,Attributes!$A$3:$A$52,0))&"","Unknown attribute")) | I40: =IF(OR(A40="",B40=""),"",IF(AND(H40="Yes",D40<>"No"),"Yes","No")) | J40: =IF(I40="Yes",COUNTIF($I$3:I40,"Yes"),"") | K40: =IF(I40<>"Yes","",COUNTIFS($A$3:A40,SUBSTITUTE(SUBSTITUTE(A40,"?","~?"),"*","~*"),$I$3:I40,"Yes")) | L40: =IF(K40="","",A40&"|"&K40) | M40: =IF(I40<>"Yes","",COUNTIFS(Values!$A$3:$A$502,SUBSTITUTE(SUBSTITUTE(A40,"?","~?"),"*","~*"),Values!$I$3:$I$502,"Yes")) | N40: =IF(I40<>"Yes","",IF(M40<2,"",INDEX(Values!$B$3:$B$502,MATCH(A40&"|"&IF(K40=M40,1,K40+1),Values!$L$3:$L$502,0)))) | O40: =IF(N40="","",INDEX(Values!$J$3:$J$502,MATCH(A40&"|"&IF(K40=M40,1,K40+1),Values!$L$3:$L$502,0)))
H41: =IF(A41="","",IFERROR(INDEX(Attributes!$F$3:$F$52,MATCH(A41,Attributes!$A$3:$A$52,0))&"","Unknown attribute")) | I41: =IF(OR(A41="",B41=""),"",IF(AND(H41="Yes",D41<>"No"),"Yes","No")) | J41: =IF(I41="Yes",COUNTIF($I$3:I41,"Yes"),"") | K41: =IF(I41<>"Yes","",COUNTIFS($A$3:A41,SUBSTITUTE(SUBSTITUTE(A41,"?","~?"),"*","~*"),$I$3:I41,"Yes")) | L41: =IF(K41="","",A41&"|"&K41) | M41: =IF(I41<>"Yes","",COUNTIFS(Values!$A$3:$A$502,SUBSTITUTE(SUBSTITUTE(A41,"?","~?"),"*","~*"),Values!$I$3:$I$502,"Yes")) | N41: =IF(I41<>"Yes","",IF(M41<2,"",INDEX(Values!$B$3:$B$502,MATCH(A41&"|"&IF(K41=M41,1,K41+1),Values!$L$3:$L$502,0)))) | O41: =IF(N41="","",INDEX(Values!$J$3:$J$502,MATCH(A41&"|"&IF(K41=M41,1,K41+1),Values!$L$3:$L$502,0)))
H42: =IF(A42="","",IFERROR(INDEX(Attributes!$F$3:$F$52,MATCH(A42,Attributes!$A$3:$A$52,0))&"","Unknown attribute")) | I42: =IF(OR(A42="",B42=""),"",IF(AND(H42="Yes",D42<>"No"),"Yes","No")) | J42: =IF(I42="Yes",COUNTIF($I$3:I42,"Yes"),"") | K42: =IF(I42<>"Yes","",COUNTIFS($A$3:A42,SUBSTITUTE(SUBSTITUTE(A42,"?","~?"),"*","~*"),$I$3:I42,"Yes")) | L42: =IF(K42="","",A42&"|"&K42) | M42: =IF(I42<>"Yes","",COUNTIFS(Values!$A$3:$A$502,SUBSTITUTE(SUBSTITUTE(A42,"?","~?"),"*","~*"),Values!$I$3:$I$502,"Yes")) | N42: =IF(I42<>"Yes","",IF(M42<2,"",INDEX(Values!$B$3:$B$502,MATCH(A42&"|"&IF(K42=M42,1,K42+1),Values!$L$3:$L$502,0)))) | O42: =IF(N42="","",INDEX(Values!$J$3:$J$502,MATCH(A42&"|"&IF(K42=M42,1,K42+1),Values!$L$3:$L$502,0)))
... H502: =IF(A502="","",IFERROR(INDEX(Attributes!$F$3:$F$52,MATCH(A502,Attributes!$A$3:$A$52,0))&"","Unknown attribute")) | I502: =IF(OR(A502="",B502=""),"",IF(AND(H502="Yes",D502<>"No"),"Yes","No")) | J502: =IF(I502="Yes",COUNTIF($I$3:I502,"Yes"),"") | K502: =IF(I502<>"Yes","",COUNTIFS($A$3:A502,SUBSTITUTE(SUBSTITUTE(A502,"?","~?"),"*","~*"),$I$3:I502,"Yes")) | L502: =IF(K502="","",A502&"|"&K502) | M502: =IF(I502<>"Yes","",COUNTIFS(Values!$A$3:$A$502,SUBSTITUTE(SUBSTITUTE(A502,"?","~?"),"*","~*"),Values!$I$3:$I$502,"Yes")) | N502: =IF(I502<>"Yes","",IF(M502<2,"",INDEX(Values!$B$3:$B$502,MATCH(A502&"|"&IF(K502=M502,1,K502+1),Values!$L$3:$L$502,0)))) | O502: =IF(N502="","",INDEX(Values!$J$3:$J$502,MATCH(A502&"|"&IF(K502=M502,1,K502+1),Values!$L$3:$L$502,0)))

Sheet Topical Map
A1: 4. TOPICAL MAP: generated from Entity, Attributes and Values. Don't type here; copy it as values when you're happy.
A2: # | B2: Level | C2: Attribute | D2: Value / sub-entity | E2: Suggested title | F2: Suggested slug | G2: Links up to | H2: Links across to | I2: Links down to | J2: Primary intent | K2: Suggested format | L2: Existing URL | M2: Coverage | N2: Search volume | O2: Priority | P2: Value row (helper) | Q2: Attribute row (helper) | R2: Raw title (helper)
A3: =ROW()-2 | B3: =IF(A3=1,"Pillar",IF(A3<=1+Entity!$B$14,"Cluster",IF(A3<=1+Entity!$B$14+Entity!$B$15,"Supporting",""))) | C3: =IF(B3="Cluster",INDEX(Attributes!$A$3:$A$52,MATCH(A3-1,Attributes!$P$3:$P$52,0)),IF(B3="Supporting",INDEX(Values!$A$3:$A$502,P3),"")) | D3: =IF(B3="Supporting",INDEX(Values!$B$3:$B$502,P3),"") | E3: =IF(R3="","",UPPER(LEFT(R3,1))&MID(R3,2,500)) | F3: =IF(E3="","",LOWER(SUBSTITUTE(SUBSTITUTE(SUBSTITUTE(SUBSTITUTE(SUBSTITUTE(SUBSTITUTE(SUBSTITUTE(TRIM(E3),":",""),",",""),"'",""),"&","and"),"£","")," "," ")," ","-"))) | G3: =IF(B3="Cluster",$E$3,IF(B3="Supporting",INDEX($E$3:$E$553,MATCH(C3,$C$3:$C$553,0)),"")) | H3: =IF(B3="Supporting",IFERROR(INDEX($E$3:$E$553,1+Entity!$B$14+INDEX(Values!$O$3:$O$502,P3)),""),IF(B3="Cluster",IF(Entity!$B$14<2,"",INDEX($E$3:$E$553,IF(A3-1=Entity!$B$14,2,A3+1))),"")) | I3: =IF(B3="Pillar",Entity!$B$14&" cluster pages",IF(B3="Cluster",(COUNTIF($C$3:$C$553,SUBSTITUTE(SUBSTITUTE(C3,"?","~?"),"*","~*"))-1)&" supporting pages","")) | J3: =IF(B3="Pillar","Informational",IF(OR(B3="Cluster",B3="Supporting"),INDEX(Attributes!$D$3:$D$52,Q3)&"","")) | K3: =IF(B3="","",IF(B3="Pillar","Pillar guide (entity hub)",IF(B3="Cluster","Hub page for this attribute",IF(INDEX(Values!$C$3:$C$502,P3)="Yes","Entity page (profile of the sub-entity)",IFERROR(INDEX(Lists!$B$3:$B$6,MATCH(J3,Lists!$A$3:$A$6,0)),"Article"))))) | L3: =IF(B3="Pillar",Entity!$B$6&"",IF(B3="Cluster",INDEX(Attributes!$I$3:$I$52,Q3)&"",IF(B3="Supporting",INDEX(Values!$F$3:$F$502,P3)&"",""))) | M3: =IF(B3="","",IF(L3<>"","Covered","Gap")) | N3: =IF(B3="Pillar",SUMIFS(Values!$E$3:$E$502,Values!$I$3:$I$502,"Yes"),IF(B3="Cluster",SUMIFS(Values!$E$3:$E$502,Values!$A$3:$A$502,SUBSTITUTE(SUBSTITUTE(C3,"?","~?"),"*","~*"),Values!$I$3:$I$502,"Yes"),IF(B3="Supporting",N(INDEX(Values!$E$3:$E$502,P3)),""))) | O3: =IF(B3="","",IF(B3="Pillar",100,IF(B3="Cluster",N(INDEX(Attributes!$E$3:$E$52,Q3))*25+IF(M3="Gap",10,0),N(INDEX(Attributes!$E$3:$E$52,Q3))*20+MIN(20,ROUND(LOG10(N(N3)+1)*5,0))+IF(M3="Gap",10,0)+IF(INDEX(Values!$D$3:$D$502,P3)="Yes",5,0)))) | P3: =IF(B3="Supporting",MATCH(A3-1-Entity!$B$14,Values!$J$3:$J$502,0),"") | Q3: =IF(C3="","",MATCH(C3,Attributes!$A$3:$A$52,0)) | R3: =IF(B3="Pillar",SUBSTITUTE(Entity!$B$7,"{entity}",LOWER(Entity!$B$3)),IF(B3="Cluster",IF(INDEX(Attributes!$G$3:$G$52,Q3)<>"",INDEX(Attributes!$G$3:$G$52,Q3),SUBSTITUTE(SUBSTITUTE(Entity!$B$8,"{entity}",LOWER(Entity!$B$3)),"{attribute}",LOWER(C3))),IF(B3="Supporting",SUBSTITUTE(SUBSTITUTE(SUBSTITUTE(IF(INDEX(Attributes!$H$3:$H$52,Q3)<>"",INDEX(Attributes!$H$3:$H$52,Q3),Entity!$B$9),"{entity}",LOWER(Entity!$B$3)),"{value}",D3),"{attribute}",LOWER(C3)),"")))
A4: =ROW()-2 | B4: =IF(A4=1,"Pillar",IF(A4<=1+Entity!$B$14,"Cluster",IF(A4<=1+Entity!$B$14+Entity!$B$15,"Supporting",""))) | C4: =IF(B4="Cluster",INDEX(Attributes!$A$3:$A$52,MATCH(A4-1,Attributes!$P$3:$P$52,0)),IF(B4="Supporting",INDEX(Values!$A$3:$A$502,P4),"")) | D4: =IF(B4="Supporting",INDEX(Values!$B$3:$B$502,P4),"") | E4: =IF(R4="","",UPPER(LEFT(R4,1))&MID(R4,2,500)) | F4: =IF(E4="","",LOWER(SUBSTITUTE(SUBSTITUTE(SUBSTITUTE(SUBSTITUTE(SUBSTITUTE(SUBSTITUTE(SUBSTITUTE(TRIM(E4),":",""),",",""),"'",""),"&","and"),"£","")," "," ")," ","-"))) | G4: =IF(B4="Cluster",$E$3,IF(B4="Supporting",INDEX($E$3:$E$553,MATCH(C4,$C$3:$C$553,0)),"")) | H4: =IF(B4="Supporting",IFERROR(INDEX($E$3:$E$553,1+Entity!$B$14+INDEX(Values!$O$3:$O$502,P4)),""),IF(B4="Cluster",IF(Entity!$B$14<2,"",INDEX($E$3:$E$553,IF(A4-1=Entity!$B$14,2,A4+1))),"")) | I4: =IF(B4="Pillar",Entity!$B$14&" cluster pages",IF(B4="Cluster",(COUNTIF($C$3:$C$553,SUBSTITUTE(SUBSTITUTE(C4,"?","~?"),"*","~*"))-1)&" supporting pages","")) | J4: =IF(B4="Pillar","Informational",IF(OR(B4="Cluster",B4="Supporting"),INDEX(Attributes!$D$3:$D$52,Q4)&"","")) | K4: =IF(B4="","",IF(B4="Pillar","Pillar guide (entity hub)",IF(B4="Cluster","Hub page for this attribute",IF(INDEX(Values!$C$3:$C$502,P4)="Yes","Entity page (profile of the sub-entity)",IFERROR(INDEX(Lists!$B$3:$B$6,MATCH(J4,Lists!$A$3:$A$6,0)),"Article"))))) | L4: =IF(B4="Pillar",Entity!$B$6&"",IF(B4="Cluster",INDEX(Attributes!$I$3:$I$52,Q4)&"",IF(B4="Supporting",INDEX(Values!$F$3:$F$502,P4)&"",""))) | M4: =IF(B4="","",IF(L4<>"","Covered","Gap")) | N4: =IF(B4="Pillar",SUMIFS(Values!$E$3:$E$502,Values!$I$3:$I$502,"Yes"),IF(B4="Cluster",SUMIFS(Values!$E$3:$E$502,Values!$A$3:$A$502,SUBSTITUTE(SUBSTITUTE(C4,"?","~?"),"*","~*"),Values!$I$3:$I$502,"Yes"),IF(B4="Supporting",N(INDEX(Values!$E$3:$E$502,P4)),""))) | O4: =IF(B4="","",IF(B4="Pillar",100,IF(B4="Cluster",N(INDEX(Attributes!$E$3:$E$52,Q4))*25+IF(M4="Gap",10,0),N(INDEX(Attributes!$E$3:$E$52,Q4))*20+MIN(20,ROUND(LOG10(N(N4)+1)*5,0))+IF(M4="Gap",10,0)+IF(INDEX(Values!$D$3:$D$502,P4)="Yes",5,0)))) | P4: =IF(B4="Supporting",MATCH(A4-1-Entity!$B$14,Values!$J$3:$J$502,0),"") | Q4: =IF(C4="","",MATCH(C4,Attributes!$A$3:$A$52,0)) | R4: =IF(B4="Pillar",SUBSTITUTE(Entity!$B$7,"{entity}",LOWER(Entity!$B$3)),IF(B4="Cluster",IF(INDEX(Attributes!$G$3:$G$52,Q4)<>"",INDEX(Attributes!$G$3:$G$52,Q4),SUBSTITUTE(SUBSTITUTE(Entity!$B$8,"{entity}",LOWER(Entity!$B$3)),"{attribute}",LOWER(C4))),IF(B4="Supporting",SUBSTITUTE(SUBSTITUTE(SUBSTITUTE(IF(INDEX(Attributes!$H$3:$H$52,Q4)<>"",INDEX(Attributes!$H$3:$H$52,Q4),Entity!$B$9),"{entity}",LOWER(Entity!$B$3)),"{value}",D4),"{attribute}",LOWER(C4)),"")))
A5: =ROW()-2 | B5: =IF(A5=1,"Pillar",IF(A5<=1+Entity!$B$14,"Cluster",IF(A5<=1+Entity!$B$14+Entity!$B$15,"Supporting",""))) | C5: =IF(B5="Cluster",INDEX(Attributes!$A$3:$A$52,MATCH(A5-1,Attributes!$P$3:$P$52,0)),IF(B5="Supporting",INDEX(Values!$A$3:$A$502,P5),"")) | D5: =IF(B5="Supporting",INDEX(Values!$B$3:$B$502,P5),"") | E5: =IF(R5="","",UPPER(LEFT(R5,1))&MID(R5,2,500)) | F5: =IF(E5="","",LOWER(SUBSTITUTE(SUBSTITUTE(SUBSTITUTE(SUBSTITUTE(SUBSTITUTE(SUBSTITUTE(SUBSTITUTE(TRIM(E5),":",""),",",""),"'",""),"&","and"),"£","")," "," ")," ","-"))) | G5: =IF(B5="Cluster",$E$3,IF(B5="Supporting",INDEX($E$3:$E$553,MATCH(C5,$C$3:$C$553,0)),"")) | H5: =IF(B5="Supporting",IFERROR(INDEX($E$3:$E$553,1+Entity!$B$14+INDEX(Values!$O$3:$O$502,P5)),""),IF(B5="Cluster",IF(Entity!$B$14<2,"",INDEX($E$3:$E$553,IF(A5-1=Entity!$B$14,2,A5+1))),"")) | I5: =IF(B5="Pillar",Entity!$B$14&" cluster pages",IF(B5="Cluster",(COUNTIF($C$3:$C$553,SUBSTITUTE(SUBSTITUTE(C5,"?","~?"),"*","~*"))-1)&" supporting pages","")) | J5: =IF(B5="Pillar","Informational",IF(OR(B5="Cluster",B5="Supporting"),INDEX(Attributes!$D$3:$D$52,Q5)&"","")) | K5: =IF(B5="","",IF(B5="Pillar","Pillar guide (entity hub)",IF(B5="Cluster","Hub page for this attribute",IF(INDEX(Values!$C$3:$C$502,P5)="Yes","Entity page (profile of the sub-entity)",IFERROR(INDEX(Lists!$B$3:$B$6,MATCH(J5,Lists!$A$3:$A$6,0)),"Article"))))) | L5: =IF(B5="Pillar",Entity!$B$6&"",IF(B5="Cluster",INDEX(Attributes!$I$3:$I$52,Q5)&"",IF(B5="Supporting",INDEX(Values!$F$3:$F$502,P5)&"",""))) | M5: =IF(B5="","",IF(L5<>"","Covered","Gap")) | N5: =IF(B5="Pillar",SUMIFS(Values!$E$3:$E$502,Values!$I$3:$I$502,"Yes"),IF(B5="Cluster",SUMIFS(Values!$E$3:$E$502,Values!$A$3:$A$502,SUBSTITUTE(SUBSTITUTE(C5,"?","~?"),"*","~*"),Values!$I$3:$I$502,"Yes"),IF(B5="Supporting",N(INDEX(Values!$E$3:$E$502,P5)),""))) | O5: =IF(B5="","",IF(B5="Pillar",100,IF(B5="Cluster",N(INDEX(Attributes!$E$3:$E$52,Q5))*25+IF(M5="Gap",10,0),N(INDEX(Attributes!$E$3:$E$52,Q5))*20+MIN(20,ROUND(LOG10(N(N5)+1)*5,0))+IF(M5="Gap",10,0)+IF(INDEX(Values!$D$3:$D$502,P5)="Yes",5,0)))) | P5: =IF(B5="Supporting",MATCH(A5-1-Entity!$B$14,Values!$J$3:$J$502,0),"") | Q5: =IF(C5="","",MATCH(C5,Attributes!$A$3:$A$52,0)) | R5: =IF(B5="Pillar",SUBSTITUTE(Entity!$B$7,"{entity}",LOWER(Entity!$B$3)),IF(B5="Cluster",IF(INDEX(Attributes!$G$3:$G$52,Q5)<>"",INDEX(Attributes!$G$3:$G$52,Q5),SUBSTITUTE(SUBSTITUTE(Entity!$B$8,"{entity}",LOWER(Entity!$B$3)),"{attribute}",LOWER(C5))),IF(B5="Supporting",SUBSTITUTE(SUBSTITUTE(SUBSTITUTE(IF(INDEX(Attributes!$H$3:$H$52,Q5)<>"",INDEX(Attributes!$H$3:$H$52,Q5),Entity!$B$9),"{entity}",LOWER(Entity!$B$3)),"{value}",D5),"{attribute}",LOWER(C5)),"")))
A6: =ROW()-2 | B6: =IF(A6=1,"Pillar",IF(A6<=1+Entity!$B$14,"Cluster",IF(A6<=1+Entity!$B$14+Entity!$B$15,"Supporting",""))) | C6: =IF(B6="Cluster",INDEX(Attributes!$A$3:$A$52,MATCH(A6-1,Attributes!$P$3:$P$52,0)),IF(B6="Supporting",INDEX(Values!$A$3:$A$502,P6),"")) | D6: =IF(B6="Supporting",INDEX(Values!$B$3:$B$502,P6),"") | E6: =IF(R6="","",UPPER(LEFT(R6,1))&MID(R6,2,500)) | F6: =IF(E6="","",LOWER(SUBSTITUTE(SUBSTITUTE(SUBSTITUTE(SUBSTITUTE(SUBSTITUTE(SUBSTITUTE(SUBSTITUTE(TRIM(E6),":",""),",",""),"'",""),"&","and"),"£","")," "," ")," ","-"))) | G6: =IF(B6="Cluster",$E$3,IF(B6="Supporting",INDEX($E$3:$E$553,MATCH(C6,$C$3:$C$553,0)),"")) | H6: =IF(B6="Supporting",IFERROR(INDEX($E$3:$E$553,1+Entity!$B$14+INDEX(Values!$O$3:$O$502,P6)),""),IF(B6="Cluster",IF(Entity!$B$14<2,"",INDEX($E$3:$E$553,IF(A6-1=Entity!$B$14,2,A6+1))),"")) | I6: =IF(B6="Pillar",Entity!$B$14&" cluster pages",IF(B6="Cluster",(COUNTIF($C$3:$C$553,SUBSTITUTE(SUBSTITUTE(C6,"?","~?"),"*","~*"))-1)&" supporting pages","")) | J6: =IF(B6="Pillar","Informational",IF(OR(B6="Cluster",B6="Supporting"),INDEX(Attributes!$D$3:$D$52,Q6)&"","")) | K6: =IF(B6="","",IF(B6="Pillar","Pillar guide (entity hub)",IF(B6="Cluster","Hub page for this attribute",IF(INDEX(Values!$C$3:$C$502,P6)="Yes","Entity page (profile of the sub-entity)",IFERROR(INDEX(Lists!$B$3:$B$6,MATCH(J6,Lists!$A$3:$A$6,0)),"Article"))))) | L6: =IF(B6="Pillar",Entity!$B$6&"",IF(B6="Cluster",INDEX(Attributes!$I$3:$I$52,Q6)&"",IF(B6="Supporting",INDEX(Values!$F$3:$F$502,P6)&"",""))) | M6: =IF(B6="","",IF(L6<>"","Covered","Gap")) | N6: =IF(B6="Pillar",SUMIFS(Values!$E$3:$E$502,Values!$I$3:$I$502,"Yes"),IF(B6="Cluster",SUMIFS(Values!$E$3:$E$502,Values!$A$3:$A$502,SUBSTITUTE(SUBSTITUTE(C6,"?","~?"),"*","~*"),Values!$I$3:$I$502,"Yes"),IF(B6="Supporting",N(INDEX(Values!$E$3:$E$502,P6)),""))) | O6: =IF(B6="","",IF(B6="Pillar",100,IF(B6="Cluster",N(INDEX(Attributes!$E$3:$E$52,Q6))*25+IF(M6="Gap",10,0),N(INDEX(Attributes!$E$3:$E$52,Q6))*20+MIN(20,ROUND(LOG10(N(N6)+1)*5,0))+IF(M6="Gap",10,0)+IF(INDEX(Values!$D$3:$D$502,P6)="Yes",5,0)))) | P6: =IF(B6="Supporting",MATCH(A6-1-Entity!$B$14,Values!$J$3:$J$502,0),"") | Q6: =IF(C6="","",MATCH(C6,Attributes!$A$3:$A$52,0)) | R6: =IF(B6="Pillar",SUBSTITUTE(Entity!$B$7,"{entity}",LOWER(Entity!$B$3)),IF(B6="Cluster",IF(INDEX(Attributes!$G$3:$G$52,Q6)<>"",INDEX(Attributes!$G$3:$G$52,Q6),SUBSTITUTE(SUBSTITUTE(Entity!$B$8,"{entity}",LOWER(Entity!$B$3)),"{attribute}",LOWER(C6))),IF(B6="Supporting",SUBSTITUTE(SUBSTITUTE(SUBSTITUTE(IF(INDEX(Attributes!$H$3:$H$52,Q6)<>"",INDEX(Attributes!$H$3:$H$52,Q6),Entity!$B$9),"{entity}",LOWER(Entity!$B$3)),"{value}",D6),"{attribute}",LOWER(C6)),"")))
A7: =ROW()-2 | B7: =IF(A7=1,"Pillar",IF(A7<=1+Entity!$B$14,"Cluster",IF(A7<=1+Entity!$B$14+Entity!$B$15,"Supporting",""))) | C7: =IF(B7="Cluster",INDEX(Attributes!$A$3:$A$52,MATCH(A7-1,Attributes!$P$3:$P$52,0)),IF(B7="Supporting",INDEX(Values!$A$3:$A$502,P7),"")) | D7: =IF(B7="Supporting",INDEX(Values!$B$3:$B$502,P7),"") | E7: =IF(R7="","",UPPER(LEFT(R7,1))&MID(R7,2,500)) | F7: =IF(E7="","",LOWER(SUBSTITUTE(SUBSTITUTE(SUBSTITUTE(SUBSTITUTE(SUBSTITUTE(SUBSTITUTE(SUBSTITUTE(TRIM(E7),":",""),",",""),"'",""),"&","and"),"£","")," "," ")," ","-"))) | G7: =IF(B7="Cluster",$E$3,IF(B7="Supporting",INDEX($E$3:$E$553,MATCH(C7,$C$3:$C$553,0)),"")) | H7: =IF(B7="Supporting",IFERROR(INDEX($E$3:$E$553,1+Entity!$B$14+INDEX(Values!$O$3:$O$502,P7)),""),IF(B7="Cluster",IF(Entity!$B$14<2,"",INDEX($E$3:$E$553,IF(A7-1=Entity!$B$14,2,A7+1))),"")) | I7: =IF(B7="Pillar",Entity!$B$14&" cluster pages",IF(B7="Cluster",(COUNTIF($C$3:$C$553,SUBSTITUTE(SUBSTITUTE(C7,"?","~?"),"*","~*"))-1)&" supporting pages","")) | J7: =IF(B7="Pillar","Informational",IF(OR(B7="Cluster",B7="Supporting"),INDEX(Attributes!$D$3:$D$52,Q7)&"","")) | K7: =IF(B7="","",IF(B7="Pillar","Pillar guide (entity hub)",IF(B7="Cluster","Hub page for this attribute",IF(INDEX(Values!$C$3:$C$502,P7)="Yes","Entity page (profile of the sub-entity)",IFERROR(INDEX(Lists!$B$3:$B$6,MATCH(J7,Lists!$A$3:$A$6,0)),"Article"))))) | L7: =IF(B7="Pillar",Entity!$B$6&"",IF(B7="Cluster",INDEX(Attributes!$I$3:$I$52,Q7)&"",IF(B7="Supporting",INDEX(Values!$F$3:$F$502,P7)&"",""))) | M7: =IF(B7="","",IF(L7<>"","Covered","Gap")) | N7: =IF(B7="Pillar",SUMIFS(Values!$E$3:$E$502,Values!$I$3:$I$502,"Yes"),IF(B7="Cluster",SUMIFS(Values!$E$3:$E$502,Values!$A$3:$A$502,SUBSTITUTE(SUBSTITUTE(C7,"?","~?"),"*","~*"),Values!$I$3:$I$502,"Yes"),IF(B7="Supporting",N(INDEX(Values!$E$3:$E$502,P7)),""))) | O7: =IF(B7="","",IF(B7="Pillar",100,IF(B7="Cluster",N(INDEX(Attributes!$E$3:$E$52,Q7))*25+IF(M7="Gap",10,0),N(INDEX(Attributes!$E$3:$E$52,Q7))*20+MIN(20,ROUND(LOG10(N(N7)+1)*5,0))+IF(M7="Gap",10,0)+IF(INDEX(Values!$D$3:$D$502,P7)="Yes",5,0)))) | P7: =IF(B7="Supporting",MATCH(A7-1-Entity!$B$14,Values!$J$3:$J$502,0),"") | Q7: =IF(C7="","",MATCH(C7,Attributes!$A$3:$A$52,0)) | R7: =IF(B7="Pillar",SUBSTITUTE(Entity!$B$7,"{entity}",LOWER(Entity!$B$3)),IF(B7="Cluster",IF(INDEX(Attributes!$G$3:$G$52,Q7)<>"",INDEX(Attributes!$G$3:$G$52,Q7),SUBSTITUTE(SUBSTITUTE(Entity!$B$8,"{entity}",LOWER(Entity!$B$3)),"{attribute}",LOWER(C7))),IF(B7="Supporting",SUBSTITUTE(SUBSTITUTE(SUBSTITUTE(IF(INDEX(Attributes!$H$3:$H$52,Q7)<>"",INDEX(Attributes!$H$3:$H$52,Q7),Entity!$B$9),"{entity}",LOWER(Entity!$B$3)),"{value}",D7),"{attribute}",LOWER(C7)),"")))
A8: =ROW()-2 | B8: =IF(A8=1,"Pillar",IF(A8<=1+Entity!$B$14,"Cluster",IF(A8<=1+Entity!$B$14+Entity!$B$15,"Supporting",""))) | C8: =IF(B8="Cluster",INDEX(Attributes!$A$3:$A$52,MATCH(A8-1,Attributes!$P$3:$P$52,0)),IF(B8="Supporting",INDEX(Values!$A$3:$A$502,P8),"")) | D8: =IF(B8="Supporting",INDEX(Values!$B$3:$B$502,P8),"") | E8: =IF(R8="","",UPPER(LEFT(R8,1))&MID(R8,2,500)) | F8: =IF(E8="","",LOWER(SUBSTITUTE(SUBSTITUTE(SUBSTITUTE(SUBSTITUTE(SUBSTITUTE(SUBSTITUTE(SUBSTITUTE(TRIM(E8),":",""),",",""),"'",""),"&","and"),"£","")," "," ")," ","-"))) | G8: =IF(B8="Cluster",$E$3,IF(B8="Supporting",INDEX($E$3:$E$553,MATCH(C8,$C$3:$C$553,0)),"")) | H8: =IF(B8="Supporting",IFERROR(INDEX($E$3:$E$553,1+Entity!$B$14+INDEX(Values!$O$3:$O$502,P8)),""),IF(B8="Cluster",IF(Entity!$B$14<2,"",INDEX($E$3:$E$553,IF(A8-1=Entity!$B$14,2,A8+1))),"")) | I8: =IF(B8="Pillar",Entity!$B$14&" cluster pages",IF(B8="Cluster",(COUNTIF($C$3:$C$553,SUBSTITUTE(SUBSTITUTE(C8,"?","~?"),"*","~*"))-1)&" supporting pages","")) | J8: =IF(B8="Pillar","Informational",IF(OR(B8="Cluster",B8="Supporting"),INDEX(Attributes!$D$3:$D$52,Q8)&"","")) | K8: =IF(B8="","",IF(B8="Pillar","Pillar guide (entity hub)",IF(B8="Cluster","Hub page for this attribute",IF(INDEX(Values!$C$3:$C$502,P8)="Yes","Entity page (profile of the sub-entity)",IFERROR(INDEX(Lists!$B$3:$B$6,MATCH(J8,Lists!$A$3:$A$6,0)),"Article"))))) | L8: =IF(B8="Pillar",Entity!$B$6&"",IF(B8="Cluster",INDEX(Attributes!$I$3:$I$52,Q8)&"",IF(B8="Supporting",INDEX(Values!$F$3:$F$502,P8)&"",""))) | M8: =IF(B8="","",IF(L8<>"","Covered","Gap")) | N8: =IF(B8="Pillar",SUMIFS(Values!$E$3:$E$502,Values!$I$3:$I$502,"Yes"),IF(B8="Cluster",SUMIFS(Values!$E$3:$E$502,Values!$A$3:$A$502,SUBSTITUTE(SUBSTITUTE(C8,"?","~?"),"*","~*"),Values!$I$3:$I$502,"Yes"),IF(B8="Supporting",N(INDEX(Values!$E$3:$E$502,P8)),""))) | O8: =IF(B8="","",IF(B8="Pillar",100,IF(B8="Cluster",N(INDEX(Attributes!$E$3:$E$52,Q8))*25+IF(M8="Gap",10,0),N(INDEX(Attributes!$E$3:$E$52,Q8))*20+MIN(20,ROUND(LOG10(N(N8)+1)*5,0))+IF(M8="Gap",10,0)+IF(INDEX(Values!$D$3:$D$502,P8)="Yes",5,0)))) | P8: =IF(B8="Supporting",MATCH(A8-1-Entity!$B$14,Values!$J$3:$J$502,0),"") | Q8: =IF(C8="","",MATCH(C8,Attributes!$A$3:$A$52,0)) | R8: =IF(B8="Pillar",SUBSTITUTE(Entity!$B$7,"{entity}",LOWER(Entity!$B$3)),IF(B8="Cluster",IF(INDEX(Attributes!$G$3:$G$52,Q8)<>"",INDEX(Attributes!$G$3:$G$52,Q8),SUBSTITUTE(SUBSTITUTE(Entity!$B$8,"{entity}",LOWER(Entity!$B$3)),"{attribute}",LOWER(C8))),IF(B8="Supporting",SUBSTITUTE(SUBSTITUTE(SUBSTITUTE(IF(INDEX(Attributes!$H$3:$H$52,Q8)<>"",INDEX(Attributes!$H$3:$H$52,Q8),Entity!$B$9),"{entity}",LOWER(Entity!$B$3)),"{value}",D8),"{attribute}",LOWER(C8)),"")))
A9: =ROW()-2 | B9: =IF(A9=1,"Pillar",IF(A9<=1+Entity!$B$14,"Cluster",IF(A9<=1+Entity!$B$14+Entity!$B$15,"Supporting",""))) | C9: =IF(B9="Cluster",INDEX(Attributes!$A$3:$A$52,MATCH(A9-1,Attributes!$P$3:$P$52,0)),IF(B9="Supporting",INDEX(Values!$A$3:$A$502,P9),"")) | D9: =IF(B9="Supporting",INDEX(Values!$B$3:$B$502,P9),"") | E9: =IF(R9="","",UPPER(LEFT(R9,1))&MID(R9,2,500)) | F9: =IF(E9="","",LOWER(SUBSTITUTE(SUBSTITUTE(SUBSTITUTE(SUBSTITUTE(SUBSTITUTE(SUBSTITUTE(SUBSTITUTE(TRIM(E9),":",""),",",""),"'",""),"&","and"),"£","")," "," ")," ","-"))) | G9: =IF(B9="Cluster",$E$3,IF(B9="Supporting",INDEX($E$3:$E$553,MATCH(C9,$C$3:$C$553,0)),"")) | H9: =IF(B9="Supporting",IFERROR(INDEX($E$3:$E$553,1+Entity!$B$14+INDEX(Values!$O$3:$O$502,P9)),""),IF(B9="Cluster",IF(Entity!$B$14<2,"",INDEX($E$3:$E$553,IF(A9-1=Entity!$B$14,2,A9+1))),"")) | I9: =IF(B9="Pillar",Entity!$B$14&" cluster pages",IF(B9="Cluster",(COUNTIF($C$3:$C$553,SUBSTITUTE(SUBSTITUTE(C9,"?","~?"),"*","~*"))-1)&" supporting pages","")) | J9: =IF(B9="Pillar","Informational",IF(OR(B9="Cluster",B9="Supporting"),INDEX(Attributes!$D$3:$D$52,Q9)&"","")) | K9: =IF(B9="","",IF(B9="Pillar","Pillar guide (entity hub)",IF(B9="Cluster","Hub page for this attribute",IF(INDEX(Values!$C$3:$C$502,P9)="Yes","Entity page (profile of the sub-entity)",IFERROR(INDEX(Lists!$B$3:$B$6,MATCH(J9,Lists!$A$3:$A$6,0)),"Article"))))) | L9: =IF(B9="Pillar",Entity!$B$6&"",IF(B9="Cluster",INDEX(Attributes!$I$3:$I$52,Q9)&"",IF(B9="Supporting",INDEX(Values!$F$3:$F$502,P9)&"",""))) | M9: =IF(B9="","",IF(L9<>"","Covered","Gap")) | N9: =IF(B9="Pillar",SUMIFS(Values!$E$3:$E$502,Values!$I$3:$I$502,"Yes"),IF(B9="Cluster",SUMIFS(Values!$E$3:$E$502,Values!$A$3:$A$502,SUBSTITUTE(SUBSTITUTE(C9,"?","~?"),"*","~*"),Values!$I$3:$I$502,"Yes"),IF(B9="Supporting",N(INDEX(Values!$E$3:$E$502,P9)),""))) | O9: =IF(B9="","",IF(B9="Pillar",100,IF(B9="Cluster",N(INDEX(Attributes!$E$3:$E$52,Q9))*25+IF(M9="Gap",10,0),N(INDEX(Attributes!$E$3:$E$52,Q9))*20+MIN(20,ROUND(LOG10(N(N9)+1)*5,0))+IF(M9="Gap",10,0)+IF(INDEX(Values!$D$3:$D$502,P9)="Yes",5,0)))) | P9: =IF(B9="Supporting",MATCH(A9-1-Entity!$B$14,Values!$J$3:$J$502,0),"") | Q9: =IF(C9="","",MATCH(C9,Attributes!$A$3:$A$52,0)) | R9: =IF(B9="Pillar",SUBSTITUTE(Entity!$B$7,"{entity}",LOWER(Entity!$B$3)),IF(B9="Cluster",IF(INDEX(Attributes!$G$3:$G$52,Q9)<>"",INDEX(Attributes!$G$3:$G$52,Q9),SUBSTITUTE(SUBSTITUTE(Entity!$B$8,"{entity}",LOWER(Entity!$B$3)),"{attribute}",LOWER(C9))),IF(B9="Supporting",SUBSTITUTE(SUBSTITUTE(SUBSTITUTE(IF(INDEX(Attributes!$H$3:$H$52,Q9)<>"",INDEX(Attributes!$H$3:$H$52,Q9),Entity!$B$9),"{entity}",LOWER(Entity!$B$3)),"{value}",D9),"{attribute}",LOWER(C9)),"")))
A10: =ROW()-2 | B10: =IF(A10=1,"Pillar",IF(A10<=1+Entity!$B$14,"Cluster",IF(A10<=1+Entity!$B$14+Entity!$B$15,"Supporting",""))) | C10: =IF(B10="Cluster",INDEX(Attributes!$A$3:$A$52,MATCH(A10-1,Attributes!$P$3:$P$52,0)),IF(B10="Supporting",INDEX(Values!$A$3:$A$502,P10),"")) | D10: =IF(B10="Supporting",INDEX(Values!$B$3:$B$502,P10),"") | E10: =IF(R10="","",UPPER(LEFT(R10,1))&MID(R10,2,500)) | F10: =IF(E10="","",LOWER(SUBSTITUTE(SUBSTITUTE(SUBSTITUTE(SUBSTITUTE(SUBSTITUTE(SUBSTITUTE(SUBSTITUTE(TRIM(E10),":",""),",",""),"'",""),"&","and"),"£","")," "," ")," ","-"))) | G10: =IF(B10="Cluster",$E$3,IF(B10="Supporting",INDEX($E$3:$E$553,MATCH(C10,$C$3:$C$553,0)),"")) | H10: =IF(B10="Supporting",IFERROR(INDEX($E$3:$E$553,1+Entity!$B$14+INDEX(Values!$O$3:$O$502,P10)),""),IF(B10="Cluster",IF(Entity!$B$14<2,"",INDEX($E$3:$E$553,IF(A10-1=Entity!$B$14,2,A10+1))),"")) | I10: =IF(B10="Pillar",Entity!$B$14&" cluster pages",IF(B10="Cluster",(COUNTIF($C$3:$C$553,SUBSTITUTE(SUBSTITUTE(C10,"?","~?"),"*","~*"))-1)&" supporting pages","")) | J10: =IF(B10="Pillar","Informational",IF(OR(B10="Cluster",B10="Supporting"),INDEX(Attributes!$D$3:$D$52,Q10)&"","")) | K10: =IF(B10="","",IF(B10="Pillar","Pillar guide (entity hub)",IF(B10="Cluster","Hub page for this attribute",IF(INDEX(Values!$C$3:$C$502,P10)="Yes","Entity page (profile of the sub-entity)",IFERROR(INDEX(Lists!$B$3:$B$6,MATCH(J10,Lists!$A$3:$A$6,0)),"Article"))))) | L10: =IF(B10="Pillar",Entity!$B$6&"",IF(B10="Cluster",INDEX(Attributes!$I$3:$I$52,Q10)&"",IF(B10="Supporting",INDEX(Values!$F$3:$F$502,P10)&"",""))) | M10: =IF(B10="","",IF(L10<>"","Covered","Gap")) | N10: =IF(B10="Pillar",SUMIFS(Values!$E$3:$E$502,Values!$I$3:$I$502,"Yes"),IF(B10="Cluster",SUMIFS(Values!$E$3:$E$502,Values!$A$3:$A$502,SUBSTITUTE(SUBSTITUTE(C10,"?","~?"),"*","~*"),Values!$I$3:$I$502,"Yes"),IF(B10="Supporting",N(INDEX(Values!$E$3:$E$502,P10)),""))) | O10: =IF(B10="","",IF(B10="Pillar",100,IF(B10="Cluster",N(INDEX(Attributes!$E$3:$E$52,Q10))*25+IF(M10="Gap",10,0),N(INDEX(Attributes!$E$3:$E$52,Q10))*20+MIN(20,ROUND(LOG10(N(N10)+1)*5,0))+IF(M10="Gap",10,0)+IF(INDEX(Values!$D$3:$D$502,P10)="Yes",5,0)))) | P10: =IF(B10="Supporting",MATCH(A10-1-Entity!$B$14,Values!$J$3:$J$502,0),"") | Q10: =IF(C10="","",MATCH(C10,Attributes!$A$3:$A$52,0)) | R10: =IF(B10="Pillar",SUBSTITUTE(Entity!$B$7,"{entity}",LOWER(Entity!$B$3)),IF(B10="Cluster",IF(INDEX(Attributes!$G$3:$G$52,Q10)<>"",INDEX(Attributes!$G$3:$G$52,Q10),SUBSTITUTE(SUBSTITUTE(Entity!$B$8,"{entity}",LOWER(Entity!$B$3)),"{attribute}",LOWER(C10))),IF(B10="Supporting",SUBSTITUTE(SUBSTITUTE(SUBSTITUTE(IF(INDEX(Attributes!$H$3:$H$52,Q10)<>"",INDEX(Attributes!$H$3:$H$52,Q10),Entity!$B$9),"{entity}",LOWER(Entity!$B$3)),"{value}",D10),"{attribute}",LOWER(C10)),"")))
A11: =ROW()-2 | B11: =IF(A11=1,"Pillar",IF(A11<=1+Entity!$B$14,"Cluster",IF(A11<=1+Entity!$B$14+Entity!$B$15,"Supporting",""))) | C11: =IF(B11="Cluster",INDEX(Attributes!$A$3:$A$52,MATCH(A11-1,Attributes!$P$3:$P$52,0)),IF(B11="Supporting",INDEX(Values!$A$3:$A$502,P11),"")) | D11: =IF(B11="Supporting",INDEX(Values!$B$3:$B$502,P11),"") | E11: =IF(R11="","",UPPER(LEFT(R11,1))&MID(R11,2,500)) | F11: =IF(E11="","",LOWER(SUBSTITUTE(SUBSTITUTE(SUBSTITUTE(SUBSTITUTE(SUBSTITUTE(SUBSTITUTE(SUBSTITUTE(TRIM(E11),":",""),",",""),"'",""),"&","and"),"£","")," "," ")," ","-"))) | G11: =IF(B11="Cluster",$E$3,IF(B11="Supporting",INDEX($E$3:$E$553,MATCH(C11,$C$3:$C$553,0)),"")) | H11: =IF(B11="Supporting",IFERROR(INDEX($E$3:$E$553,1+Entity!$B$14+INDEX(Values!$O$3:$O$502,P11)),""),IF(B11="Cluster",IF(Entity!$B$14<2,"",INDEX($E$3:$E$553,IF(A11-1=Entity!$B$14,2,A11+1))),"")) | I11: =IF(B11="Pillar",Entity!$B$14&" cluster pages",IF(B11="Cluster",(COUNTIF($C$3:$C$553,SUBSTITUTE(SUBSTITUTE(C11,"?","~?"),"*","~*"))-1)&" supporting pages","")) | J11: =IF(B11="Pillar","Informational",IF(OR(B11="Cluster",B11="Supporting"),INDEX(Attributes!$D$3:$D$52,Q11)&"","")) | K11: =IF(B11="","",IF(B11="Pillar","Pillar guide (entity hub)",IF(B11="Cluster","Hub page for this attribute",IF(INDEX(Values!$C$3:$C$502,P11)="Yes","Entity page (profile of the sub-entity)",IFERROR(INDEX(Lists!$B$3:$B$6,MATCH(J11,Lists!$A$3:$A$6,0)),"Article"))))) | L11: =IF(B11="Pillar",Entity!$B$6&"",IF(B11="Cluster",INDEX(Attributes!$I$3:$I$52,Q11)&"",IF(B11="Supporting",INDEX(Values!$F$3:$F$502,P11)&"",""))) | M11: =IF(B11="","",IF(L11<>"","Covered","Gap")) | N11: =IF(B11="Pillar",SUMIFS(Values!$E$3:$E$502,Values!$I$3:$I$502,"Yes"),IF(B11="Cluster",SUMIFS(Values!$E$3:$E$502,Values!$A$3:$A$502,SUBSTITUTE(SUBSTITUTE(C11,"?","~?"),"*","~*"),Values!$I$3:$I$502,"Yes"),IF(B11="Supporting",N(INDEX(Values!$E$3:$E$502,P11)),""))) | O11: =IF(B11="","",IF(B11="Pillar",100,IF(B11="Cluster",N(INDEX(Attributes!$E$3:$E$52,Q11))*25+IF(M11="Gap",10,0),N(INDEX(Attributes!$E$3:$E$52,Q11))*20+MIN(20,ROUND(LOG10(N(N11)+1)*5,0))+IF(M11="Gap",10,0)+IF(INDEX(Values!$D$3:$D$502,P11)="Yes",5,0)))) | P11: =IF(B11="Supporting",MATCH(A11-1-Entity!$B$14,Values!$J$3:$J$502,0),"") | Q11: =IF(C11="","",MATCH(C11,Attributes!$A$3:$A$52,0)) | R11: =IF(B11="Pillar",SUBSTITUTE(Entity!$B$7,"{entity}",LOWER(Entity!$B$3)),IF(B11="Cluster",IF(INDEX(Attributes!$G$3:$G$52,Q11)<>"",INDEX(Attributes!$G$3:$G$52,Q11),SUBSTITUTE(SUBSTITUTE(Entity!$B$8,"{entity}",LOWER(Entity!$B$3)),"{attribute}",LOWER(C11))),IF(B11="Supporting",SUBSTITUTE(SUBSTITUTE(SUBSTITUTE(IF(INDEX(Attributes!$H$3:$H$52,Q11)<>"",INDEX(Attributes!$H$3:$H$52,Q11),Entity!$B$9),"{entity}",LOWER(Entity!$B$3)),"{value}",D11),"{attribute}",LOWER(C11)),"")))
A12: =ROW()-2 | B12: =IF(A12=1,"Pillar",IF(A12<=1+Entity!$B$14,"Cluster",IF(A12<=1+Entity!$B$14+Entity!$B$15,"Supporting",""))) | C12: =IF(B12="Cluster",INDEX(Attributes!$A$3:$A$52,MATCH(A12-1,Attributes!$P$3:$P$52,0)),IF(B12="Supporting",INDEX(Values!$A$3:$A$502,P12),"")) | D12: =IF(B12="Supporting",INDEX(Values!$B$3:$B$502,P12),"") | E12: =IF(R12="","",UPPER(LEFT(R12,1))&MID(R12,2,500)) | F12: =IF(E12="","",LOWER(SUBSTITUTE(SUBSTITUTE(SUBSTITUTE(SUBSTITUTE(SUBSTITUTE(SUBSTITUTE(SUBSTITUTE(TRIM(E12),":",""),",",""),"'",""),"&","and"),"£","")," "," ")," ","-"))) | G12: =IF(B12="Cluster",$E$3,IF(B12="Supporting",INDEX($E$3:$E$553,MATCH(C12,$C$3:$C$553,0)),"")) | H12: =IF(B12="Supporting",IFERROR(INDEX($E$3:$E$553,1+Entity!$B$14+INDEX(Values!$O$3:$O$502,P12)),""),IF(B12="Cluster",IF(Entity!$B$14<2,"",INDEX($E$3:$E$553,IF(A12-1=Entity!$B$14,2,A12+1))),"")) | I12: =IF(B12="Pillar",Entity!$B$14&" cluster pages",IF(B12="Cluster",(COUNTIF($C$3:$C$553,SUBSTITUTE(SUBSTITUTE(C12,"?","~?"),"*","~*"))-1)&" supporting pages","")) | J12: =IF(B12="Pillar","Informational",IF(OR(B12="Cluster",B12="Supporting"),INDEX(Attributes!$D$3:$D$52,Q12)&"","")) | K12: =IF(B12="","",IF(B12="Pillar","Pillar guide (entity hub)",IF(B12="Cluster","Hub page for this attribute",IF(INDEX(Values!$C$3:$C$502,P12)="Yes","Entity page (profile of the sub-entity)",IFERROR(INDEX(Lists!$B$3:$B$6,MATCH(J12,Lists!$A$3:$A$6,0)),"Article"))))) | L12: =IF(B12="Pillar",Entity!$B$6&"",IF(B12="Cluster",INDEX(Attributes!$I$3:$I$52,Q12)&"",IF(B12="Supporting",INDEX(Values!$F$3:$F$502,P12)&"",""))) | M12: =IF(B12="","",IF(L12<>"","Covered","Gap")) | N12: =IF(B12="Pillar",SUMIFS(Values!$E$3:$E$502,Values!$I$3:$I$502,"Yes"),IF(B12="Cluster",SUMIFS(Values!$E$3:$E$502,Values!$A$3:$A$502,SUBSTITUTE(SUBSTITUTE(C12,"?","~?"),"*","~*"),Values!$I$3:$I$502,"Yes"),IF(B12="Supporting",N(INDEX(Values!$E$3:$E$502,P12)),""))) | O12: =IF(B12="","",IF(B12="Pillar",100,IF(B12="Cluster",N(INDEX(Attributes!$E$3:$E$52,Q12))*25+IF(M12="Gap",10,0),N(INDEX(Attributes!$E$3:$E$52,Q12))*20+MIN(20,ROUND(LOG10(N(N12)+1)*5,0))+IF(M12="Gap",10,0)+IF(INDEX(Values!$D$3:$D$502,P12)="Yes",5,0)))) | P12: =IF(B12="Supporting",MATCH(A12-1-Entity!$B$14,Values!$J$3:$J$502,0),"") | Q12: =IF(C12="","",MATCH(C12,Attributes!$A$3:$A$52,0)) | R12: =IF(B12="Pillar",SUBSTITUTE(Entity!$B$7,"{entity}",LOWER(Entity!$B$3)),IF(B12="Cluster",IF(INDEX(Attributes!$G$3:$G$52,Q12)<>"",INDEX(Attributes!$G$3:$G$52,Q12),SUBSTITUTE(SUBSTITUTE(Entity!$B$8,"{entity}",LOWER(Entity!$B$3)),"{attribute}",LOWER(C12))),IF(B12="Supporting",SUBSTITUTE(SUBSTITUTE(SUBSTITUTE(IF(INDEX(Attributes!$H$3:$H$52,Q12)<>"",INDEX(Attributes!$H$3:$H$52,Q12),Entity!$B$9),"{entity}",LOWER(Entity!$B$3)),"{value}",D12),"{attribute}",LOWER(C12)),"")))
A13: =ROW()-2 | B13: =IF(A13=1,"Pillar",IF(A13<=1+Entity!$B$14,"Cluster",IF(A13<=1+Entity!$B$14+Entity!$B$15,"Supporting",""))) | C13: =IF(B13="Cluster",INDEX(Attributes!$A$3:$A$52,MATCH(A13-1,Attributes!$P$3:$P$52,0)),IF(B13="Supporting",INDEX(Values!$A$3:$A$502,P13),"")) | D13: =IF(B13="Supporting",INDEX(Values!$B$3:$B$502,P13),"") | E13: =IF(R13="","",UPPER(LEFT(R13,1))&MID(R13,2,500)) | F13: =IF(E13="","",LOWER(SUBSTITUTE(SUBSTITUTE(SUBSTITUTE(SUBSTITUTE(SUBSTITUTE(SUBSTITUTE(SUBSTITUTE(TRIM(E13),":",""),",",""),"'",""),"&","and"),"£","")," "," ")," ","-"))) | G13: =IF(B13="Cluster",$E$3,IF(B13="Supporting",INDEX($E$3:$E$553,MATCH(C13,$C$3:$C$553,0)),"")) | H13: =IF(B13="Supporting",IFERROR(INDEX($E$3:$E$553,1+Entity!$B$14+INDEX(Values!$O$3:$O$502,P13)),""),IF(B13="Cluster",IF(Entity!$B$14<2,"",INDEX($E$3:$E$553,IF(A13-1=Entity!$B$14,2,A13+1))),"")) | I13: =IF(B13="Pillar",Entity!$B$14&" cluster pages",IF(B13="Cluster",(COUNTIF($C$3:$C$553,SUBSTITUTE(SUBSTITUTE(C13,"?","~?"),"*","~*"))-1)&" supporting pages","")) | J13: =IF(B13="Pillar","Informational",IF(OR(B13="Cluster",B13="Supporting"),INDEX(Attributes!$D$3:$D$52,Q13)&"","")) | K13: =IF(B13="","",IF(B13="Pillar","Pillar guide (entity hub)",IF(B13="Cluster","Hub page for this attribute",IF(INDEX(Values!$C$3:$C$502,P13)="Yes","Entity page (profile of the sub-entity)",IFERROR(INDEX(Lists!$B$3:$B$6,MATCH(J13,Lists!$A$3:$A$6,0)),"Article"))))) | L13: =IF(B13="Pillar",Entity!$B$6&"",IF(B13="Cluster",INDEX(Attributes!$I$3:$I$52,Q13)&"",IF(B13="Supporting",INDEX(Values!$F$3:$F$502,P13)&"",""))) | M13: =IF(B13="","",IF(L13<>"","Covered","Gap")) | N13: =IF(B13="Pillar",SUMIFS(Values!$E$3:$E$502,Values!$I$3:$I$502,"Yes"),IF(B13="Cluster",SUMIFS(Values!$E$3:$E$502,Values!$A$3:$A$502,SUBSTITUTE(SUBSTITUTE(C13,"?","~?"),"*","~*"),Values!$I$3:$I$502,"Yes"),IF(B13="Supporting",N(INDEX(Values!$E$3:$E$502,P13)),""))) | O13: =IF(B13="","",IF(B13="Pillar",100,IF(B13="Cluster",N(INDEX(Attributes!$E$3:$E$52,Q13))*25+IF(M13="Gap",10,0),N(INDEX(Attributes!$E$3:$E$52,Q13))*20+MIN(20,ROUND(LOG10(N(N13)+1)*5,0))+IF(M13="Gap",10,0)+IF(INDEX(Values!$D$3:$D$502,P13)="Yes",5,0)))) | P13: =IF(B13="Supporting",MATCH(A13-1-Entity!$B$14,Values!$J$3:$J$502,0),"") | Q13: =IF(C13="","",MATCH(C13,Attributes!$A$3:$A$52,0)) | R13: =IF(B13="Pillar",SUBSTITUTE(Entity!$B$7,"{entity}",LOWER(Entity!$B$3)),IF(B13="Cluster",IF(INDEX(Attributes!$G$3:$G$52,Q13)<>"",INDEX(Attributes!$G$3:$G$52,Q13),SUBSTITUTE(SUBSTITUTE(Entity!$B$8,"{entity}",LOWER(Entity!$B$3)),"{attribute}",LOWER(C13))),IF(B13="Supporting",SUBSTITUTE(SUBSTITUTE(SUBSTITUTE(IF(INDEX(Attributes!$H$3:$H$52,Q13)<>"",INDEX(Attributes!$H$3:$H$52,Q13),Entity!$B$9),"{entity}",LOWER(Entity!$B$3)),"{value}",D13),"{attribute}",LOWER(C13)),"")))
A14: =ROW()-2 | B14: =IF(A14=1,"Pillar",IF(A14<=1+Entity!$B$14,"Cluster",IF(A14<=1+Entity!$B$14+Entity!$B$15,"Supporting",""))) | C14: =IF(B14="Cluster",INDEX(Attributes!$A$3:$A$52,MATCH(A14-1,Attributes!$P$3:$P$52,0)),IF(B14="Supporting",INDEX(Values!$A$3:$A$502,P14),"")) | D14: =IF(B14="Supporting",INDEX(Values!$B$3:$B$502,P14),"") | E14: =IF(R14="","",UPPER(LEFT(R14,1))&MID(R14,2,500)) | F14: =IF(E14="","",LOWER(SUBSTITUTE(SUBSTITUTE(SUBSTITUTE(SUBSTITUTE(SUBSTITUTE(SUBSTITUTE(SUBSTITUTE(TRIM(E14),":",""),",",""),"'",""),"&","and"),"£","")," "," ")," ","-"))) | G14: =IF(B14="Cluster",$E$3,IF(B14="Supporting",INDEX($E$3:$E$553,MATCH(C14,$C$3:$C$553,0)),"")) | H14: =IF(B14="Supporting",IFERROR(INDEX($E$3:$E$553,1+Entity!$B$14+INDEX(Values!$O$3:$O$502,P14)),""),IF(B14="Cluster",IF(Entity!$B$14<2,"",INDEX($E$3:$E$553,IF(A14-1=Entity!$B$14,2,A14+1))),"")) | I14: =IF(B14="Pillar",Entity!$B$14&" cluster pages",IF(B14="Cluster",(COUNTIF($C$3:$C$553,SUBSTITUTE(SUBSTITUTE(C14,"?","~?"),"*","~*"))-1)&" supporting pages","")) | J14: =IF(B14="Pillar","Informational",IF(OR(B14="Cluster",B14="Supporting"),INDEX(Attributes!$D$3:$D$52,Q14)&"","")) | K14: =IF(B14="","",IF(B14="Pillar","Pillar guide (entity hub)",IF(B14="Cluster","Hub page for this attribute",IF(INDEX(Values!$C$3:$C$502,P14)="Yes","Entity page (profile of the sub-entity)",IFERROR(INDEX(Lists!$B$3:$B$6,MATCH(J14,Lists!$A$3:$A$6,0)),"Article"))))) | L14: =IF(B14="Pillar",Entity!$B$6&"",IF(B14="Cluster",INDEX(Attributes!$I$3:$I$52,Q14)&"",IF(B14="Supporting",INDEX(Values!$F$3:$F$502,P14)&"",""))) | M14: =IF(B14="","",IF(L14<>"","Covered","Gap")) | N14: =IF(B14="Pillar",SUMIFS(Values!$E$3:$E$502,Values!$I$3:$I$502,"Yes"),IF(B14="Cluster",SUMIFS(Values!$E$3:$E$502,Values!$A$3:$A$502,SUBSTITUTE(SUBSTITUTE(C14,"?","~?"),"*","~*"),Values!$I$3:$I$502,"Yes"),IF(B14="Supporting",N(INDEX(Values!$E$3:$E$502,P14)),""))) | O14: =IF(B14="","",IF(B14="Pillar",100,IF(B14="Cluster",N(INDEX(Attributes!$E$3:$E$52,Q14))*25+IF(M14="Gap",10,0),N(INDEX(Attributes!$E$3:$E$52,Q14))*20+MIN(20,ROUND(LOG10(N(N14)+1)*5,0))+IF(M14="Gap",10,0)+IF(INDEX(Values!$D$3:$D$502,P14)="Yes",5,0)))) | P14: =IF(B14="Supporting",MATCH(A14-1-Entity!$B$14,Values!$J$3:$J$502,0),"") | Q14: =IF(C14="","",MATCH(C14,Attributes!$A$3:$A$52,0)) | R14: =IF(B14="Pillar",SUBSTITUTE(Entity!$B$7,"{entity}",LOWER(Entity!$B$3)),IF(B14="Cluster",IF(INDEX(Attributes!$G$3:$G$52,Q14)<>"",INDEX(Attributes!$G$3:$G$52,Q14),SUBSTITUTE(SUBSTITUTE(Entity!$B$8,"{entity}",LOWER(Entity!$B$3)),"{attribute}",LOWER(C14))),IF(B14="Supporting",SUBSTITUTE(SUBSTITUTE(SUBSTITUTE(IF(INDEX(Attributes!$H$3:$H$52,Q14)<>"",INDEX(Attributes!$H$3:$H$52,Q14),Entity!$B$9),"{entity}",LOWER(Entity!$B$3)),"{value}",D14),"{attribute}",LOWER(C14)),"")))
... A553: =ROW()-2 | B553: =IF(A553=1,"Pillar",IF(A553<=1+Entity!$B$14,"Cluster",IF(A553<=1+Entity!$B$14+Entity!$B$15,"Supporting",""))) | C553: =IF(B553="Cluster",INDEX(Attributes!$A$3:$A$52,MATCH(A553-1,Attributes!$P$3:$P$52,0)),IF(B553="Supporting",INDEX(Values!$A$3:$A$502,P553),"")) | D553: =IF(B553="Supporting",INDEX(Values!$B$3:$B$502,P553),"") | E553: =IF(R553="","",UPPER(LEFT(R553,1))&MID(R553,2,500)) | F553: =IF(E553="","",LOWER(SUBSTITUTE(SUBSTITUTE(SUBSTITUTE(SUBSTITUTE(SUBSTITUTE(SUBSTITUTE(SUBSTITUTE(TRIM(E553),":",""),",",""),"'",""),"&","and"),"£","")," "," ")," ","-"))) | G553: =IF(B553="Cluster",$E$3,IF(B553="Supporting",INDEX($E$3:$E$553,MATCH(C553,$C$3:$C$553,0)),"")) | H553: =IF(B553="Supporting",IFERROR(INDEX($E$3:$E$553,1+Entity!$B$14+INDEX(Values!$O$3:$O$502,P553)),""),IF(B553="Cluster",IF(Entity!$B$14<2,"",INDEX($E$3:$E$553,IF(A553-1=Entity!$B$14,2,A553+1))),"")) | I553: =IF(B553="Pillar",Entity!$B$14&" cluster pages",IF(B553="Cluster",(COUNTIF($C$3:$C$553,SUBSTITUTE(SUBSTITUTE(C553,"?","~?"),"*","~*"))-1)&" supporting pages","")) | J553: =IF(B553="Pillar","Informational",IF(OR(B553="Cluster",B553="Supporting"),INDEX(Attributes!$D$3:$D$52,Q553)&"","")) | K553: =IF(B553="","",IF(B553="Pillar","Pillar guide (entity hub)",IF(B553="Cluster","Hub page for this attribute",IF(INDEX(Values!$C$3:$C$502,P553)="Yes","Entity page (profile of the sub-entity)",IFERROR(INDEX(Lists!$B$3:$B$6,MATCH(J553,Lists!$A$3:$A$6,0)),"Article"))))) | L553: =IF(B553="Pillar",Entity!$B$6&"",IF(B553="Cluster",INDEX(Attributes!$I$3:$I$52,Q553)&"",IF(B553="Supporting",INDEX(Values!$F$3:$F$502,P553)&"",""))) | M553: =IF(B553="","",IF(L553<>"","Covered","Gap")) | N553: =IF(B553="Pillar",SUMIFS(Values!$E$3:$E$502,Values!$I$3:$I$502,"Yes"),IF(B553="Cluster",SUMIFS(Values!$E$3:$E$502,Values!$A$3:$A$502,SUBSTITUTE(SUBSTITUTE(C553,"?","~?"),"*","~*"),Values!$I$3:$I$502,"Yes"),IF(B553="Supporting",N(INDEX(Values!$E$3:$E$502,P553)),""))) | O553: =IF(B553="","",IF(B553="Pillar",100,IF(B553="Cluster",N(INDEX(Attributes!$E$3:$E$52,Q553))*25+IF(M553="Gap",10,0),N(INDEX(Attributes!$E$3:$E$52,Q553))*20+MIN(20,ROUND(LOG10(N(N553)+1)*5,0))+IF(M553="Gap",10,0)+IF(INDEX(Values!$D$3:$D$502,P553)="Yes",5,0)))) | P553: =IF(B553="Supporting",MATCH(A553-1-Entity!$B$14,Values!$J$3:$J$502,0),"") | Q553: =IF(C553="","",MATCH(C553,Attributes!$A$3:$A$52,0)) | R553: =IF(B553="Pillar",SUBSTITUTE(Entity!$B$7,"{entity}",LOWER(Entity!$B$3)),IF(B553="Cluster",IF(INDEX(Attributes!$G$3:$G$52,Q553)<>"",INDEX(Attributes!$G$3:$G$52,Q553),SUBSTITUTE(SUBSTITUTE(Entity!$B$8,"{entity}",LOWER(Entity!$B$3)),"{attribute}",LOWER(C553))),IF(B553="Supporting",SUBSTITUTE(SUBSTITUTE(SUBSTITUTE(IF(INDEX(Attributes!$H$3:$H$52,Q553)<>"",INDEX(Attributes!$H$3:$H$52,Q553),Entity!$B$9),"{entity}",LOWER(Entity!$B$3)),"{value}",D553),"{attribute}",LOWER(C553)),"")))

Sheet Combinations
A1: 5. Combinations: two attributes crossed (long-tail ideas)
A2: Pick two finite attributes. Copy the combinations worth a page into your brief or back into Values.
A3: Attribute A (rows) | B3: Terrain
A4: Attribute B (columns) | B4: Foot type
A5: Title pattern | B5: {a} {entity} for {b}
A6: =IF(OR(IFERROR(INDEX(Attributes!$B$3:$B$52,MATCH(B3,Attributes!$A$3:$A$52,0)),"")="Infinite",IFERROR(INDEX(Attributes!$B$3:$B$52,MATCH(B4,Attributes!$A$3:$A$52,0)),"")="Infinite"),"Warning: an infinite attribute never runs out of combinations. Pick finite ones.","")
A8: A \ B | B8: =IFERROR(INDEX(Values!$B$3:$B$502,MATCH($B$4&"|"&1,Values!$L$3:$L$502,0)),"") | C8: =IFERROR(INDEX(Values!$B$3:$B$502,MATCH($B$4&"|"&2,Values!$L$3:$L$502,0)),"") | D8: =IFERROR(INDEX(Values!$B$3:$B$502,MATCH($B$4&"|"&3,Values!$L$3:$L$502,0)),"") | E8: =IFERROR(INDEX(Values!$B$3:$B$502,MATCH($B$4&"|"&4,Values!$L$3:$L$502,0)),"") | F8: =IFERROR(INDEX(Values!$B$3:$B$502,MATCH($B$4&"|"&5,Values!$L$3:$L$502,0)),"") | G8: =IFERROR(INDEX(Values!$B$3:$B$502,MATCH($B$4&"|"&6,Values!$L$3:$L$502,0)),"") | H8: =IFERROR(INDEX(Values!$B$3:$B$502,MATCH($B$4&"|"&7,Values!$L$3:$L$502,0)),"") | I8: =IFERROR(INDEX(Values!$B$3:$B$502,MATCH($B$4&"|"&8,Values!$L$3:$L$502,0)),"") | J8: =IFERROR(INDEX(Values!$B$3:$B$502,MATCH($B$4&"|"&9,Values!$L$3:$L$502,0)),"") | K8: =IFERROR(INDEX(Values!$B$3:$B$502,MATCH($B$4&"|"&10,Values!$L$3:$L$502,0)),"")
A9: =IFERROR(INDEX(Values!$B$3:$B$502,MATCH($B$3&"|"&1,Values!$L$3:$L$502,0)),"") | B9: =IF(OR($A9="",B$8=""),"",UPPER(LEFT(SUBSTITUTE(SUBSTITUTE(SUBSTITUTE($B$5,"{a}",$A9),"{b}",B$8),"{entity}",LOWER(Entity!$B$3)),1))&MID(SUBSTITUTE(SUBSTITUTE(SUBSTITUTE($B$5,"{a}",$A9),"{b}",B$8),"{entity}",LOWER(Entity!$B$3)),2,300)) | C9: =IF(OR($A9="",C$8=""),"",UPPER(LEFT(SUBSTITUTE(SUBSTITUTE(SUBSTITUTE($B$5,"{a}",$A9),"{b}",C$8),"{entity}",LOWER(Entity!$B$3)),1))&MID(SUBSTITUTE(SUBSTITUTE(SUBSTITUTE($B$5,"{a}",$A9),"{b}",C$8),"{entity}",LOWER(Entity!$B$3)),2,300)) | D9: =IF(OR($A9="",D$8=""),"",UPPER(LEFT(SUBSTITUTE(SUBSTITUTE(SUBSTITUTE($B$5,"{a}",$A9),"{b}",D$8),"{entity}",LOWER(Entity!$B$3)),1))&MID(SUBSTITUTE(SUBSTITUTE(SUBSTITUTE($B$5,"{a}",$A9),"{b}",D$8),"{entity}",LOWER(Entity!$B$3)),2,300)) | E9: =IF(OR($A9="",E$8=""),"",UPPER(LEFT(SUBSTITUTE(SUBSTITUTE(SUBSTITUTE($B$5,"{a}",$A9),"{b}",E$8),"{entity}",LOWER(Entity!$B$3)),1))&MID(SUBSTITUTE(SUBSTITUTE(SUBSTITUTE($B$5,"{a}",$A9),"{b}",E$8),"{entity}",LOWER(Entity!$B$3)),2,300)) | F9: =IF(OR($A9="",F$8=""),"",UPPER(LEFT(SUBSTITUTE(SUBSTITUTE(SUBSTITUTE($B$5,"{a}",$A9),"{b}",F$8),"{entity}",LOWER(Entity!$B$3)),1))&MID(SUBSTITUTE(SUBSTITUTE(SUBSTITUTE($B$5,"{a}",$A9),"{b}",F$8),"{entity}",LOWER(Entity!$B$3)),2,300)) | G9: =IF(OR($A9="",G$8=""),"",UPPER(LEFT(SUBSTITUTE(SUBSTITUTE(SUBSTITUTE($B$5,"{a}",$A9),"{b}",G$8),"{entity}",LOWER(Entity!$B$3)),1))&MID(SUBSTITUTE(SUBSTITUTE(SUBSTITUTE($B$5,"{a}",$A9),"{b}",G$8),"{entity}",LOWER(Entity!$B$3)),2,300)) | H9: =IF(OR($A9="",H$8=""),"",UPPER(LEFT(SUBSTITUTE(SUBSTITUTE(SUBSTITUTE($B$5,"{a}",$A9),"{b}",H$8),"{entity}",LOWER(Entity!$B$3)),1))&MID(SUBSTITUTE(SUBSTITUTE(SUBSTITUTE($B$5,"{a}",$A9),"{b}",H$8),"{entity}",LOWER(Entity!$B$3)),2,300)) | I9: =IF(OR($A9="",I$8=""),"",UPPER(LEFT(SUBSTITUTE(SUBSTITUTE(SUBSTITUTE($B$5,"{a}",$A9),"{b}",I$8),"{entity}",LOWER(Entity!$B$3)),1))&MID(SUBSTITUTE(SUBSTITUTE(SUBSTITUTE($B$5,"{a}",$A9),"{b}",I$8),"{entity}",LOWER(Entity!$B$3)),2,300)) | ... K9: =IF(OR($A9="",K$8=""),"",UPPER(LEFT(SUBSTITUTE(SUBSTITUTE(SUBSTITUTE($B$5,"{a}",$A9),"{b}",K$8),"{entity}",LOWER(Entity!$B$3)),1))&MID(SUBSTITUTE(SUBSTITUTE(SUBSTITUTE($B$5,"{a}",$A9),"{b}",K$8),"{entity}",LOWER(Entity!$B$3)),2,300))
A10: =IFERROR(INDEX(Values!$B$3:$B$502,MATCH($B$3&"|"&2,Values!$L$3:$L$502,0)),"") | B10: =IF(OR($A10="",B$8=""),"",UPPER(LEFT(SUBSTITUTE(SUBSTITUTE(SUBSTITUTE($B$5,"{a}",$A10),"{b}",B$8),"{entity}",LOWER(Entity!$B$3)),1))&MID(SUBSTITUTE(SUBSTITUTE(SUBSTITUTE($B$5,"{a}",$A10),"{b}",B$8),"{entity}",LOWER(Entity!$B$3)),2,300)) | C10: =IF(OR($A10="",C$8=""),"",UPPER(LEFT(SUBSTITUTE(SUBSTITUTE(SUBSTITUTE($B$5,"{a}",$A10),"{b}",C$8),"{entity}",LOWER(Entity!$B$3)),1))&MID(SUBSTITUTE(SUBSTITUTE(SUBSTITUTE($B$5,"{a}",$A10),"{b}",C$8),"{entity}",LOWER(Entity!$B$3)),2,300)) | D10: =IF(OR($A10="",D$8=""),"",UPPER(LEFT(SUBSTITUTE(SUBSTITUTE(SUBSTITUTE($B$5,"{a}",$A10),"{b}",D$8),"{entity}",LOWER(Entity!$B$3)),1))&MID(SUBSTITUTE(SUBSTITUTE(SUBSTITUTE($B$5,"{a}",$A10),"{b}",D$8),"{entity}",LOWER(Entity!$B$3)),2,300)) | E10: =IF(OR($A10="",E$8=""),"",UPPER(LEFT(SUBSTITUTE(SUBSTITUTE(SUBSTITUTE($B$5,"{a}",$A10),"{b}",E$8),"{entity}",LOWER(Entity!$B$3)),1))&MID(SUBSTITUTE(SUBSTITUTE(SUBSTITUTE($B$5,"{a}",$A10),"{b}",E$8),"{entity}",LOWER(Entity!$B$3)),2,300)) | F10: =IF(OR($A10="",F$8=""),"",UPPER(LEFT(SUBSTITUTE(SUBSTITUTE(SUBSTITUTE($B$5,"{a}",$A10),"{b}",F$8),"{entity}",LOWER(Entity!$B$3)),1))&MID(SUBSTITUTE(SUBSTITUTE(SUBSTITUTE($B$5,"{a}",$A10),"{b}",F$8),"{entity}",LOWER(Entity!$B$3)),2,300)) | G10: =IF(OR($A10="",G$8=""),"",UPPER(LEFT(SUBSTITUTE(SUBSTITUTE(SUBSTITUTE($B$5,"{a}",$A10),"{b}",G$8),"{entity}",LOWER(Entity!$B$3)),1))&MID(SUBSTITUTE(SUBSTITUTE(SUBSTITUTE($B$5,"{a}",$A10),"{b}",G$8),"{entity}",LOWER(Entity!$B$3)),2,300)) | H10: =IF(OR($A10="",H$8=""),"",UPPER(LEFT(SUBSTITUTE(SUBSTITUTE(SUBSTITUTE($B$5,"{a}",$A10),"{b}",H$8),"{entity}",LOWER(Entity!$B$3)),1))&MID(SUBSTITUTE(SUBSTITUTE(SUBSTITUTE($B$5,"{a}",$A10),"{b}",H$8),"{entity}",LOWER(Entity!$B$3)),2,300)) | I10: =IF(OR($A10="",I$8=""),"",UPPER(LEFT(SUBSTITUTE(SUBSTITUTE(SUBSTITUTE($B$5,"{a}",$A10),"{b}",I$8),"{entity}",LOWER(Entity!$B$3)),1))&MID(SUBSTITUTE(SUBSTITUTE(SUBSTITUTE($B$5,"{a}",$A10),"{b}",I$8),"{entity}",LOWER(Entity!$B$3)),2,300)) | ... K10: =IF(OR($A10="",K$8=""),"",UPPER(LEFT(SUBSTITUTE(SUBSTITUTE(SUBSTITUTE($B$5,"{a}",$A10),"{b}",K$8),"{entity}",LOWER(Entity!$B$3)),1))&MID(SUBSTITUTE(SUBSTITUTE(SUBSTITUTE($B$5,"{a}",$A10),"{b}",K$8),"{entity}",LOWER(Entity!$B$3)),2,300))
A11: =IFERROR(INDEX(Values!$B$3:$B$502,MATCH($B$3&"|"&3,Values!$L$3:$L$502,0)),"") | B11: =IF(OR($A11="",B$8=""),"",UPPER(LEFT(SUBSTITUTE(SUBSTITUTE(SUBSTITUTE($B$5,"{a}",$A11),"{b}",B$8),"{entity}",LOWER(Entity!$B$3)),1))&MID(SUBSTITUTE(SUBSTITUTE(SUBSTITUTE($B$5,"{a}",$A11),"{b}",B$8),"{entity}",LOWER(Entity!$B$3)),2,300)) | C11: =IF(OR($A11="",C$8=""),"",UPPER(LEFT(SUBSTITUTE(SUBSTITUTE(SUBSTITUTE($B$5,"{a}",$A11),"{b}",C$8),"{entity}",LOWER(Entity!$B$3)),1))&MID(SUBSTITUTE(SUBSTITUTE(SUBSTITUTE($B$5,"{a}",$A11),"{b}",C$8),"{entity}",LOWER(Entity!$B$3)),2,300)) | D11: =IF(OR($A11="",D$8=""),"",UPPER(LEFT(SUBSTITUTE(SUBSTITUTE(SUBSTITUTE($B$5,"{a}",$A11),"{b}",D$8),"{entity}",LOWER(Entity!$B$3)),1))&MID(SUBSTITUTE(SUBSTITUTE(SUBSTITUTE($B$5,"{a}",$A11),"{b}",D$8),"{entity}",LOWER(Entity!$B$3)),2,300)) | E11: =IF(OR($A11="",E$8=""),"",UPPER(LEFT(SUBSTITUTE(SUBSTITUTE(SUBSTITUTE($B$5,"{a}",$A11),"{b}",E$8),"{entity}",LOWER(Entity!$B$3)),1))&MID(SUBSTITUTE(SUBSTITUTE(SUBSTITUTE($B$5,"{a}",$A11),"{b}",E$8),"{entity}",LOWER(Entity!$B$3)),2,300)) | F11: =IF(OR($A11="",F$8=""),"",UPPER(LEFT(SUBSTITUTE(SUBSTITUTE(SUBSTITUTE($B$5,"{a}",$A11),"{b}",F$8),"{entity}",LOWER(Entity!$B$3)),1))&MID(SUBSTITUTE(SUBSTITUTE(SUBSTITUTE($B$5,"{a}",$A11),"{b}",F$8),"{entity}",LOWER(Entity!$B$3)),2,300)) | G11: =IF(OR($A11="",G$8=""),"",UPPER(LEFT(SUBSTITUTE(SUBSTITUTE(SUBSTITUTE($B$5,"{a}",$A11),"{b}",G$8),"{entity}",LOWER(Entity!$B$3)),1))&MID(SUBSTITUTE(SUBSTITUTE(SUBSTITUTE($B$5,"{a}",$A11),"{b}",G$8),"{entity}",LOWER(Entity!$B$3)),2,300)) | H11: =IF(OR($A11="",H$8=""),"",UPPER(LEFT(SUBSTITUTE(SUBSTITUTE(SUBSTITUTE($B$5,"{a}",$A11),"{b}",H$8),"{entity}",LOWER(Entity!$B$3)),1))&MID(SUBSTITUTE(SUBSTITUTE(SUBSTITUTE($B$5,"{a}",$A11),"{b}",H$8),"{entity}",LOWER(Entity!$B$3)),2,300)) | I11: =IF(OR($A11="",I$8=""),"",UPPER(LEFT(SUBSTITUTE(SUBSTITUTE(SUBSTITUTE($B$5,"{a}",$A11),"{b}",I$8),"{entity}",LOWER(Entity!$B$3)),1))&MID(SUBSTITUTE(SUBSTITUTE(SUBSTITUTE($B$5,"{a}",$A11),"{b}",I$8),"{entity}",LOWER(Entity!$B$3)),2,300)) | ... K11: =IF(OR($A11="",K$8=""),"",UPPER(LEFT(SUBSTITUTE(SUBSTITUTE(SUBSTITUTE($B$5,"{a}",$A11),"{b}",K$8),"{entity}",LOWER(Entity!$B$3)),1))&MID(SUBSTITUTE(SUBSTITUTE(SUBSTITUTE($B$5,"{a}",$A11),"{b}",K$8),"{entity}",LOWER(Entity!$B$3)),2,300))
A12: =IFERROR(INDEX(Values!$B$3:$B$502,MATCH($B$3&"|"&4,Values!$L$3:$L$502,0)),"") | B12: =IF(OR($A12="",B$8=""),"",UPPER(LEFT(SUBSTITUTE(SUBSTITUTE(SUBSTITUTE($B$5,"{a}",$A12),"{b}",B$8),"{entity}",LOWER(Entity!$B$3)),1))&MID(SUBSTITUTE(SUBSTITUTE(SUBSTITUTE($B$5,"{a}",$A12),"{b}",B$8),"{entity}",LOWER(Entity!$B$3)),2,300)) | C12: =IF(OR($A12="",C$8=""),"",UPPER(LEFT(SUBSTITUTE(SUBSTITUTE(SUBSTITUTE($B$5,"{a}",$A12),"{b}",C$8),"{entity}",LOWER(Entity!$B$3)),1))&MID(SUBSTITUTE(SUBSTITUTE(SUBSTITUTE($B$5,"{a}",$A12),"{b}",C$8),"{entity}",LOWER(Entity!$B$3)),2,300)) | D12: =IF(OR($A12="",D$8=""),"",UPPER(LEFT(SUBSTITUTE(SUBSTITUTE(SUBSTITUTE($B$5,"{a}",$A12),"{b}",D$8),"{entity}",LOWER(Entity!$B$3)),1))&MID(SUBSTITUTE(SUBSTITUTE(SUBSTITUTE($B$5,"{a}",$A12),"{b}",D$8),"{entity}",LOWER(Entity!$B$3)),2,300)) | E12: =IF(OR($A12="",E$8=""),"",UPPER(LEFT(SUBSTITUTE(SUBSTITUTE(SUBSTITUTE($B$5,"{a}",$A12),"{b}",E$8),"{entity}",LOWER(Entity!$B$3)),1))&MID(SUBSTITUTE(SUBSTITUTE(SUBSTITUTE($B$5,"{a}",$A12),"{b}",E$8),"{entity}",LOWER(Entity!$B$3)),2,300)) | F12: =IF(OR($A12="",F$8=""),"",UPPER(LEFT(SUBSTITUTE(SUBSTITUTE(SUBSTITUTE($B$5,"{a}",$A12),"{b}",F$8),"{entity}",LOWER(Entity!$B$3)),1))&MID(SUBSTITUTE(SUBSTITUTE(SUBSTITUTE($B$5,"{a}",$A12),"{b}",F$8),"{entity}",LOWER(Entity!$B$3)),2,300)) | G12: =IF(OR($A12="",G$8=""),"",UPPER(LEFT(SUBSTITUTE(SUBSTITUTE(SUBSTITUTE($B$5,"{a}",$A12),"{b}",G$8),"{entity}",LOWER(Entity!$B$3)),1))&MID(SUBSTITUTE(SUBSTITUTE(SUBSTITUTE($B$5,"{a}",$A12),"{b}",G$8),"{entity}",LOWER(Entity!$B$3)),2,300)) | H12: =IF(OR($A12="",H$8=""),"",UPPER(LEFT(SUBSTITUTE(SUBSTITUTE(SUBSTITUTE($B$5,"{a}",$A12),"{b}",H$8),"{entity}",LOWER(Entity!$B$3)),1))&MID(SUBSTITUTE(SUBSTITUTE(SUBSTITUTE($B$5,"{a}",$A12),"{b}",H$8),"{entity}",LOWER(Entity!$B$3)),2,300)) | I12: =IF(OR($A12="",I$8=""),"",UPPER(LEFT(SUBSTITUTE(SUBSTITUTE(SUBSTITUTE($B$5,"{a}",$A12),"{b}",I$8),"{entity}",LOWER(Entity!$B$3)),1))&MID(SUBSTITUTE(SUBSTITUTE(SUBSTITUTE($B$5,"{a}",$A12),"{b}",I$8),"{entity}",LOWER(Entity!$B$3)),2,300)) | ... K12: =IF(OR($A12="",K$8=""),"",UPPER(LEFT(SUBSTITUTE(SUBSTITUTE(SUBSTITUTE($B$5,"{a}",$A12),"{b}",K$8),"{entity}",LOWER(Entity!$B$3)),1))&MID(SUBSTITUTE(SUBSTITUTE(SUBSTITUTE($B$5,"{a}",$A12),"{b}",K$8),"{entity}",LOWER(Entity!$B$3)),2,300))
A13: =IFERROR(INDEX(Values!$B$3:$B$502,MATCH($B$3&"|"&5,Values!$L$3:$L$502,0)),"") | B13: =IF(OR($A13="",B$8=""),"",UPPER(LEFT(SUBSTITUTE(SUBSTITUTE(SUBSTITUTE($B$5,"{a}",$A13),"{b}",B$8),"{entity}",LOWER(Entity!$B$3)),1))&MID(SUBSTITUTE(SUBSTITUTE(SUBSTITUTE($B$5,"{a}",$A13),"{b}",B$8),"{entity}",LOWER(Entity!$B$3)),2,300)) | C13: =IF(OR($A13="",C$8=""),"",UPPER(LEFT(SUBSTITUTE(SUBSTITUTE(SUBSTITUTE($B$5,"{a}",$A13),"{b}",C$8),"{entity}",LOWER(Entity!$B$3)),1))&MID(SUBSTITUTE(SUBSTITUTE(SUBSTITUTE($B$5,"{a}",$A13),"{b}",C$8),"{entity}",LOWER(Entity!$B$3)),2,300)) | D13: =IF(OR($A13="",D$8=""),"",UPPER(LEFT(SUBSTITUTE(SUBSTITUTE(SUBSTITUTE($B$5,"{a}",$A13),"{b}",D$8),"{entity}",LOWER(Entity!$B$3)),1))&MID(SUBSTITUTE(SUBSTITUTE(SUBSTITUTE($B$5,"{a}",$A13),"{b}",D$8),"{entity}",LOWER(Entity!$B$3)),2,300)) | E13: =IF(OR($A13="",E$8=""),"",UPPER(LEFT(SUBSTITUTE(SUBSTITUTE(SUBSTITUTE($B$5,"{a}",$A13),"{b}",E$8),"{entity}",LOWER(Entity!$B$3)),1))&MID(SUBSTITUTE(SUBSTITUTE(SUBSTITUTE($B$5,"{a}",$A13),"{b}",E$8),"{entity}",LOWER(Entity!$B$3)),2,300)) | F13: =IF(OR($A13="",F$8=""),"",UPPER(LEFT(SUBSTITUTE(SUBSTITUTE(SUBSTITUTE($B$5,"{a}",$A13),"{b}",F$8),"{entity}",LOWER(Entity!$B$3)),1))&MID(SUBSTITUTE(SUBSTITUTE(SUBSTITUTE($B$5,"{a}",$A13),"{b}",F$8),"{entity}",LOWER(Entity!$B$3)),2,300)) | G13: =IF(OR($A13="",G$8=""),"",UPPER(LEFT(SUBSTITUTE(SUBSTITUTE(SUBSTITUTE($B$5,"{a}",$A13),"{b}",G$8),"{entity}",LOWER(Entity!$B$3)),1))&MID(SUBSTITUTE(SUBSTITUTE(SUBSTITUTE($B$5,"{a}",$A13),"{b}",G$8),"{entity}",LOWER(Entity!$B$3)),2,300)) | H13: =IF(OR($A13="",H$8=""),"",UPPER(LEFT(SUBSTITUTE(SUBSTITUTE(SUBSTITUTE($B$5,"{a}",$A13),"{b}",H$8),"{entity}",LOWER(Entity!$B$3)),1))&MID(SUBSTITUTE(SUBSTITUTE(SUBSTITUTE($B$5,"{a}",$A13),"{b}",H$8),"{entity}",LOWER(Entity!$B$3)),2,300)) | I13: =IF(OR($A13="",I$8=""),"",UPPER(LEFT(SUBSTITUTE(SUBSTITUTE(SUBSTITUTE($B$5,"{a}",$A13),"{b}",I$8),"{entity}",LOWER(Entity!$B$3)),1))&MID(SUBSTITUTE(SUBSTITUTE(SUBSTITUTE($B$5,"{a}",$A13),"{b}",I$8),"{entity}",LOWER(Entity!$B$3)),2,300)) | ... K13: =IF(OR($A13="",K$8=""),"",UPPER(LEFT(SUBSTITUTE(SUBSTITUTE(SUBSTITUTE($B$5,"{a}",$A13),"{b}",K$8),"{entity}",LOWER(Entity!$B$3)),1))&MID(SUBSTITUTE(SUBSTITUTE(SUBSTITUTE($B$5,"{a}",$A13),"{b}",K$8),"{entity}",LOWER(Entity!$B$3)),2,300))
A14: =IFERROR(INDEX(Values!$B$3:$B$502,MATCH($B$3&"|"&6,Values!$L$3:$L$502,0)),"") | B14: =IF(OR($A14="",B$8=""),"",UPPER(LEFT(SUBSTITUTE(SUBSTITUTE(SUBSTITUTE($B$5,"{a}",$A14),"{b}",B$8),"{entity}",LOWER(Entity!$B$3)),1))&MID(SUBSTITUTE(SUBSTITUTE(SUBSTITUTE($B$5,"{a}",$A14),"{b}",B$8),"{entity}",LOWER(Entity!$B$3)),2,300)) | C14: =IF(OR($A14="",C$8=""),"",UPPER(LEFT(SUBSTITUTE(SUBSTITUTE(SUBSTITUTE($B$5,"{a}",$A14),"{b}",C$8),"{entity}",LOWER(Entity!$B$3)),1))&MID(SUBSTITUTE(SUBSTITUTE(SUBSTITUTE($B$5,"{a}",$A14),"{b}",C$8),"{entity}",LOWER(Entity!$B$3)),2,300)) | D14: =IF(OR($A14="",D$8=""),"",UPPER(LEFT(SUBSTITUTE(SUBSTITUTE(SUBSTITUTE($B$5,"{a}",$A14),"{b}",D$8),"{entity}",LOWER(Entity!$B$3)),1))&MID(SUBSTITUTE(SUBSTITUTE(SUBSTITUTE($B$5,"{a}",$A14),"{b}",D$8),"{entity}",LOWER(Entity!$B$3)),2,300)) | E14: =IF(OR($A14="",E$8=""),"",UPPER(LEFT(SUBSTITUTE(SUBSTITUTE(SUBSTITUTE($B$5,"{a}",$A14),"{b}",E$8),"{entity}",LOWER(Entity!$B$3)),1))&MID(SUBSTITUTE(SUBSTITUTE(SUBSTITUTE($B$5,"{a}",$A14),"{b}",E$8),"{entity}",LOWER(Entity!$B$3)),2,300)) | F14: =IF(OR($A14="",F$8=""),"",UPPER(LEFT(SUBSTITUTE(SUBSTITUTE(SUBSTITUTE($B$5,"{a}",$A14),"{b}",F$8),"{entity}",LOWER(Entity!$B$3)),1))&MID(SUBSTITUTE(SUBSTITUTE(SUBSTITUTE($B$5,"{a}",$A14),"{b}",F$8),"{entity}",LOWER(Entity!$B$3)),2,300)) | G14: =IF(OR($A14="",G$8=""),"",UPPER(LEFT(SUBSTITUTE(SUBSTITUTE(SUBSTITUTE($B$5,"{a}",$A14),"{b}",G$8),"{entity}",LOWER(Entity!$B$3)),1))&MID(SUBSTITUTE(SUBSTITUTE(SUBSTITUTE($B$5,"{a}",$A14),"{b}",G$8),"{entity}",LOWER(Entity!$B$3)),2,300)) | H14: =IF(OR($A14="",H$8=""),"",UPPER(LEFT(SUBSTITUTE(SUBSTITUTE(SUBSTITUTE($B$5,"{a}",$A14),"{b}",H$8),"{entity}",LOWER(Entity!$B$3)),1))&MID(SUBSTITUTE(SUBSTITUTE(SUBSTITUTE($B$5,"{a}",$A14),"{b}",H$8),"{entity}",LOWER(Entity!$B$3)),2,300)) | I14: =IF(OR($A14="",I$8=""),"",UPPER(LEFT(SUBSTITUTE(SUBSTITUTE(SUBSTITUTE($B$5,"{a}",$A14),"{b}",I$8),"{entity}",LOWER(Entity!$B$3)),1))&MID(SUBSTITUTE(SUBSTITUTE(SUBSTITUTE($B$5,"{a}",$A14),"{b}",I$8),"{entity}",LOWER(Entity!$B$3)),2,300)) | ... K14: =IF(OR($A14="",K$8=""),"",UPPER(LEFT(SUBSTITUTE(SUBSTITUTE(SUBSTITUTE($B$5,"{a}",$A14),"{b}",K$8),"{entity}",LOWER(Entity!$B$3)),1))&MID(SUBSTITUTE(SUBSTITUTE(SUBSTITUTE($B$5,"{a}",$A14),"{b}",K$8),"{entity}",LOWER(Entity!$B$3)),2,300))
A15: =IFERROR(INDEX(Values!$B$3:$B$502,MATCH($B$3&"|"&7,Values!$L$3:$L$502,0)),"") | B15: =IF(OR($A15="",B$8=""),"",UPPER(LEFT(SUBSTITUTE(SUBSTITUTE(SUBSTITUTE($B$5,"{a}",$A15),"{b}",B$8),"{entity}",LOWER(Entity!$B$3)),1))&MID(SUBSTITUTE(SUBSTITUTE(SUBSTITUTE($B$5,"{a}",$A15),"{b}",B$8),"{entity}",LOWER(Entity!$B$3)),2,300)) | C15: =IF(OR($A15="",C$8=""),"",UPPER(LEFT(SUBSTITUTE(SUBSTITUTE(SUBSTITUTE($B$5,"{a}",$A15),"{b}",C$8),"{entity}",LOWER(Entity!$B$3)),1))&MID(SUBSTITUTE(SUBSTITUTE(SUBSTITUTE($B$5,"{a}",$A15),"{b}",C$8),"{entity}",LOWER(Entity!$B$3)),2,300)) | D15: =IF(OR($A15="",D$8=""),"",UPPER(LEFT(SUBSTITUTE(SUBSTITUTE(SUBSTITUTE($B$5,"{a}",$A15),"{b}",D$8),"{entity}",LOWER(Entity!$B$3)),1))&MID(SUBSTITUTE(SUBSTITUTE(SUBSTITUTE($B$5,"{a}",$A15),"{b}",D$8),"{entity}",LOWER(Entity!$B$3)),2,300)) | E15: =IF(OR($A15="",E$8=""),"",UPPER(LEFT(SUBSTITUTE(SUBSTITUTE(SUBSTITUTE($B$5,"{a}",$A15),"{b}",E$8),"{entity}",LOWER(Entity!$B$3)),1))&MID(SUBSTITUTE(SUBSTITUTE(SUBSTITUTE($B$5,"{a}",$A15),"{b}",E$8),"{entity}",LOWER(Entity!$B$3)),2,300)) | F15: =IF(OR($A15="",F$8=""),"",UPPER(LEFT(SUBSTITUTE(SUBSTITUTE(SUBSTITUTE($B$5,"{a}",$A15),"{b}",F$8),"{entity}",LOWER(Entity!$B$3)),1))&MID(SUBSTITUTE(SUBSTITUTE(SUBSTITUTE($B$5,"{a}",$A15),"{b}",F$8),"{entity}",LOWER(Entity!$B$3)),2,300)) | G15: =IF(OR($A15="",G$8=""),"",UPPER(LEFT(SUBSTITUTE(SUBSTITUTE(SUBSTITUTE($B$5,"{a}",$A15),"{b}",G$8),"{entity}",LOWER(Entity!$B$3)),1))&MID(SUBSTITUTE(SUBSTITUTE(SUBSTITUTE($B$5,"{a}",$A15),"{b}",G$8),"{entity}",LOWER(Entity!$B$3)),2,300)) | H15: =IF(OR($A15="",H$8=""),"",UPPER(LEFT(SUBSTITUTE(SUBSTITUTE(SUBSTITUTE($B$5,"{a}",$A15),"{b}",H$8),"{entity}",LOWER(Entity!$B$3)),1))&MID(SUBSTITUTE(SUBSTITUTE(SUBSTITUTE($B$5,"{a}",$A15),"{b}",H$8),"{entity}",LOWER(Entity!$B$3)),2,300)) | I15: =IF(OR($A15="",I$8=""),"",UPPER(LEFT(SUBSTITUTE(SUBSTITUTE(SUBSTITUTE($B$5,"{a}",$A15),"{b}",I$8),"{entity}",LOWER(Entity!$B$3)),1))&MID(SUBSTITUTE(SUBSTITUTE(SUBSTITUTE($B$5,"{a}",$A15),"{b}",I$8),"{entity}",LOWER(Entity!$B$3)),2,300)) | ... K15: =IF(OR($A15="",K$8=""),"",UPPER(LEFT(SUBSTITUTE(SUBSTITUTE(SUBSTITUTE($B$5,"{a}",$A15),"{b}",K$8),"{entity}",LOWER(Entity!$B$3)),1))&MID(SUBSTITUTE(SUBSTITUTE(SUBSTITUTE($B$5,"{a}",$A15),"{b}",K$8),"{entity}",LOWER(Entity!$B$3)),2,300))
A16: =IFERROR(INDEX(Values!$B$3:$B$502,MATCH($B$3&"|"&8,Values!$L$3:$L$502,0)),"") | B16: =IF(OR($A16="",B$8=""),"",UPPER(LEFT(SUBSTITUTE(SUBSTITUTE(SUBSTITUTE($B$5,"{a}",$A16),"{b}",B$8),"{entity}",LOWER(Entity!$B$3)),1))&MID(SUBSTITUTE(SUBSTITUTE(SUBSTITUTE($B$5,"{a}",$A16),"{b}",B$8),"{entity}",LOWER(Entity!$B$3)),2,300)) | C16: =IF(OR($A16="",C$8=""),"",UPPER(LEFT(SUBSTITUTE(SUBSTITUTE(SUBSTITUTE($B$5,"{a}",$A16),"{b}",C$8),"{entity}",LOWER(Entity!$B$3)),1))&MID(SUBSTITUTE(SUBSTITUTE(SUBSTITUTE($B$5,"{a}",$A16),"{b}",C$8),"{entity}",LOWER(Entity!$B$3)),2,300)) | D16: =IF(OR($A16="",D$8=""),"",UPPER(LEFT(SUBSTITUTE(SUBSTITUTE(SUBSTITUTE($B$5,"{a}",$A16),"{b}",D$8),"{entity}",LOWER(Entity!$B$3)),1))&MID(SUBSTITUTE(SUBSTITUTE(SUBSTITUTE($B$5,"{a}",$A16),"{b}",D$8),"{entity}",LOWER(Entity!$B$3)),2,300)) | E16: =IF(OR($A16="",E$8=""),"",UPPER(LEFT(SUBSTITUTE(SUBSTITUTE(SUBSTITUTE($B$5,"{a}",$A16),"{b}",E$8),"{entity}",LOWER(Entity!$B$3)),1))&MID(SUBSTITUTE(SUBSTITUTE(SUBSTITUTE($B$5,"{a}",$A16),"{b}",E$8),"{entity}",LOWER(Entity!$B$3)),2,300)) | F16: =IF(OR($A16="",F$8=""),"",UPPER(LEFT(SUBSTITUTE(SUBSTITUTE(SUBSTITUTE($B$5,"{a}",$A16),"{b}",F$8),"{entity}",LOWER(Entity!$B$3)),1))&MID(SUBSTITUTE(SUBSTITUTE(SUBSTITUTE($B$5,"{a}",$A16),"{b}",F$8),"{entity}",LOWER(Entity!$B$3)),2,300)) | G16: =IF(OR($A16="",G$8=""),"",UPPER(LEFT(SUBSTITUTE(SUBSTITUTE(SUBSTITUTE($B$5,"{a}",$A16),"{b}",G$8),"{entity}",LOWER(Entity!$B$3)),1))&MID(SUBSTITUTE(SUBSTITUTE(SUBSTITUTE($B$5,"{a}",$A16),"{b}",G$8),"{entity}",LOWER(Entity!$B$3)),2,300)) | H16: =IF(OR($A16="",H$8=""),"",UPPER(LEFT(SUBSTITUTE(SUBSTITUTE(SUBSTITUTE($B$5,"{a}",$A16),"{b}",H$8),"{entity}",LOWER(Entity!$B$3)),1))&MID(SUBSTITUTE(SUBSTITUTE(SUBSTITUTE($B$5,"{a}",$A16),"{b}",H$8),"{entity}",LOWER(Entity!$B$3)),2,300)) | I16: =IF(OR($A16="",I$8=""),"",UPPER(LEFT(SUBSTITUTE(SUBSTITUTE(SUBSTITUTE($B$5,"{a}",$A16),"{b}",I$8),"{entity}",LOWER(Entity!$B$3)),1))&MID(SUBSTITUTE(SUBSTITUTE(SUBSTITUTE($B$5,"{a}",$A16),"{b}",I$8),"{entity}",LOWER(Entity!$B$3)),2,300)) | ... K16: =IF(OR($A16="",K$8=""),"",UPPER(LEFT(SUBSTITUTE(SUBSTITUTE(SUBSTITUTE($B$5,"{a}",$A16),"{b}",K$8),"{entity}",LOWER(Entity!$B$3)),1))&MID(SUBSTITUTE(SUBSTITUTE(SUBSTITUTE($B$5,"{a}",$A16),"{b}",K$8),"{entity}",LOWER(Entity!$B$3)),2,300))
A17: =IFERROR(INDEX(Values!$B$3:$B$502,MATCH($B$3&"|"&9,Values!$L$3:$L$502,0)),"") | B17: =IF(OR($A17="",B$8=""),"",UPPER(LEFT(SUBSTITUTE(SUBSTITUTE(SUBSTITUTE($B$5,"{a}",$A17),"{b}",B$8),"{entity}",LOWER(Entity!$B$3)),1))&MID(SUBSTITUTE(SUBSTITUTE(SUBSTITUTE($B$5,"{a}",$A17),"{b}",B$8),"{entity}",LOWER(Entity!$B$3)),2,300)) | C17: =IF(OR($A17="",C$8=""),"",UPPER(LEFT(SUBSTITUTE(SUBSTITUTE(SUBSTITUTE($B$5,"{a}",$A17),"{b}",C$8),"{entity}",LOWER(Entity!$B$3)),1))&MID(SUBSTITUTE(SUBSTITUTE(SUBSTITUTE($B$5,"{a}",$A17),"{b}",C$8),"{entity}",LOWER(Entity!$B$3)),2,300)) | D17: =IF(OR($A17="",D$8=""),"",UPPER(LEFT(SUBSTITUTE(SUBSTITUTE(SUBSTITUTE($B$5,"{a}",$A17),"{b}",D$8),"{entity}",LOWER(Entity!$B$3)),1))&MID(SUBSTITUTE(SUBSTITUTE(SUBSTITUTE($B$5,"{a}",$A17),"{b}",D$8),"{entity}",LOWER(Entity!$B$3)),2,300)) | E17: =IF(OR($A17="",E$8=""),"",UPPER(LEFT(SUBSTITUTE(SUBSTITUTE(SUBSTITUTE($B$5,"{a}",$A17),"{b}",E$8),"{entity}",LOWER(Entity!$B$3)),1))&MID(SUBSTITUTE(SUBSTITUTE(SUBSTITUTE($B$5,"{a}",$A17),"{b}",E$8),"{entity}",LOWER(Entity!$B$3)),2,300)) | F17: =IF(OR($A17="",F$8=""),"",UPPER(LEFT(SUBSTITUTE(SUBSTITUTE(SUBSTITUTE($B$5,"{a}",$A17),"{b}",F$8),"{entity}",LOWER(Entity!$B$3)),1))&MID(SUBSTITUTE(SUBSTITUTE(SUBSTITUTE($B$5,"{a}",$A17),"{b}",F$8),"{entity}",LOWER(Entity!$B$3)),2,300)) | G17: =IF(OR($A17="",G$8=""),"",UPPER(LEFT(SUBSTITUTE(SUBSTITUTE(SUBSTITUTE($B$5,"{a}",$A17),"{b}",G$8),"{entity}",LOWER(Entity!$B$3)),1))&MID(SUBSTITUTE(SUBSTITUTE(SUBSTITUTE($B$5,"{a}",$A17),"{b}",G$8),"{entity}",LOWER(Entity!$B$3)),2,300)) | H17: =IF(OR($A17="",H$8=""),"",UPPER(LEFT(SUBSTITUTE(SUBSTITUTE(SUBSTITUTE($B$5,"{a}",$A17),"{b}",H$8),"{entity}",LOWER(Entity!$B$3)),1))&MID(SUBSTITUTE(SUBSTITUTE(SUBSTITUTE($B$5,"{a}",$A17),"{b}",H$8),"{entity}",LOWER(Entity!$B$3)),2,300)) | I17: =IF(OR($A17="",I$8=""),"",UPPER(LEFT(SUBSTITUTE(SUBSTITUTE(SUBSTITUTE($B$5,"{a}",$A17),"{b}",I$8),"{entity}",LOWER(Entity!$B$3)),1))&MID(SUBSTITUTE(SUBSTITUTE(SUBSTITUTE($B$5,"{a}",$A17),"{b}",I$8),"{entity}",LOWER(Entity!$B$3)),2,300)) | ... K17: =IF(OR($A17="",K$8=""),"",UPPER(LEFT(SUBSTITUTE(SUBSTITUTE(SUBSTITUTE($B$5,"{a}",$A17),"{b}",K$8),"{entity}",LOWER(Entity!$B$3)),1))&MID(SUBSTITUTE(SUBSTITUTE(SUBSTITUTE($B$5,"{a}",$A17),"{b}",K$8),"{entity}",LOWER(Entity!$B$3)),2,300))
A18: =IFERROR(INDEX(Values!$B$3:$B$502,MATCH($B$3&"|"&10,Values!$L$3:$L$502,0)),"") | B18: =IF(OR($A18="",B$8=""),"",UPPER(LEFT(SUBSTITUTE(SUBSTITUTE(SUBSTITUTE($B$5,"{a}",$A18),"{b}",B$8),"{entity}",LOWER(Entity!$B$3)),1))&MID(SUBSTITUTE(SUBSTITUTE(SUBSTITUTE($B$5,"{a}",$A18),"{b}",B$8),"{entity}",LOWER(Entity!$B$3)),2,300)) | C18: =IF(OR($A18="",C$8=""),"",UPPER(LEFT(SUBSTITUTE(SUBSTITUTE(SUBSTITUTE($B$5,"{a}",$A18),"{b}",C$8),"{entity}",LOWER(Entity!$B$3)),1))&MID(SUBSTITUTE(SUBSTITUTE(SUBSTITUTE($B$5,"{a}",$A18),"{b}",C$8),"{entity}",LOWER(Entity!$B$3)),2,300)) | D18: =IF(OR($A18="",D$8=""),"",UPPER(LEFT(SUBSTITUTE(SUBSTITUTE(SUBSTITUTE($B$5,"{a}",$A18),"{b}",D$8),"{entity}",LOWER(Entity!$B$3)),1))&MID(SUBSTITUTE(SUBSTITUTE(SUBSTITUTE($B$5,"{a}",$A18),"{b}",D$8),"{entity}",LOWER(Entity!$B$3)),2,300)) | E18: =IF(OR($A18="",E$8=""),"",UPPER(LEFT(SUBSTITUTE(SUBSTITUTE(SUBSTITUTE($B$5,"{a}",$A18),"{b}",E$8),"{entity}",LOWER(Entity!$B$3)),1))&MID(SUBSTITUTE(SUBSTITUTE(SUBSTITUTE($B$5,"{a}",$A18),"{b}",E$8),"{entity}",LOWER(Entity!$B$3)),2,300)) | F18: =IF(OR($A18="",F$8=""),"",UPPER(LEFT(SUBSTITUTE(SUBSTITUTE(SUBSTITUTE($B$5,"{a}",$A18),"{b}",F$8),"{entity}",LOWER(Entity!$B$3)),1))&MID(SUBSTITUTE(SUBSTITUTE(SUBSTITUTE($B$5,"{a}",$A18),"{b}",F$8),"{entity}",LOWER(Entity!$B$3)),2,300)) | G18: =IF(OR($A18="",G$8=""),"",UPPER(LEFT(SUBSTITUTE(SUBSTITUTE(SUBSTITUTE($B$5,"{a}",$A18),"{b}",G$8),"{entity}",LOWER(Entity!$B$3)),1))&MID(SUBSTITUTE(SUBSTITUTE(SUBSTITUTE($B$5,"{a}",$A18),"{b}",G$8),"{entity}",LOWER(Entity!$B$3)),2,300)) | H18: =IF(OR($A18="",H$8=""),"",UPPER(LEFT(SUBSTITUTE(SUBSTITUTE(SUBSTITUTE($B$5,"{a}",$A18),"{b}",H$8),"{entity}",LOWER(Entity!$B$3)),1))&MID(SUBSTITUTE(SUBSTITUTE(SUBSTITUTE($B$5,"{a}",$A18),"{b}",H$8),"{entity}",LOWER(Entity!$B$3)),2,300)) | I18: =IF(OR($A18="",I$8=""),"",UPPER(LEFT(SUBSTITUTE(SUBSTITUTE(SUBSTITUTE($B$5,"{a}",$A18),"{b}",I$8),"{entity}",LOWER(Entity!$B$3)),1))&MID(SUBSTITUTE(SUBSTITUTE(SUBSTITUTE($B$5,"{a}",$A18),"{b}",I$8),"{entity}",LOWER(Entity!$B$3)),2,300)) | ... K18: =IF(OR($A18="",K$8=""),"",UPPER(LEFT(SUBSTITUTE(SUBSTITUTE(SUBSTITUTE($B$5,"{a}",$A18),"{b}",K$8),"{entity}",LOWER(Entity!$B$3)),1))&MID(SUBSTITUTE(SUBSTITUTE(SUBSTITUTE($B$5,"{a}",$A18),"{b}",K$8),"{entity}",LOWER(Entity!$B$3)),2,300))
A19: =IFERROR(INDEX(Values!$B$3:$B$502,MATCH($B$3&"|"&11,Values!$L$3:$L$502,0)),"") | B19: =IF(OR($A19="",B$8=""),"",UPPER(LEFT(SUBSTITUTE(SUBSTITUTE(SUBSTITUTE($B$5,"{a}",$A19),"{b}",B$8),"{entity}",LOWER(Entity!$B$3)),1))&MID(SUBSTITUTE(SUBSTITUTE(SUBSTITUTE($B$5,"{a}",$A19),"{b}",B$8),"{entity}",LOWER(Entity!$B$3)),2,300)) | C19: =IF(OR($A19="",C$8=""),"",UPPER(LEFT(SUBSTITUTE(SUBSTITUTE(SUBSTITUTE($B$5,"{a}",$A19),"{b}",C$8),"{entity}",LOWER(Entity!$B$3)),1))&MID(SUBSTITUTE(SUBSTITUTE(SUBSTITUTE($B$5,"{a}",$A19),"{b}",C$8),"{entity}",LOWER(Entity!$B$3)),2,300)) | D19: =IF(OR($A19="",D$8=""),"",UPPER(LEFT(SUBSTITUTE(SUBSTITUTE(SUBSTITUTE($B$5,"{a}",$A19),"{b}",D$8),"{entity}",LOWER(Entity!$B$3)),1))&MID(SUBSTITUTE(SUBSTITUTE(SUBSTITUTE($B$5,"{a}",$A19),"{b}",D$8),"{entity}",LOWER(Entity!$B$3)),2,300)) | E19: =IF(OR($A19="",E$8=""),"",UPPER(LEFT(SUBSTITUTE(SUBSTITUTE(SUBSTITUTE($B$5,"{a}",$A19),"{b}",E$8),"{entity}",LOWER(Entity!$B$3)),1))&MID(SUBSTITUTE(SUBSTITUTE(SUBSTITUTE($B$5,"{a}",$A19),"{b}",E$8),"{entity}",LOWER(Entity!$B$3)),2,300)) | F19: =IF(OR($A19="",F$8=""),"",UPPER(LEFT(SUBSTITUTE(SUBSTITUTE(SUBSTITUTE($B$5,"{a}",$A19),"{b}",F$8),"{entity}",LOWER(Entity!$B$3)),1))&MID(SUBSTITUTE(SUBSTITUTE(SUBSTITUTE($B$5,"{a}",$A19),"{b}",F$8),"{entity}",LOWER(Entity!$B$3)),2,300)) | G19: =IF(OR($A19="",G$8=""),"",UPPER(LEFT(SUBSTITUTE(SUBSTITUTE(SUBSTITUTE($B$5,"{a}",$A19),"{b}",G$8),"{entity}",LOWER(Entity!$B$3)),1))&MID(SUBSTITUTE(SUBSTITUTE(SUBSTITUTE($B$5,"{a}",$A19),"{b}",G$8),"{entity}",LOWER(Entity!$B$3)),2,300)) | H19: =IF(OR($A19="",H$8=""),"",UPPER(LEFT(SUBSTITUTE(SUBSTITUTE(SUBSTITUTE($B$5,"{a}",$A19),"{b}",H$8),"{entity}",LOWER(Entity!$B$3)),1))&MID(SUBSTITUTE(SUBSTITUTE(SUBSTITUTE($B$5,"{a}",$A19),"{b}",H$8),"{entity}",LOWER(Entity!$B$3)),2,300)) | I19: =IF(OR($A19="",I$8=""),"",UPPER(LEFT(SUBSTITUTE(SUBSTITUTE(SUBSTITUTE($B$5,"{a}",$A19),"{b}",I$8),"{entity}",LOWER(Entity!$B$3)),1))&MID(SUBSTITUTE(SUBSTITUTE(SUBSTITUTE($B$5,"{a}",$A19),"{b}",I$8),"{entity}",LOWER(Entity!$B$3)),2,300)) | ... K19: =IF(OR($A19="",K$8=""),"",UPPER(LEFT(SUBSTITUTE(SUBSTITUTE(SUBSTITUTE($B$5,"{a}",$A19),"{b}",K$8),"{entity}",LOWER(Entity!$B$3)),1))&MID(SUBSTITUTE(SUBSTITUTE(SUBSTITUTE($B$5,"{a}",$A19),"{b}",K$8),"{entity}",LOWER(Entity!$B$3)),2,300))
A20: =IFERROR(INDEX(Values!$B$3:$B$502,MATCH($B$3&"|"&12,Values!$L$3:$L$502,0)),"") | B20: =IF(OR($A20="",B$8=""),"",UPPER(LEFT(SUBSTITUTE(SUBSTITUTE(SUBSTITUTE($B$5,"{a}",$A20),"{b}",B$8),"{entity}",LOWER(Entity!$B$3)),1))&MID(SUBSTITUTE(SUBSTITUTE(SUBSTITUTE($B$5,"{a}",$A20),"{b}",B$8),"{entity}",LOWER(Entity!$B$3)),2,300)) | C20: =IF(OR($A20="",C$8=""),"",UPPER(LEFT(SUBSTITUTE(SUBSTITUTE(SUBSTITUTE($B$5,"{a}",$A20),"{b}",C$8),"{entity}",LOWER(Entity!$B$3)),1))&MID(SUBSTITUTE(SUBSTITUTE(SUBSTITUTE($B$5,"{a}",$A20),"{b}",C$8),"{entity}",LOWER(Entity!$B$3)),2,300)) | D20: =IF(OR($A20="",D$8=""),"",UPPER(LEFT(SUBSTITUTE(SUBSTITUTE(SUBSTITUTE($B$5,"{a}",$A20),"{b}",D$8),"{entity}",LOWER(Entity!$B$3)),1))&MID(SUBSTITUTE(SUBSTITUTE(SUBSTITUTE($B$5,"{a}",$A20),"{b}",D$8),"{entity}",LOWER(Entity!$B$3)),2,300)) | E20: =IF(OR($A20="",E$8=""),"",UPPER(LEFT(SUBSTITUTE(SUBSTITUTE(SUBSTITUTE($B$5,"{a}",$A20),"{b}",E$8),"{entity}",LOWER(Entity!$B$3)),1))&MID(SUBSTITUTE(SUBSTITUTE(SUBSTITUTE($B$5,"{a}",$A20),"{b}",E$8),"{entity}",LOWER(Entity!$B$3)),2,300)) | F20: =IF(OR($A20="",F$8=""),"",UPPER(LEFT(SUBSTITUTE(SUBSTITUTE(SUBSTITUTE($B$5,"{a}",$A20),"{b}",F$8),"{entity}",LOWER(Entity!$B$3)),1))&MID(SUBSTITUTE(SUBSTITUTE(SUBSTITUTE($B$5,"{a}",$A20),"{b}",F$8),"{entity}",LOWER(Entity!$B$3)),2,300)) | G20: =IF(OR($A20="",G$8=""),"",UPPER(LEFT(SUBSTITUTE(SUBSTITUTE(SUBSTITUTE($B$5,"{a}",$A20),"{b}",G$8),"{entity}",LOWER(Entity!$B$3)),1))&MID(SUBSTITUTE(SUBSTITUTE(SUBSTITUTE($B$5,"{a}",$A20),"{b}",G$8),"{entity}",LOWER(Entity!$B$3)),2,300)) | H20: =IF(OR($A20="",H$8=""),"",UPPER(LEFT(SUBSTITUTE(SUBSTITUTE(SUBSTITUTE($B$5,"{a}",$A20),"{b}",H$8),"{entity}",LOWER(Entity!$B$3)),1))&MID(SUBSTITUTE(SUBSTITUTE(SUBSTITUTE($B$5,"{a}",$A20),"{b}",H$8),"{entity}",LOWER(Entity!$B$3)),2,300)) | I20: =IF(OR($A20="",I$8=""),"",UPPER(LEFT(SUBSTITUTE(SUBSTITUTE(SUBSTITUTE($B$5,"{a}",$A20),"{b}",I$8),"{entity}",LOWER(Entity!$B$3)),1))&MID(SUBSTITUTE(SUBSTITUTE(SUBSTITUTE($B$5,"{a}",$A20),"{b}",I$8),"{entity}",LOWER(Entity!$B$3)),2,300)) | ... K20: =IF(OR($A20="",K$8=""),"",UPPER(LEFT(SUBSTITUTE(SUBSTITUTE(SUBSTITUTE($B$5,"{a}",$A20),"{b}",K$8),"{entity}",LOWER(Entity!$B$3)),1))&MID(SUBSTITUTE(SUBSTITUTE(SUBSTITUTE($B$5,"{a}",$A20),"{b}",K$8),"{entity}",LOWER(Entity!$B$3)),2,300))
A21: =IFERROR(INDEX(Values!$B$3:$B$502,MATCH($B$3&"|"&13,Values!$L$3:$L$502,0)),"") | B21: =IF(OR($A21="",B$8=""),"",UPPER(LEFT(SUBSTITUTE(SUBSTITUTE(SUBSTITUTE($B$5,"{a}",$A21),"{b}",B$8),"{entity}",LOWER(Entity!$B$3)),1))&MID(SUBSTITUTE(SUBSTITUTE(SUBSTITUTE($B$5,"{a}",$A21),"{b}",B$8),"{entity}",LOWER(Entity!$B$3)),2,300)) | C21: =IF(OR($A21="",C$8=""),"",UPPER(LEFT(SUBSTITUTE(SUBSTITUTE(SUBSTITUTE($B$5,"{a}",$A21),"{b}",C$8),"{entity}",LOWER(Entity!$B$3)),1))&MID(SUBSTITUTE(SUBSTITUTE(SUBSTITUTE($B$5,"{a}",$A21),"{b}",C$8),"{entity}",LOWER(Entity!$B$3)),2,300)) | D21: =IF(OR($A21="",D$8=""),"",UPPER(LEFT(SUBSTITUTE(SUBSTITUTE(SUBSTITUTE($B$5,"{a}",$A21),"{b}",D$8),"{entity}",LOWER(Entity!$B$3)),1))&MID(SUBSTITUTE(SUBSTITUTE(SUBSTITUTE($B$5,"{a}",$A21),"{b}",D$8),"{entity}",LOWER(Entity!$B$3)),2,300)) | E21: =IF(OR($A21="",E$8=""),"",UPPER(LEFT(SUBSTITUTE(SUBSTITUTE(SUBSTITUTE($B$5,"{a}",$A21),"{b}",E$8),"{entity}",LOWER(Entity!$B$3)),1))&MID(SUBSTITUTE(SUBSTITUTE(SUBSTITUTE($B$5,"{a}",$A21),"{b}",E$8),"{entity}",LOWER(Entity!$B$3)),2,300)) | F21: =IF(OR($A21="",F$8=""),"",UPPER(LEFT(SUBSTITUTE(SUBSTITUTE(SUBSTITUTE($B$5,"{a}",$A21),"{b}",F$8),"{entity}",LOWER(Entity!$B$3)),1))&MID(SUBSTITUTE(SUBSTITUTE(SUBSTITUTE($B$5,"{a}",$A21),"{b}",F$8),"{entity}",LOWER(Entity!$B$3)),2,300)) | G21: =IF(OR($A21="",G$8=""),"",UPPER(LEFT(SUBSTITUTE(SUBSTITUTE(SUBSTITUTE($B$5,"{a}",$A21),"{b}",G$8),"{entity}",LOWER(Entity!$B$3)),1))&MID(SUBSTITUTE(SUBSTITUTE(SUBSTITUTE($B$5,"{a}",$A21),"{b}",G$8),"{entity}",LOWER(Entity!$B$3)),2,300)) | H21: =IF(OR($A21="",H$8=""),"",UPPER(LEFT(SUBSTITUTE(SUBSTITUTE(SUBSTITUTE($B$5,"{a}",$A21),"{b}",H$8),"{entity}",LOWER(Entity!$B$3)),1))&MID(SUBSTITUTE(SUBSTITUTE(SUBSTITUTE($B$5,"{a}",$A21),"{b}",H$8),"{entity}",LOWER(Entity!$B$3)),2,300)) | I21: =IF(OR($A21="",I$8=""),"",UPPER(LEFT(SUBSTITUTE(SUBSTITUTE(SUBSTITUTE($B$5,"{a}",$A21),"{b}",I$8),"{entity}",LOWER(Entity!$B$3)),1))&MID(SUBSTITUTE(SUBSTITUTE(SUBSTITUTE($B$5,"{a}",$A21),"{b}",I$8),"{entity}",LOWER(Entity!$B$3)),2,300)) | ... K21: =IF(OR($A21="",K$8=""),"",UPPER(LEFT(SUBSTITUTE(SUBSTITUTE(SUBSTITUTE($B$5,"{a}",$A21),"{b}",K$8),"{entity}",LOWER(Entity!$B$3)),1))&MID(SUBSTITUTE(SUBSTITUTE(SUBSTITUTE($B$5,"{a}",$A21),"{b}",K$8),"{entity}",LOWER(Entity!$B$3)),2,300))
A22: =IFERROR(INDEX(Values!$B$3:$B$502,MATCH($B$3&"|"&14,Values!$L$3:$L$502,0)),"") | B22: =IF(OR($A22="",B$8=""),"",UPPER(LEFT(SUBSTITUTE(SUBSTITUTE(SUBSTITUTE($B$5,"{a}",$A22),"{b}",B$8),"{entity}",LOWER(Entity!$B$3)),1))&MID(SUBSTITUTE(SUBSTITUTE(SUBSTITUTE($B$5,"{a}",$A22),"{b}",B$8),"{entity}",LOWER(Entity!$B$3)),2,300)) | C22: =IF(OR($A22="",C$8=""),"",UPPER(LEFT(SUBSTITUTE(SUBSTITUTE(SUBSTITUTE($B$5,"{a}",$A22),"{b}",C$8),"{entity}",LOWER(Entity!$B$3)),1))&MID(SUBSTITUTE(SUBSTITUTE(SUBSTITUTE($B$5,"{a}",$A22),"{b}",C$8),"{entity}",LOWER(Entity!$B$3)),2,300)) | D22: =IF(OR($A22="",D$8=""),"",UPPER(LEFT(SUBSTITUTE(SUBSTITUTE(SUBSTITUTE($B$5,"{a}",$A22),"{b}",D$8),"{entity}",LOWER(Entity!$B$3)),1))&MID(SUBSTITUTE(SUBSTITUTE(SUBSTITUTE($B$5,"{a}",$A22),"{b}",D$8),"{entity}",LOWER(Entity!$B$3)),2,300)) | E22: =IF(OR($A22="",E$8=""),"",UPPER(LEFT(SUBSTITUTE(SUBSTITUTE(SUBSTITUTE($B$5,"{a}",$A22),"{b}",E$8),"{entity}",LOWER(Entity!$B$3)),1))&MID(SUBSTITUTE(SUBSTITUTE(SUBSTITUTE($B$5,"{a}",$A22),"{b}",E$8),"{entity}",LOWER(Entity!$B$3)),2,300)) | F22: =IF(OR($A22="",F$8=""),"",UPPER(LEFT(SUBSTITUTE(SUBSTITUTE(SUBSTITUTE($B$5,"{a}",$A22),"{b}",F$8),"{entity}",LOWER(Entity!$B$3)),1))&MID(SUBSTITUTE(SUBSTITUTE(SUBSTITUTE($B$5,"{a}",$A22),"{b}",F$8),"{entity}",LOWER(Entity!$B$3)),2,300)) | G22: =IF(OR($A22="",G$8=""),"",UPPER(LEFT(SUBSTITUTE(SUBSTITUTE(SUBSTITUTE($B$5,"{a}",$A22),"{b}",G$8),"{entity}",LOWER(Entity!$B$3)),1))&MID(SUBSTITUTE(SUBSTITUTE(SUBSTITUTE($B$5,"{a}",$A22),"{b}",G$8),"{entity}",LOWER(Entity!$B$3)),2,300)) | H22: =IF(OR($A22="",H$8=""),"",UPPER(LEFT(SUBSTITUTE(SUBSTITUTE(SUBSTITUTE($B$5,"{a}",$A22),"{b}",H$8),"{entity}",LOWER(Entity!$B$3)),1))&MID(SUBSTITUTE(SUBSTITUTE(SUBSTITUTE($B$5,"{a}",$A22),"{b}",H$8),"{entity}",LOWER(Entity!$B$3)),2,300)) | I22: =IF(OR($A22="",I$8=""),"",UPPER(LEFT(SUBSTITUTE(SUBSTITUTE(SUBSTITUTE($B$5,"{a}",$A22),"{b}",I$8),"{entity}",LOWER(Entity!$B$3)),1))&MID(SUBSTITUTE(SUBSTITUTE(SUBSTITUTE($B$5,"{a}",$A22),"{b}",I$8),"{entity}",LOWER(Entity!$B$3)),2,300)) | ... K22: =IF(OR($A22="",K$8=""),"",UPPER(LEFT(SUBSTITUTE(SUBSTITUTE(SUBSTITUTE($B$5,"{a}",$A22),"{b}",K$8),"{entity}",LOWER(Entity!$B$3)),1))&MID(SUBSTITUTE(SUBSTITUTE(SUBSTITUTE($B$5,"{a}",$A22),"{b}",K$8),"{entity}",LOWER(Entity!$B$3)),2,300))
A23: =IFERROR(INDEX(Values!$B$3:$B$502,MATCH($B$3&"|"&15,Values!$L$3:$L$502,0)),"") | B23: =IF(OR($A23="",B$8=""),"",UPPER(LEFT(SUBSTITUTE(SUBSTITUTE(SUBSTITUTE($B$5,"{a}",$A23),"{b}",B$8),"{entity}",LOWER(Entity!$B$3)),1))&MID(SUBSTITUTE(SUBSTITUTE(SUBSTITUTE($B$5,"{a}",$A23),"{b}",B$8),"{entity}",LOWER(Entity!$B$3)),2,300)) | C23: =IF(OR($A23="",C$8=""),"",UPPER(LEFT(SUBSTITUTE(SUBSTITUTE(SUBSTITUTE($B$5,"{a}",$A23),"{b}",C$8),"{entity}",LOWER(Entity!$B$3)),1))&MID(SUBSTITUTE(SUBSTITUTE(SUBSTITUTE($B$5,"{a}",$A23),"{b}",C$8),"{entity}",LOWER(Entity!$B$3)),2,300)) | D23: =IF(OR($A23="",D$8=""),"",UPPER(LEFT(SUBSTITUTE(SUBSTITUTE(SUBSTITUTE($B$5,"{a}",$A23),"{b}",D$8),"{entity}",LOWER(Entity!$B$3)),1))&MID(SUBSTITUTE(SUBSTITUTE(SUBSTITUTE($B$5,"{a}",$A23),"{b}",D$8),"{entity}",LOWER(Entity!$B$3)),2,300)) | E23: =IF(OR($A23="",E$8=""),"",UPPER(LEFT(SUBSTITUTE(SUBSTITUTE(SUBSTITUTE($B$5,"{a}",$A23),"{b}",E$8),"{entity}",LOWER(Entity!$B$3)),1))&MID(SUBSTITUTE(SUBSTITUTE(SUBSTITUTE($B$5,"{a}",$A23),"{b}",E$8),"{entity}",LOWER(Entity!$B$3)),2,300)) | F23: =IF(OR($A23="",F$8=""),"",UPPER(LEFT(SUBSTITUTE(SUBSTITUTE(SUBSTITUTE($B$5,"{a}",$A23),"{b}",F$8),"{entity}",LOWER(Entity!$B$3)),1))&MID(SUBSTITUTE(SUBSTITUTE(SUBSTITUTE($B$5,"{a}",$A23),"{b}",F$8),"{entity}",LOWER(Entity!$B$3)),2,300)) | G23: =IF(OR($A23="",G$8=""),"",UPPER(LEFT(SUBSTITUTE(SUBSTITUTE(SUBSTITUTE($B$5,"{a}",$A23),"{b}",G$8),"{entity}",LOWER(Entity!$B$3)),1))&MID(SUBSTITUTE(SUBSTITUTE(SUBSTITUTE($B$5,"{a}",$A23),"{b}",G$8),"{entity}",LOWER(Entity!$B$3)),2,300)) | H23: =IF(OR($A23="",H$8=""),"",UPPER(LEFT(SUBSTITUTE(SUBSTITUTE(SUBSTITUTE($B$5,"{a}",$A23),"{b}",H$8),"{entity}",LOWER(Entity!$B$3)),1))&MID(SUBSTITUTE(SUBSTITUTE(SUBSTITUTE($B$5,"{a}",$A23),"{b}",H$8),"{entity}",LOWER(Entity!$B$3)),2,300)) | I23: =IF(OR($A23="",I$8=""),"",UPPER(LEFT(SUBSTITUTE(SUBSTITUTE(SUBSTITUTE($B$5,"{a}",$A23),"{b}",I$8),"{entity}",LOWER(Entity!$B$3)),1))&MID(SUBSTITUTE(SUBSTITUTE(SUBSTITUTE($B$5,"{a}",$A23),"{b}",I$8),"{entity}",LOWER(Entity!$B$3)),2,300)) | ... K23: =IF(OR($A23="",K$8=""),"",UPPER(LEFT(SUBSTITUTE(SUBSTITUTE(SUBSTITUTE($B$5,"{a}",$A23),"{b}",K$8),"{entity}",LOWER(Entity!$B$3)),1))&MID(SUBSTITUTE(SUBSTITUTE(SUBSTITUTE($B$5,"{a}",$A23),"{b}",K$8),"{entity}",LOWER(Entity!$B$3)),2,300))

Sheet Dashboard
A1: Topical map dashboard
A2: Coverage = kept values that already have a URL. Gaps are your content plan.
A3: Metric | B3: Value | D3: Attribute | E3: Included? | F3: Values kept | G3: Covered | H3: Gaps | I3: Coverage | J3: Check
A4: Central entity | B4: =Entity!$B$3 | D4: =IF(Attributes!A3="","",Attributes!A3) | E4: =IF(D4="","",Attributes!F3&"") | F4: =IF(D4="","",Attributes!L3) | G4: =IF(D4="","",Attributes!M3) | H4: =IF(D4="","",F4-G4) | I4: =IF(D4="","",Attributes!N3) | J4: =IF(D4="","",Attributes!O3&"")
A5: Attributes listed | B5: =SUMPRODUCT((LEN(Attributes!$A$3:$A$52)>0)*1) | D5: =IF(Attributes!A4="","",Attributes!A4) | E5: =IF(D5="","",Attributes!F4&"") | F5: =IF(D5="","",Attributes!L4) | G5: =IF(D5="","",Attributes!M4) | H5: =IF(D5="","",F5-G5) | I5: =IF(D5="","",Attributes!N4) | J5: =IF(D5="","",Attributes!O4&"")
A6: Attributes included | B6: =Entity!$B$14 | D6: =IF(Attributes!A5="","",Attributes!A5) | E6: =IF(D6="","",Attributes!F5&"") | F6: =IF(D6="","",Attributes!L5) | G6: =IF(D6="","",Attributes!M5) | H6: =IF(D6="","",F6-G6) | I6: =IF(D6="","",Attributes!N5) | J6: =IF(D6="","",Attributes!O5&"")
A7: Values listed | B7: =SUMPRODUCT((LEN(Values!$B$3:$B$502)>0)*1) | D7: =IF(Attributes!A6="","",Attributes!A6) | E7: =IF(D7="","",Attributes!F6&"") | F7: =IF(D7="","",Attributes!L6) | G7: =IF(D7="","",Attributes!M6) | H7: =IF(D7="","",F7-G7) | I7: =IF(D7="","",Attributes!N6) | J7: =IF(D7="","",Attributes!O6&"")
A8: Values kept on the map | B8: =Entity!$B$15 | D8: =IF(Attributes!A7="","",Attributes!A7) | E8: =IF(D8="","",Attributes!F7&"") | F8: =IF(D8="","",Attributes!L7) | G8: =IF(D8="","",Attributes!M7) | H8: =IF(D8="","",F8-G8) | I8: =IF(D8="","",Attributes!N7) | J8: =IF(D8="","",Attributes!O7&"")
A9: Rows on the topical map | B9: =Entity!$B$16 | D9: =IF(Attributes!A8="","",Attributes!A8) | E9: =IF(D9="","",Attributes!F8&"") | F9: =IF(D9="","",Attributes!L8) | G9: =IF(D9="","",Attributes!M8) | H9: =IF(D9="","",F9-G9) | I9: =IF(D9="","",Attributes!N8) | J9: =IF(D9="","",Attributes!O8&"")
A10: Covered (has a URL) | B10: =COUNTIF('Topical Map'!$M$3:$M$553,"Covered") | D10: =IF(Attributes!A9="","",Attributes!A9) | E10: =IF(D10="","",Attributes!F9&"") | F10: =IF(D10="","",Attributes!L9) | G10: =IF(D10="","",Attributes!M9) | H10: =IF(D10="","",F10-G10) | I10: =IF(D10="","",Attributes!N9) | J10: =IF(D10="","",Attributes!O9&"")
A11: Gaps (no URL yet) | B11: =COUNTIF('Topical Map'!$M$3:$M$553,"Gap") | D11: =IF(Attributes!A10="","",Attributes!A10) | E11: =IF(D11="","",Attributes!F10&"") | F11: =IF(D11="","",Attributes!L10) | G11: =IF(D11="","",Attributes!M10) | H11: =IF(D11="","",F11-G11) | I11: =IF(D11="","",Attributes!N10) | J11: =IF(D11="","",Attributes!O10&"")
A12: Coverage | B12: =IF(B10+B11=0,"",B10/(B10+B11)) | D12: =IF(Attributes!A11="","",Attributes!A11) | E12: =IF(D12="","",Attributes!F11&"") | F12: =IF(D12="","",Attributes!L11) | G12: =IF(D12="","",Attributes!M11) | H12: =IF(D12="","",F12-G12) | I12: =IF(D12="","",Attributes!N11) | J12: =IF(D12="","",Attributes!O11&"")
A13: Attribute checks to resolve | B13: =SUMPRODUCT((LEN(Attributes!$O$3:$O$52)>0)*1) | D13: =IF(Attributes!A12="","",Attributes!A12) | E13: =IF(D13="","",Attributes!F12&"") | F13: =IF(D13="","",Attributes!L12) | G13: =IF(D13="","",Attributes!M12) | H13: =IF(D13="","",F13-G13) | I13: =IF(D13="","",Attributes!N12) | J13: =IF(D13="","",Attributes!O12&"")
D14: =IF(Attributes!A13="","",Attributes!A13) | E14: =IF(D14="","",Attributes!F13&"") | F14: =IF(D14="","",Attributes!L13) | G14: =IF(D14="","",Attributes!M13) | H14: =IF(D14="","",F14-G14) | I14: =IF(D14="","",Attributes!N13) | J14: =IF(D14="","",Attributes!O13&"")
D15: =IF(Attributes!A14="","",Attributes!A14) | E15: =IF(D15="","",Attributes!F14&"") | F15: =IF(D15="","",Attributes!L14) | G15: =IF(D15="","",Attributes!M14) | H15: =IF(D15="","",F15-G15) | I15: =IF(D15="","",Attributes!N14) | J15: =IF(D15="","",Attributes!O14&"")
D16: =IF(Attributes!A15="","",Attributes!A15) | E16: =IF(D16="","",Attributes!F15&"") | F16: =IF(D16="","",Attributes!L15) | G16: =IF(D16="","",Attributes!M15) | H16: =IF(D16="","",F16-G16) | I16: =IF(D16="","",Attributes!N15) | J16: =IF(D16="","",Attributes!O15&"")
D17: =IF(Attributes!A16="","",Attributes!A16) | E17: =IF(D17="","",Attributes!F16&"") | F17: =IF(D17="","",Attributes!L16) | G17: =IF(D17="","",Attributes!M16) | H17: =IF(D17="","",F17-G17) | I17: =IF(D17="","",Attributes!N16) | J17: =IF(D17="","",Attributes!O16&"")
D18: =IF(Attributes!A17="","",Attributes!A17) | E18: =IF(D18="","",Attributes!F17&"") | F18: =IF(D18="","",Attributes!L17) | G18: =IF(D18="","",Attributes!M17) | H18: =IF(D18="","",F18-G18) | I18: =IF(D18="","",Attributes!N17) | J18: =IF(D18="","",Attributes!O17&"")
D19: =IF(Attributes!A18="","",Attributes!A18) | E19: =IF(D19="","",Attributes!F18&"") | F19: =IF(D19="","",Attributes!L18) | G19: =IF(D19="","",Attributes!M18) | H19: =IF(D19="","",F19-G19) | I19: =IF(D19="","",Attributes!N18) | J19: =IF(D19="","",Attributes!O18&"")
D20: =IF(Attributes!A19="","",Attributes!A19) | E20: =IF(D20="","",Attributes!F19&"") | F20: =IF(D20="","",Attributes!L19) | G20: =IF(D20="","",Attributes!M19) | H20: =IF(D20="","",F20-G20) | I20: =IF(D20="","",Attributes!N19) | J20: =IF(D20="","",Attributes!O19&"")
D21: =IF(Attributes!A20="","",Attributes!A20) | E21: =IF(D21="","",Attributes!F20&"") | F21: =IF(D21="","",Attributes!L20) | G21: =IF(D21="","",Attributes!M20) | H21: =IF(D21="","",F21-G21) | I21: =IF(D21="","",Attributes!N20) | J21: =IF(D21="","",Attributes!O20&"")
D22: =IF(Attributes!A21="","",Attributes!A21) | E22: =IF(D22="","",Attributes!F21&"") | F22: =IF(D22="","",Attributes!L21) | G22: =IF(D22="","",Attributes!M21) | H22: =IF(D22="","",F22-G22) | I22: =IF(D22="","",Attributes!N21) | J22: =IF(D22="","",Attributes!O21&"")
D23: =IF(Attributes!A22="","",Attributes!A22) | E23: =IF(D23="","",Attributes!F22&"") | F23: =IF(D23="","",Attributes!L22) | G23: =IF(D23="","",Attributes!M22) | H23: =IF(D23="","",F23-G23) | I23: =IF(D23="","",Attributes!N22) | J23: =IF(D23="","",Attributes!O22&"")
D24: =IF(Attributes!A23="","",Attributes!A23) | E24: =IF(D24="","",Attributes!F23&"") | F24: =IF(D24="","",Attributes!L23) | G24: =IF(D24="","",Attributes!M23) | H24: =IF(D24="","",F24-G24) | I24: =IF(D24="","",Attributes!N23) | J24: =IF(D24="","",Attributes!O23&"")
D25: =IF(Attributes!A24="","",Attributes!A24) | E25: =IF(D25="","",Attributes!F24&"") | F25: =IF(D25="","",Attributes!L24) | G25: =IF(D25="","",Attributes!M24) | H25: =IF(D25="","",F25-G25) | I25: =IF(D25="","",Attributes!N24) | J25: =IF(D25="","",Attributes!O24&"")
... D53: =IF(Attributes!A52="","",Attributes!A52) | E53: =IF(D53="","",Attributes!F52&"") | F53: =IF(D53="","",Attributes!L52) | G53: =IF(D53="","",Attributes!M52) | H53: =IF(D53="","",F53-G53) | I53: =IF(D53="","",Attributes!N52) | J53: =IF(D53="","",Attributes!O52&"")

Sheet Lists
A1: Lists used by dropdowns and formats
A2: Intent | B2: Suggested format for a supporting page
A3: Informational | B3: Guide or explainer
A4: Commercial | B4: Comparison or best-of list
A5: Transactional | B5: Category or product listing
A6: Navigational | B6: Landing page
